order_date,customer_name,product_name,quantity,unit_price,total_amount,region
2024-04-12,EY,CRM Software,8,4272,34176,Edinburgh
2025-09-06,Accenture,Analytics Dashboard,7,4926,34482,Birmingham
2024-03-28,HSBC,Data Warehouse,8,630,5040,Edinburgh
2024-12-09,TCS,Cloud Suite,5,1684,8420,Leeds
2024-11-09,Barclays,CRM Software,9,974,8766,Birmingham
2025-05-25,Accenture,Data Warehouse,3,2399,7197,Leeds
2025-05-19,PwC,CRM Software,3,1146,3438,Edinburgh
2024-06-15,KPMG,Data Warehouse,9,2863,25767,Manchester
2024-12-11,HSBC,Cloud Suite,4,1978,7912,Leeds
2025-05-23,Microsoft,Analytics Dashboard,1,2455,2455,Manchester
2025-01-22,KPMG,Cloud Suite,4,2000,8000,Manchester
2025-12-30,TCS,Cloud Suite,4,3842,15368,Leeds
2025-12-02,Microsoft,CRM Software,2,1378,2756,Edinburgh
2024-08-04,TCS,Data Warehouse,9,2562,23058,Edinburgh
2024-03-05,Amazon,AI Platform,8,2527,20216,Birmingham
2025-05-13,Deloitte,Analytics Dashboard,3,4974,14922,Edinburgh
2025-05-04,Google,Cloud Suite,9,3599,32391,London
2024-02-02,Google,CRM Software,3,3231,9693,Birmingham
2025-06-30,Deloitte,Analytics Dashboard,5,3190,15950,London
2024-01-05,Accenture,Analytics Dashboard,9,706,6354,Manchester
2025-07-07,TCS,CRM Software,3,1363,4089,London
2025-07-17,EY,CRM Software,7,2178,15246,Birmingham
2025-06-24,EY,CRM Software,7,2222,15554,Birmingham
2024-03-26,TCS,Cloud Suite,9,3560,32040,Leeds
2024-01-28,TCS,Data Warehouse,4,2481,9924,Birmingham
2025-10-01,Accenture,Data Warehouse,9,3802,34218,London
2025-01-19,Amazon,Analytics Dashboard,9,3175,28575,Edinburgh
2024-09-15,Google,Analytics Dashboard,9,4913,44217,Edinburgh
2024-08-12,PwC,Cloud Suite,8,2498,19984,Birmingham
2025-01-08,Microsoft,AI Platform,4,2353,9412,London
2025-03-17,EY,Data Warehouse,7,3957,27699,Birmingham
2024-04-22,HSBC,AI Platform,8,3652,29216,Birmingham
2024-04-22,KPMG,Cloud Suite,6,1354,8124,Edinburgh
2024-08-12,Deloitte,Analytics Dashboard,2,2207,4414,Manchester
2025-11-02,Barclays,Data Warehouse,7,702,4914,Birmingham
2025-02-04,Barclays,CRM Software,4,697,2788,Birmingham
2025-05-25,Deloitte,AI Platform,6,3011,18066,Edinburgh
2025-10-21,TCS,Analytics Dashboard,4,1869,7476,Birmingham
2025-05-25,PwC,Data Warehouse,7,2343,16401,London
2025-10-01,Google,Cloud Suite,8,2302,18416,Leeds
2025-04-17,KPMG,Cloud Suite,3,762,2286,Leeds
2024-05-23,Accenture,AI Platform,4,4143,16572,London
2024-01-02,Deloitte,Data Warehouse,5,3608,18040,Birmingham
2024-01-09,Amazon,Analytics Dashboard,3,2755,8265,Birmingham
2025-02-07,Microsoft,AI Platform,8,2148,17184,Leeds
2025-02-25,Microsoft,Data Warehouse,3,3683,11049,London
2024-04-08,Amazon,CRM Software,2,4933,9866,Manchester
2024-06-11,Amazon,Data Warehouse,1,4993,4993,Edinburgh
2025-05-18,Microsoft,Analytics Dashboard,1,3604,3604,Leeds
2025-04-14,Google,CRM Software,3,2985,8955,Birmingham
2024-01-27,KPMG,CRM Software,1,1459,1459,London
2025-03-28,TCS,CRM Software,3,3620,10860,London
2024-06-20,TCS,CRM Software,5,3065,15325,Birmingham
2024-02-06,Microsoft,CRM Software,1,801,801,Edinburgh
2025-08-29,PwC,Data Warehouse,1,1639,1639,Edinburgh
2024-06-09,PwC,Cloud Suite,9,1069,9621,Birmingham
2025-11-16,Microsoft,Cloud Suite,6,2186,13116,Manchester
2025-09-30,Infosys,Cloud Suite,2,4557,9114,London
2024-04-13,Deloitte,AI Platform,6,3306,19836,Manchester
2025-02-11,TCS,Cloud Suite,7,4631,32417,Edinburgh
2024-01-20,Deloitte,Data Warehouse,3,1666,4998,Leeds
2024-12-19,KPMG,Analytics Dashboard,9,4269,38421,Edinburgh
2024-05-29,Accenture,Cloud Suite,6,2215,13290,Manchester
2024-02-23,Infosys,Data Warehouse,5,3624,18120,Leeds
2025-09-11,HSBC,Data Warehouse,6,1376,8256,Leeds
2024-12-15,PwC,Data Warehouse,2,1135,2270,Manchester
2025-10-31,PwC,AI Platform,8,1330,10640,Birmingham
2025-08-26,Accenture,Cloud Suite,5,616,3080,London
2025-10-02,Accenture,Cloud Suite,1,3349,3349,London
2025-05-02,HSBC,AI Platform,7,1970,13790,Edinburgh
2024-09-03,PwC,Data Warehouse,3,3244,9732,Edinburgh
2024-08-07,HSBC,AI Platform,4,3459,13836,Manchester
2025-04-18,HSBC,Data Warehouse,1,2257,2257,Edinburgh
2024-01-23,Accenture,Cloud Suite,6,3349,20094,Leeds
2024-08-10,Accenture,Cloud Suite,3,2989,8967,London
2024-11-20,EY,Cloud Suite,1,1395,1395,Birmingham
2025-10-25,TCS,Cloud Suite,3,2927,8781,London
2025-11-21,Infosys,CRM Software,3,4413,13239,Birmingham
2025-07-09,TCS,Cloud Suite,3,1253,3759,Birmingham
2025-12-27,Deloitte,Cloud Suite,8,2125,17000,Manchester
2024-04-24,Amazon,Data Warehouse,5,2016,10080,Birmingham
2025-02-16,Microsoft,Data Warehouse,9,3848,34632,Edinburgh
2025-11-06,Accenture,CRM Software,9,3467,31203,Birmingham
2025-11-19,PwC,Data Warehouse,2,2643,5286,Edinburgh
2025-01-03,Google,CRM Software,7,3414,23898,London
2024-09-29,Deloitte,Data Warehouse,9,1865,16785,Edinburgh
2025-11-29,PwC,AI Platform,4,895,3580,Edinburgh
2024-08-20,PwC,Data Warehouse,9,3002,27018,Leeds
2025-12-18,EY,Analytics Dashboard,5,3640,18200,Birmingham
2025-01-30,Amazon,Data Warehouse,5,4136,20680,London
2024-02-08,HSBC,Cloud Suite,7,3794,26558,Manchester
2024-05-12,PwC,CRM Software,2,1453,2906,Leeds
2024-09-09,Barclays,CRM Software,8,3493,27944,Birmingham
2025-09-25,KPMG,CRM Software,5,2886,14430,Edinburgh
2024-12-07,EY,AI Platform,7,4812,33684,Edinburgh
2024-05-11,EY,Data Warehouse,3,3423,10269,Birmingham
2025-12-14,Accenture,Analytics Dashboard,7,4022,28154,Edinburgh
2025-10-14,KPMG,Data Warehouse,4,955,3820,Edinburgh
2024-12-26,Google,AI Platform,3,2496,7488,Leeds
2024-07-08,Amazon,Data Warehouse,1,1323,1323,London
2024-04-26,Barclays,Cloud Suite,5,4675,23375,Edinburgh
2024-07-21,TCS,CRM Software,4,1750,7000,Birmingham
2025-06-15,Amazon,Cloud Suite,9,3876,34884,London
2025-01-07,Barclays,Analytics Dashboard,7,1853,12971,Leeds
2025-02-11,TCS,CRM Software,8,1645,13160,Leeds
2025-11-06,Accenture,Cloud Suite,2,1039,2078,Leeds
2024-02-10,EY,Analytics Dashboard,6,3008,18048,Leeds
2025-07-11,PwC,CRM Software,6,755,4530,Edinburgh
2025-03-25,Accenture,Cloud Suite,5,1515,7575,London
2025-01-08,Deloitte,Cloud Suite,1,4658,4658,London
2025-11-19,Deloitte,Cloud Suite,9,1010,9090,London
2025-02-08,Google,Data Warehouse,1,3256,3256,Edinburgh
2025-03-12,Google,CRM Software,5,3224,16120,Manchester
2025-04-02,PwC,AI Platform,5,2548,12740,Birmingham
2025-11-15,EY,AI Platform,1,2323,2323,Manchester
2024-12-13,Microsoft,Cloud Suite,2,2665,5330,Birmingham
2024-11-01,TCS,AI Platform,6,735,4410,Edinburgh
2025-02-04,Google,CRM Software,5,4481,22405,Manchester
2024-03-15,PwC,Data Warehouse,2,1829,3658,Manchester
2024-11-30,Infosys,Analytics Dashboard,2,1831,3662,London
2024-06-14,Deloitte,Data Warehouse,7,3677,25739,Birmingham
2024-03-21,HSBC,CRM Software,4,637,2548,London
2024-11-25,Deloitte,Data Warehouse,4,3531,14124,Edinburgh
2025-06-29,Barclays,CRM Software,2,4800,9600,Birmingham
2024-02-12,Infosys,Analytics Dashboard,9,3945,35505,Leeds
2024-12-25,EY,AI Platform,3,2387,7161,Birmingham
2025-10-28,KPMG,CRM Software,3,4400,13200,Edinburgh
2025-05-27,HSBC,AI Platform,2,2468,4936,Manchester
2024-03-13,Accenture,AI Platform,9,2761,24849,Birmingham
2024-02-17,Deloitte,Cloud Suite,4,2555,10220,London
2024-09-09,EY,Cloud Suite,7,2625,18375,Manchester
2024-12-30,Accenture,Analytics Dashboard,8,2146,17168,Birmingham
2025-05-22,KPMG,Cloud Suite,6,2406,14436,London
2025-09-22,HSBC,Data Warehouse,7,2476,17332,London
2024-08-18,Barclays,Cloud Suite,9,4096,36864,Leeds
2024-01-25,EY,Cloud Suite,3,732,2196,Edinburgh
2024-05-25,EY,Cloud Suite,8,4507,36056,London
2025-08-17,Accenture,AI Platform,5,3239,16195,Manchester
2024-11-15,KPMG,Analytics Dashboard,8,2862,22896,Edinburgh
2025-01-11,Deloitte,CRM Software,6,2824,16944,Leeds
2024-12-15,Infosys,AI Platform,7,742,5194,Edinburgh
2025-07-01,Microsoft,Cloud Suite,4,4670,18680,Leeds
2025-10-07,Barclays,AI Platform,8,4789,38312,Birmingham
2025-01-26,Accenture,Analytics Dashboard,5,1641,8205,Leeds
2025-12-24,Deloitte,Data Warehouse,1,2548,2548,Manchester
2025-10-15,Barclays,CRM Software,4,2526,10104,Birmingham
2025-11-03,Barclays,Cloud Suite,8,509,4072,Edinburgh
2025-10-11,TCS,Cloud Suite,8,4213,33704,Leeds
2024-11-16,HSBC,AI Platform,1,3324,3324,Birmingham
2025-07-03,Google,Analytics Dashboard,1,2104,2104,Leeds
2024-08-23,KPMG,CRM Software,8,4030,32240,London
2025-08-10,PwC,Analytics Dashboard,1,3891,3891,Leeds
2024-12-14,Microsoft,Analytics Dashboard,9,1752,15768,Leeds
2024-10-17,HSBC,CRM Software,5,3398,16990,Birmingham
2024-03-18,Accenture,Data Warehouse,9,1565,14085,London
2025-02-05,Microsoft,Analytics Dashboard,6,2690,16140,London
2025-10-26,Deloitte,AI Platform,7,4533,31731,Edinburgh
2025-09-07,Microsoft,Analytics Dashboard,7,2470,17290,Birmingham
2025-01-25,PwC,Cloud Suite,4,2535,10140,Birmingham
2025-02-23,Barclays,AI Platform,1,3568,3568,Edinburgh
2025-02-14,Google,AI Platform,4,3145,12580,Manchester
2025-06-05,HSBC,Analytics Dashboard,1,3353,3353,Edinburgh
2024-06-07,EY,CRM Software,8,3728,29824,Edinburgh
2024-06-05,EY,Data Warehouse,2,594,1188,Birmingham
2024-10-18,Accenture,Analytics Dashboard,5,4606,23030,Manchester
2025-07-03,Barclays,Cloud Suite,8,3505,28040,Manchester
2025-09-14,Microsoft,Data Warehouse,4,3435,13740,Edinburgh
2024-05-06,Accenture,AI Platform,9,4646,41814,Edinburgh
2025-04-06,Microsoft,AI Platform,6,2292,13752,Edinburgh
2025-02-08,Accenture,Data Warehouse,6,3530,21180,London
2024-01-01,Barclays,Analytics Dashboard,8,3208,25664,London
2024-11-04,Amazon,Cloud Suite,4,4712,18848,Manchester
2025-07-28,EY,AI Platform,6,885,5310,Manchester
2025-04-19,KPMG,Analytics Dashboard,1,1454,1454,Leeds
2024-06-27,Barclays,AI Platform,7,4072,28504,London
2024-06-25,Infosys,Cloud Suite,2,3620,7240,London
2024-03-24,Amazon,AI Platform,4,4201,16804,Leeds
2024-03-03,Microsoft,AI Platform,7,2292,16044,Edinburgh
2024-08-02,PwC,Analytics Dashboard,8,1222,9776,Edinburgh
2024-10-31,Microsoft,Analytics Dashboard,2,1268,2536,Birmingham
2024-06-23,KPMG,Cloud Suite,6,2661,15966,Birmingham
2025-10-05,Deloitte,CRM Software,7,1981,13867,Birmingham
2024-06-10,TCS,AI Platform,7,554,3878,Leeds
2024-06-26,Google,CRM Software,8,1332,10656,London
2025-03-18,Microsoft,AI Platform,5,4175,20875,Manchester
2024-04-05,Microsoft,Analytics Dashboard,4,664,2656,Edinburgh
2024-01-07,Accenture,AI Platform,7,3656,25592,Birmingham
2025-09-15,PwC,Data Warehouse,2,1013,2026,London
2025-12-09,EY,Analytics Dashboard,2,3690,7380,Leeds
2025-06-15,HSBC,CRM Software,6,1779,10674,London
2024-08-13,HSBC,Data Warehouse,3,4077,12231,Leeds
2024-10-06,Deloitte,Cloud Suite,8,2606,20848,London
2024-04-24,Deloitte,AI Platform,8,4533,36264,Edinburgh
2024-10-07,Google,AI Platform,6,1801,10806,Birmingham
2025-05-08,EY,Cloud Suite,2,4298,8596,Edinburgh
2024-03-15,Barclays,Cloud Suite,5,2589,12945,Leeds
2024-02-10,Barclays,Cloud Suite,1,2122,2122,Edinburgh
2024-12-07,HSBC,Analytics Dashboard,9,1145,10305,Birmingham
2024-06-16,KPMG,Data Warehouse,9,954,8586,Manchester
2025-11-15,Deloitte,Cloud Suite,5,3181,15905,Manchester
2024-12-28,Deloitte,Analytics Dashboard,5,3863,19315,Birmingham
2024-01-29,HSBC,Analytics Dashboard,8,2558,20464,Leeds
2024-04-22,Infosys,Analytics Dashboard,6,4693,28158,Edinburgh
2024-11-07,Deloitte,Cloud Suite,4,1250,5000,Leeds
2025-04-11,PwC,Data Warehouse,1,4960,4960,Birmingham
2025-04-26,Amazon,Cloud Suite,2,2024,4048,London
2025-12-13,Microsoft,AI Platform,1,1740,1740,Edinburgh
2025-09-07,Accenture,AI Platform,7,4726,33082,Manchester
2024-08-16,TCS,Data Warehouse,3,4049,12147,Manchester
2025-06-07,PwC,CRM Software,1,3504,3504,London
2024-11-25,Amazon,AI Platform,8,838,6704,Edinburgh
2024-03-21,Google,CRM Software,6,1209,7254,London
2025-04-10,Amazon,Data Warehouse,9,546,4914,Manchester
2024-01-16,Google,AI Platform,7,3657,25599,Manchester
2025-01-25,HSBC,AI Platform,3,2021,6063,Birmingham
2025-12-27,KPMG,Data Warehouse,7,3542,24794,Manchester
2025-03-18,Accenture,AI Platform,8,3167,25336,Leeds
2024-04-07,PwC,CRM Software,8,4778,38224,Leeds
2024-02-08,Microsoft,AI Platform,4,1420,5680,Edinburgh
2025-12-22,Deloitte,CRM Software,2,810,1620,Birmingham
2024-06-18,KPMG,Analytics Dashboard,7,2304,16128,Edinburgh
2024-09-30,PwC,Analytics Dashboard,7,1313,9191,Leeds
2024-01-29,Deloitte,CRM Software,5,771,3855,Leeds
2024-08-26,Amazon,Cloud Suite,9,3930,35370,Leeds
2025-01-23,Deloitte,AI Platform,3,4000,12000,Manchester
2024-11-19,KPMG,CRM Software,9,931,8379,London
2025-08-07,Deloitte,AI Platform,8,1463,11704,Leeds
2024-07-05,Accenture,CRM Software,5,1438,7190,Leeds
2025-12-10,Google,Analytics Dashboard,2,1384,2768,Birmingham
2025-05-07,Accenture,Analytics Dashboard,2,1324,2648,Manchester
2025-05-20,PwC,CRM Software,5,553,2765,London
2025-06-04,PwC,Data Warehouse,1,2096,2096,Birmingham
2025-05-04,PwC,Cloud Suite,2,2609,5218,London
2024-08-03,PwC,Analytics Dashboard,6,1392,8352,London
2024-11-24,EY,CRM Software,2,1790,3580,London
2024-11-18,Infosys,Data Warehouse,9,1718,15462,London
2024-11-27,Accenture,AI Platform,8,2060,16480,Edinburgh
2025-01-29,Infosys,Cloud Suite,8,1474,11792,Birmingham
2024-06-24,Accenture,Cloud Suite,6,536,3216,Leeds
2025-11-18,TCS,CRM Software,1,3611,3611,Edinburgh
2024-08-11,PwC,Cloud Suite,3,2091,6273,Manchester
2024-02-09,Infosys,CRM Software,1,1785,1785,Birmingham
2024-12-01,Microsoft,Data Warehouse,1,2204,2204,Edinburgh
2024-12-28,Amazon,CRM Software,4,4786,19144,Birmingham
2025-02-25,TCS,CRM Software,9,3219,28971,Birmingham
2025-03-12,Google,Cloud Suite,4,3829,15316,Edinburgh
2025-06-07,Google,Cloud Suite,1,2564,2564,Manchester
2025-11-30,Microsoft,CRM Software,3,1507,4521,Birmingham
2025-02-17,Google,Cloud Suite,9,1747,15723,Manchester
2025-02-15,TCS,CRM Software,6,2387,14322,Leeds
2024-08-29,EY,Analytics Dashboard,1,1417,1417,London
2025-12-05,Barclays,Cloud Suite,8,2853,22824,Edinburgh
2025-12-16,EY,Analytics Dashboard,3,2928,8784,Leeds
2024-01-07,Infosys,AI Platform,6,4499,26994,Birmingham
2025-04-03,Accenture,Cloud Suite,2,1953,3906,Manchester
2024-10-11,EY,AI Platform,3,538,1614,Edinburgh
2024-06-05,Infosys,Data Warehouse,2,3655,7310,Birmingham
2025-06-22,PwC,AI Platform,8,1488,11904,Edinburgh
2024-10-29,HSBC,Analytics Dashboard,4,2182,8728,London
2025-03-28,PwC,Analytics Dashboard,1,4463,4463,Manchester
2024-06-11,Deloitte,AI Platform,8,2309,18472,Leeds
2024-07-26,Infosys,Data Warehouse,9,4176,37584,Edinburgh
2025-06-03,Infosys,Cloud Suite,4,4944,19776,Leeds
2025-11-23,Microsoft,Data Warehouse,3,1026,3078,London
2024-07-24,Google,AI Platform,4,2263,9052,London
2025-11-08,Amazon,Data Warehouse,6,616,3696,Manchester
2024-12-09,Microsoft,Analytics Dashboard,1,4667,4667,Edinburgh
2024-09-30,KPMG,Analytics Dashboard,9,2543,22887,London
2025-01-26,Infosys,Analytics Dashboard,8,2076,16608,London
2025-08-10,Amazon,Data Warehouse,4,3220,12880,Manchester
2024-08-29,TCS,AI Platform,2,3348,6696,London
2025-08-11,EY,Cloud Suite,6,3674,22044,Manchester
2024-06-14,Google,Cloud Suite,2,4738,9476,Manchester
2024-04-15,Google,Data Warehouse,1,2395,2395,Birmingham
2024-11-12,PwC,Analytics Dashboard,6,2556,15336,London
2024-12-24,Amazon,Cloud Suite,8,4411,35288,Manchester
2024-11-13,EY,Analytics Dashboard,7,958,6706,Leeds
2024-07-26,EY,Cloud Suite,6,909,5454,Birmingham
2024-05-06,Amazon,Data Warehouse,2,2634,5268,Leeds
2025-06-20,PwC,Cloud Suite,3,4138,12414,Leeds
2025-11-15,Microsoft,CRM Software,7,2856,19992,Birmingham
2025-08-16,Barclays,Cloud Suite,3,1161,3483,Edinburgh
2024-12-17,Microsoft,AI Platform,3,3471,10413,Manchester
2024-02-04,Barclays,AI Platform,7,4388,30716,Edinburgh
2024-06-07,Accenture,CRM Software,8,903,7224,Edinburgh
2025-05-30,TCS,Data Warehouse,4,1455,5820,Manchester
2025-11-19,PwC,AI Platform,4,1773,7092,Edinburgh
2025-05-26,EY,Cloud Suite,2,3479,6958,Manchester
2025-01-05,Accenture,CRM Software,3,1029,3087,Edinburgh
2025-06-03,EY,Cloud Suite,2,874,1748,Edinburgh
2025-07-06,Barclays,Data Warehouse,8,2778,22224,London
2024-03-24,KPMG,AI Platform,9,2540,22860,Leeds
2024-03-06,PwC,CRM Software,5,2546,12730,London
2025-02-27,TCS,Data Warehouse,7,3874,27118,Birmingham
2024-01-10,PwC,Cloud Suite,9,1780,16020,Edinburgh
2024-10-02,Microsoft,Analytics Dashboard,1,2860,2860,Leeds
2024-10-10,Amazon,Analytics Dashboard,5,3234,16170,Edinburgh
2024-07-22,HSBC,AI Platform,1,2155,2155,Leeds
2024-06-04,Barclays,Data Warehouse,4,4453,17812,Manchester
2025-05-25,HSBC,Data Warehouse,1,1558,1558,Edinburgh
2024-02-28,HSBC,AI Platform,1,1729,1729,Leeds
2025-05-04,EY,CRM Software,2,1739,3478,Birmingham
2024-05-05,KPMG,AI Platform,2,4368,8736,London
2024-02-08,Microsoft,Analytics Dashboard,2,1418,2836,Leeds
2024-10-20,EY,CRM Software,4,2469,9876,Manchester
2025-01-09,Microsoft,Cloud Suite,5,628,3140,Edinburgh
2024-12-17,Barclays,CRM Software,6,1698,10188,Manchester
2024-07-11,Google,Cloud Suite,2,4549,9098,London
2025-06-21,Microsoft,AI Platform,8,4940,39520,Leeds
2024-01-01,PwC,CRM Software,5,2908,14540,Manchester
2024-08-07,KPMG,Cloud Suite,6,1074,6444,London
2024-06-09,Amazon,AI Platform,9,4328,38952,Edinburgh
2024-06-07,Amazon,Analytics Dashboard,4,4181,16724,Edinburgh
2024-04-11,EY,Analytics Dashboard,6,4053,24318,Manchester
2025-01-31,Amazon,Analytics Dashboard,1,1867,1867,London
2025-12-25,Deloitte,Data Warehouse,7,2690,18830,Edinburgh
2025-08-27,Amazon,AI Platform,1,1235,1235,London
2024-10-17,TCS,Cloud Suite,3,3515,10545,Manchester
2024-01-03,HSBC,Cloud Suite,8,3363,26904,Manchester
2025-03-29,TCS,CRM Software,9,511,4599,Edinburgh
2024-10-30,HSBC,Data Warehouse,4,3330,13320,Birmingham
2024-12-08,Barclays,Cloud Suite,5,906,4530,Birmingham
2024-12-01,HSBC,Data Warehouse,9,1214,10926,Birmingham
2024-11-19,HSBC,CRM Software,6,1463,8778,Edinburgh
2025-07-17,Infosys,CRM Software,3,605,1815,Leeds
2025-10-31,KPMG,Cloud Suite,1,3136,3136,Leeds
2024-03-30,Amazon,Analytics Dashboard,7,3679,25753,Manchester
2024-02-08,Google,AI Platform,8,535,4280,Leeds
2025-03-27,Barclays,AI Platform,8,2208,17664,Manchester
2025-07-12,Infosys,CRM Software,7,1800,12600,Leeds
2024-01-26,Amazon,Cloud Suite,8,2925,23400,London
2025-09-28,Accenture,AI Platform,5,4645,23225,Birmingham
2025-09-03,TCS,Cloud Suite,9,645,5805,Birmingham
2025-11-06,Accenture,AI Platform,7,2084,14588,Birmingham
2024-04-17,KPMG,AI Platform,7,1161,8127,Edinburgh
2025-10-16,PwC,Data Warehouse,7,2046,14322,Manchester
2025-08-12,Amazon,AI Platform,2,1843,3686,Birmingham
2024-09-19,HSBC,Cloud Suite,3,2077,6231,Edinburgh
2024-06-15,Amazon,AI Platform,7,3851,26957,Leeds
2024-10-28,PwC,Data Warehouse,6,3101,18606,Edinburgh
2024-02-05,Microsoft,CRM Software,1,572,572,London
2024-03-10,Amazon,Data Warehouse,1,4213,4213,Leeds
2025-05-31,TCS,Analytics Dashboard,5,3323,16615,Manchester
2024-03-07,Barclays,Data Warehouse,3,841,2523,Manchester
2025-12-27,TCS,Cloud Suite,6,1732,10392,Birmingham
2024-12-19,Google,Data Warehouse,8,1161,9288,Leeds
2025-03-17,EY,CRM Software,9,4906,44154,Manchester
2025-03-21,Amazon,Data Warehouse,1,2431,2431,Leeds
2025-05-29,Google,Data Warehouse,3,2040,6120,Leeds
2024-09-04,TCS,AI Platform,9,785,7065,Edinburgh
2024-03-24,Barclays,Cloud Suite,8,2266,18128,London
2025-04-04,Barclays,Data Warehouse,2,3056,6112,Leeds
2025-04-25,Google,Cloud Suite,2,2908,5816,Edinburgh
2025-03-24,Infosys,Analytics Dashboard,4,2225,8900,Manchester
2024-07-14,KPMG,Analytics Dashboard,6,2690,16140,Leeds
2024-04-10,EY,Cloud Suite,1,4637,4637,Manchester
2025-03-04,PwC,Cloud Suite,6,3638,21828,Leeds
2025-06-09,Amazon,CRM Software,3,4725,14175,Birmingham
2025-04-10,EY,Cloud Suite,9,2485,22365,London
2024-09-09,Barclays,AI Platform,4,594,2376,London
2024-04-19,Barclays,CRM Software,4,3446,13784,Birmingham
2024-01-25,HSBC,Cloud Suite,8,3464,27712,Manchester
2025-06-20,EY,CRM Software,4,3536,14144,Leeds
2025-03-22,Barclays,CRM Software,2,3210,6420,Birmingham
2024-10-13,PwC,CRM Software,3,2453,7359,Manchester
2024-12-10,KPMG,Analytics Dashboard,2,2450,4900,London
2024-03-23,Amazon,Analytics Dashboard,5,1679,8395,Birmingham
2024-09-19,TCS,AI Platform,4,2138,8552,London
2024-04-10,Google,Data Warehouse,4,3792,15168,Leeds
2025-02-23,TCS,Cloud Suite,5,1267,6335,Edinburgh
2025-04-27,Google,Analytics Dashboard,6,2049,12294,Edinburgh
2025-08-20,HSBC,Cloud Suite,5,2793,13965,Edinburgh
2025-10-11,Google,Cloud Suite,8,1400,11200,London
2024-01-13,HSBC,Cloud Suite,2,2885,5770,Edinburgh
2024-06-21,EY,AI Platform,3,2942,8826,Edinburgh
2024-11-03,Google,CRM Software,4,1045,4180,Leeds
2025-09-15,TCS,Cloud Suite,8,4304,34432,Leeds
2025-02-25,Accenture,CRM Software,1,4700,4700,London
2024-04-29,Amazon,AI Platform,1,1071,1071,Edinburgh
2024-04-06,Accenture,Cloud Suite,8,1288,10304,Leeds
2025-12-15,Google,Cloud Suite,8,4526,36208,London
2024-03-19,Deloitte,Data Warehouse,7,1355,9485,Edinburgh
2025-04-11,HSBC,Data Warehouse,1,2648,2648,Edinburgh
2024-07-18,Amazon,Analytics Dashboard,1,4006,4006,Birmingham
2025-10-25,Deloitte,CRM Software,4,4827,19308,Manchester
2024-12-31,EY,Analytics Dashboard,4,4994,19976,Birmingham
2025-01-25,PwC,Data Warehouse,3,4062,12186,Manchester
2024-09-17,HSBC,Cloud Suite,6,4194,25164,Leeds
2024-12-02,Microsoft,AI Platform,9,3509,31581,Manchester
2025-07-14,EY,Data Warehouse,9,2716,24444,London
2025-01-12,Google,Cloud Suite,5,4247,21235,Leeds
2025-05-02,KPMG,CRM Software,5,4483,22415,Leeds
2024-08-13,Infosys,Cloud Suite,1,1435,1435,Manchester
2024-07-01,Amazon,AI Platform,8,4197,33576,Leeds
2025-02-17,EY,CRM Software,3,1185,3555,London
2024-05-01,Google,AI Platform,9,3490,31410,Manchester
2024-05-28,HSBC,Data Warehouse,6,1161,6966,Birmingham
2024-12-10,Barclays,Data Warehouse,2,4808,9616,Leeds
2024-10-09,KPMG,Analytics Dashboard,7,4683,32781,Leeds
2025-04-05,Barclays,Analytics Dashboard,5,2224,11120,London
2025-11-26,PwC,Analytics Dashboard,7,2960,20720,Leeds
2025-01-01,Amazon,CRM Software,8,861,6888,Manchester
2025-10-17,Microsoft,AI Platform,5,1014,5070,London
2024-04-13,PwC,Cloud Suite,2,4062,8124,London
2024-01-10,HSBC,Analytics Dashboard,2,2659,5318,Edinburgh
2025-01-27,EY,Data Warehouse,6,2781,16686,Manchester
2024-11-09,Barclays,Data Warehouse,1,1537,1537,London
2025-02-21,HSBC,AI Platform,4,3134,12536,Birmingham
2024-03-10,Microsoft,Analytics Dashboard,5,1197,5985,Leeds
2025-09-14,EY,Data Warehouse,8,1513,12104,Birmingham
2024-06-02,HSBC,CRM Software,6,2523,15138,Edinburgh
2024-07-20,Barclays,Data Warehouse,9,2820,25380,Leeds
2024-08-08,PwC,CRM Software,7,3447,24129,Manchester
2025-10-31,KPMG,Analytics Dashboard,3,4388,13164,Birmingham
2025-02-09,Microsoft,CRM Software,6,3474,20844,Leeds
2025-12-04,PwC,CRM Software,4,4778,19112,London
2024-07-01,Deloitte,Cloud Suite,4,1636,6544,Birmingham
2025-04-20,Infosys,Analytics Dashboard,9,1519,13671,Edinburgh
2024-06-09,Deloitte,Data Warehouse,4,2510,10040,Leeds
2024-03-15,Google,AI Platform,5,999,4995,Edinburgh
2024-05-17,KPMG,Analytics Dashboard,1,2385,2385,Edinburgh
2025-12-10,Deloitte,Analytics Dashboard,3,4486,13458,Manchester
2025-06-30,Accenture,Analytics Dashboard,5,2503,12515,London
2024-03-14,HSBC,Data Warehouse,6,2125,12750,Leeds
2025-09-29,Google,Cloud Suite,3,3339,10017,London
2025-09-03,Barclays,AI Platform,6,1185,7110,Leeds
2024-12-29,TCS,AI Platform,4,1931,7724,Leeds
2025-09-09,Barclays,Data Warehouse,7,662,4634,Leeds
2024-09-26,Microsoft,Cloud Suite,6,2514,15084,Manchester
2025-12-29,Barclays,Data Warehouse,9,2219,19971,Birmingham
2025-08-18,KPMG,Cloud Suite,9,1189,10701,London
2025-06-02,Barclays,Cloud Suite,8,1671,13368,Edinburgh
2025-03-01,Accenture,Data Warehouse,8,4760,38080,Manchester
2024-01-21,KPMG,CRM Software,3,4170,12510,Manchester
2024-10-31,PwC,Analytics Dashboard,9,4979,44811,Leeds
2025-03-20,Amazon,AI Platform,2,1394,2788,Manchester
2024-11-22,Barclays,AI Platform,1,2187,2187,Edinburgh
2025-07-26,KPMG,Data Warehouse,9,4169,37521,London
2025-06-12,KPMG,Cloud Suite,1,4088,4088,Manchester
2024-01-22,Amazon,Cloud Suite,2,3715,7430,Birmingham
2025-09-28,Google,Data Warehouse,8,1110,8880,Birmingham
2025-07-14,Google,CRM Software,4,1677,6708,Leeds
2024-08-01,Microsoft,CRM Software,6,3175,19050,Leeds
2025-01-15,Amazon,Cloud Suite,1,2613,2613,London
2024-09-10,PwC,Data Warehouse,1,2077,2077,Leeds
2024-08-14,Barclays,Data Warehouse,7,2926,20482,Manchester
2025-03-02,PwC,CRM Software,3,3051,9153,Leeds
2025-08-08,Microsoft,Data Warehouse,9,2711,24399,Edinburgh
2025-08-19,Microsoft,AI Platform,8,4025,32200,Leeds
2025-01-20,Google,Analytics Dashboard,3,782,2346,Manchester
2024-02-09,Barclays,AI Platform,1,1112,1112,Leeds
2025-11-18,Infosys,CRM Software,4,3513,14052,Birmingham
2025-06-27,Amazon,Data Warehouse,7,1074,7518,Edinburgh
2025-06-16,KPMG,Data Warehouse,6,2029,12174,Birmingham
2024-09-03,Infosys,CRM Software,9,2900,26100,Leeds
2025-10-27,HSBC,Analytics Dashboard,9,1895,17055,Manchester
2025-10-07,PwC,Data Warehouse,9,3490,31410,Leeds
2025-04-01,HSBC,Cloud Suite,6,1654,9924,Leeds
2025-04-20,Accenture,CRM Software,8,1741,13928,London
2025-11-05,EY,Cloud Suite,9,4933,44397,Manchester
2024-03-15,Amazon,AI Platform,5,2174,10870,Birmingham
2024-10-15,EY,CRM Software,2,1589,3178,Birmingham
2024-09-04,TCS,AI Platform,4,4719,18876,London
2025-10-01,PwC,Data Warehouse,9,1836,16524,Edinburgh
2024-10-28,EY,Data Warehouse,1,892,892,Birmingham
2024-07-25,KPMG,Analytics Dashboard,1,2954,2954,Birmingham
2025-08-25,KPMG,Data Warehouse,5,1339,6695,Birmingham
2025-10-20,Infosys,Data Warehouse,1,780,780,Manchester
2025-09-05,Google,AI Platform,3,3446,10338,Manchester
2024-10-01,Amazon,Data Warehouse,4,2720,10880,London
2025-09-27,Google,AI Platform,3,3490,10470,Leeds
2025-02-01,Microsoft,CRM Software,4,3012,12048,London
2024-11-15,Deloitte,Data Warehouse,9,2262,20358,London
2024-11-29,Amazon,Data Warehouse,4,1487,5948,Manchester
2025-09-28,Barclays,AI Platform,8,3698,29584,Edinburgh
2024-03-02,Deloitte,Data Warehouse,3,1278,3834,Manchester
2025-04-13,HSBC,CRM Software,4,4440,17760,Birmingham
2025-11-14,Deloitte,CRM Software,9,4016,36144,London
2024-11-19,PwC,AI Platform,2,1227,2454,London
2024-01-08,Google,Data Warehouse,6,4159,24954,London
2025-10-20,Accenture,Data Warehouse,6,2073,12438,Leeds
2025-05-19,PwC,Data Warehouse,7,1978,13846,Leeds
2025-06-23,EY,Data Warehouse,3,3401,10203,Leeds
2024-07-12,Microsoft,Cloud Suite,7,2292,16044,London
2025-12-22,Deloitte,CRM Software,6,1229,7374,Birmingham
2025-10-09,PwC,Data Warehouse,1,2640,2640,Edinburgh
2025-02-27,PwC,CRM Software,4,2596,10384,London
2024-07-08,Microsoft,Analytics Dashboard,4,840,3360,Edinburgh
2025-12-04,Accenture,Analytics Dashboard,6,2929,17574,London
2024-12-09,HSBC,AI Platform,9,1355,12195,Edinburgh
2025-07-24,Google,AI Platform,7,4992,34944,Birmingham
2025-05-08,PwC,Analytics Dashboard,1,3739,3739,Leeds
2024-01-19,TCS,CRM Software,5,1632,8160,Leeds
2025-03-20,Deloitte,CRM Software,7,1487,10409,Manchester
2025-03-28,Microsoft,AI Platform,7,4241,29687,Edinburgh
2025-03-06,Google,AI Platform,4,4533,18132,Leeds
2025-11-03,EY,Cloud Suite,5,2274,11370,Leeds
2024-03-24,Deloitte,AI Platform,3,3202,9606,London
2024-04-14,Accenture,Cloud Suite,3,2366,7098,Edinburgh
2024-09-22,KPMG,Analytics Dashboard,6,1270,7620,Leeds
2025-03-29,Infosys,CRM Software,2,2128,4256,Birmingham
2024-12-15,Microsoft,Cloud Suite,1,4508,4508,Leeds
2025-02-22,Infosys,AI Platform,7,2498,17486,Manchester
2024-12-22,HSBC,AI Platform,9,1931,17379,London
2024-10-20,TCS,CRM Software,6,1630,9780,Manchester
2025-02-23,PwC,CRM Software,7,2620,18340,Edinburgh
2025-09-25,TCS,Data Warehouse,2,2323,4646,Birmingham
2024-07-13,TCS,Data Warehouse,9,3634,32706,Birmingham
2025-07-13,Accenture,Analytics Dashboard,9,1641,14769,Leeds
2025-01-14,Deloitte,Cloud Suite,8,3480,27840,Leeds
2025-02-24,Microsoft,AI Platform,1,3106,3106,Leeds
2025-10-30,Accenture,Data Warehouse,2,2511,5022,Birmingham
2025-03-02,Infosys,Analytics Dashboard,1,3428,3428,Edinburgh
2025-01-26,KPMG,Data Warehouse,8,3775,30200,London
2024-01-31,EY,AI Platform,2,1899,3798,Birmingham
2025-08-01,Infosys,CRM Software,4,1678,6712,Birmingham
2025-03-23,Infosys,Cloud Suite,3,2341,7023,Birmingham
2024-05-04,HSBC,Cloud Suite,5,2669,13345,Edinburgh
2025-07-02,Accenture,Data Warehouse,5,3658,18290,Leeds
2024-07-19,Deloitte,CRM Software,4,2436,9744,Edinburgh
2024-10-04,EY,CRM Software,5,2852,14260,Edinburgh
2025-11-04,Barclays,CRM Software,7,1446,10122,Birmingham
2025-07-07,KPMG,CRM Software,3,840,2520,Leeds
2025-06-16,TCS,Analytics Dashboard,7,2022,14154,London
2025-08-26,Microsoft,CRM Software,3,1634,4902,Manchester
2024-05-18,EY,Analytics Dashboard,1,3670,3670,Leeds
2024-04-13,Barclays,AI Platform,8,3334,26672,Edinburgh
2025-06-03,TCS,CRM Software,1,3160,3160,Leeds
2025-10-20,Infosys,CRM Software,2,766,1532,Edinburgh
2025-07-12,TCS,CRM Software,6,2010,12060,Leeds
2025-05-31,Deloitte,Data Warehouse,9,1057,9513,Manchester
2025-06-07,Barclays,AI Platform,3,2694,8082,Manchester
2024-10-30,TCS,Data Warehouse,4,2110,8440,London
2024-08-03,Google,Analytics Dashboard,9,4325,38925,London
2025-11-21,HSBC,Analytics Dashboard,2,2470,4940,Leeds
2024-12-30,PwC,AI Platform,8,615,4920,Edinburgh
2024-12-02,Deloitte,AI Platform,8,2990,23920,Edinburgh
2024-01-13,Google,Cloud Suite,6,3920,23520,Birmingham
2025-07-19,Accenture,Cloud Suite,5,2499,12495,Leeds
2024-07-12,Amazon,Analytics Dashboard,8,1809,14472,London
2024-10-29,PwC,Analytics Dashboard,2,2811,5622,Manchester
2024-04-22,Microsoft,Analytics Dashboard,1,3863,3863,London
2025-07-02,Deloitte,CRM Software,8,2735,21880,London
2024-05-06,Deloitte,Data Warehouse,3,2741,8223,London
2025-01-18,EY,Analytics Dashboard,3,4155,12465,Birmingham
2024-07-06,KPMG,CRM Software,3,857,2571,Manchester
2025-10-18,Google,Cloud Suite,6,1997,11982,Edinburgh
2024-07-02,TCS,Cloud Suite,7,3451,24157,Birmingham
2025-09-21,Google,CRM Software,7,2868,20076,London
2024-08-20,HSBC,CRM Software,5,4358,21790,London
2024-10-07,Barclays,AI Platform,7,2089,14623,Leeds
2025-10-21,KPMG,Cloud Suite,4,552,2208,Leeds
2024-07-23,Infosys,Cloud Suite,7,4545,31815,Manchester
2024-12-19,Infosys,AI Platform,1,1764,1764,Manchester
2024-06-02,KPMG,AI Platform,7,1317,9219,London
2025-01-24,HSBC,Data Warehouse,9,1167,10503,Birmingham
2025-09-24,Deloitte,Analytics Dashboard,3,4732,14196,Birmingham
2025-11-04,TCS,Data Warehouse,4,1318,5272,Edinburgh
2024-03-23,Deloitte,Data Warehouse,3,3992,11976,London
2025-11-28,Google,Cloud Suite,1,4399,4399,Birmingham
2025-12-29,Microsoft,Cloud Suite,7,4296,30072,Edinburgh
2024-08-22,HSBC,AI Platform,8,1022,8176,London
2025-03-27,Amazon,AI Platform,5,1816,9080,Manchester
2024-04-10,Barclays,Data Warehouse,9,1878,16902,Manchester
2024-08-14,TCS,AI Platform,7,4572,32004,Edinburgh
2024-07-28,HSBC,CRM Software,4,2578,10312,Manchester
2025-06-11,Amazon,AI Platform,6,4393,26358,London
2024-04-09,Google,CRM Software,2,4476,8952,Leeds
2024-09-30,PwC,Data Warehouse,6,1439,8634,Edinburgh
2025-06-23,Microsoft,AI Platform,4,4104,16416,Leeds
2024-08-22,PwC,CRM Software,9,2596,23364,Manchester
2025-07-18,TCS,CRM Software,5,3673,18365,Manchester
2025-02-01,Accenture,Analytics Dashboard,9,886,7974,London
2024-06-30,EY,CRM Software,9,1239,11151,Manchester
2024-07-06,Accenture,AI Platform,4,4714,18856,Leeds
2025-11-17,Deloitte,Data Warehouse,6,4264,25584,Manchester
2025-11-29,Amazon,Cloud Suite,5,3962,19810,Edinburgh
2025-10-26,Deloitte,Cloud Suite,7,3303,23121,London
2025-09-29,TCS,Analytics Dashboard,5,1472,7360,Leeds
2025-09-14,PwC,AI Platform,8,4820,38560,London
2025-05-18,Microsoft,CRM Software,6,1143,6858,Birmingham
2025-05-03,KPMG,Cloud Suite,7,1741,12187,Leeds
2025-08-24,Microsoft,AI Platform,7,4216,29512,Leeds
2025-03-09,Infosys,Data Warehouse,6,732,4392,London
2025-07-24,Accenture,Data Warehouse,7,2909,20363,London
2024-01-26,Amazon,Cloud Suite,3,960,2880,Edinburgh
2025-03-31,Microsoft,Data Warehouse,1,1572,1572,Leeds
2024-04-11,Microsoft,Data Warehouse,9,3106,27954,London
2025-11-16,KPMG,Cloud Suite,1,2552,2552,Leeds
2024-12-26,Infosys,AI Platform,2,2969,5938,Birmingham
2024-01-15,Accenture,CRM Software,5,4145,20725,Manchester
2025-08-12,Accenture,CRM Software,3,1616,4848,Leeds
2025-05-07,Infosys,Data Warehouse,1,4323,4323,Birmingham
2024-11-28,KPMG,Analytics Dashboard,6,4252,25512,Leeds
2024-09-08,Microsoft,Analytics Dashboard,9,856,7704,London
2024-09-30,PwC,Cloud Suite,6,1783,10698,Leeds
2025-07-24,KPMG,AI Platform,5,3395,16975,Manchester
2024-09-03,Microsoft,CRM Software,8,3025,24200,Leeds
2025-05-09,Deloitte,Analytics Dashboard,7,4782,33474,Leeds
2025-08-22,KPMG,CRM Software,6,3615,21690,London
2025-02-24,Accenture,Data Warehouse,5,4083,20415,Leeds
2024-09-11,Infosys,CRM Software,8,2717,21736,Leeds
2024-11-17,Google,Analytics Dashboard,6,3160,18960,Birmingham
2024-12-14,PwC,Data Warehouse,4,1961,7844,Birmingham
2025-06-29,PwC,AI Platform,9,3152,28368,London
2025-02-07,HSBC,Analytics Dashboard,3,4196,12588,Birmingham
2025-12-18,Deloitte,Cloud Suite,4,2503,10012,Edinburgh
2024-03-31,KPMG,Data Warehouse,1,2661,2661,London
2024-02-27,Accenture,CRM Software,4,4199,16796,Manchester
2024-11-10,Infosys,AI Platform,9,2413,21717,London
2025-02-04,Barclays,Cloud Suite,8,2272,18176,London
2025-08-02,HSBC,Analytics Dashboard,8,1160,9280,Birmingham
2025-08-10,Accenture,Analytics Dashboard,3,1632,4896,Leeds
2024-07-17,Google,Cloud Suite,8,2679,21432,Manchester
2024-03-24,KPMG,Data Warehouse,8,1891,15128,Birmingham
2024-04-21,Google,Data Warehouse,9,770,6930,Birmingham
2025-02-24,Deloitte,Analytics Dashboard,8,3854,30832,Edinburgh
2024-06-12,KPMG,CRM Software,8,3083,24664,Manchester
2024-01-04,PwC,Cloud Suite,9,2980,26820,Edinburgh
2024-09-04,EY,CRM Software,5,753,3765,Edinburgh
2025-11-11,Amazon,CRM Software,9,1199,10791,Edinburgh
2025-10-11,Microsoft,CRM Software,4,883,3532,Birmingham
2024-12-07,EY,Data Warehouse,6,4582,27492,Leeds
2024-06-17,HSBC,CRM Software,7,2349,16443,Manchester
2025-06-25,HSBC,AI Platform,3,705,2115,London
2025-01-16,Infosys,Data Warehouse,7,4099,28693,Edinburgh
2024-11-05,HSBC,AI Platform,7,2322,16254,Manchester
2024-07-20,Infosys,Cloud Suite,9,1476,13284,Birmingham
2025-04-24,Accenture,AI Platform,1,4407,4407,Leeds
2024-04-20,Amazon,Analytics Dashboard,5,3416,17080,London
2024-07-09,Amazon,Analytics Dashboard,4,1604,6416,London
2024-03-28,KPMG,Analytics Dashboard,6,3572,21432,Manchester
2024-06-15,Amazon,AI Platform,2,1180,2360,Edinburgh
2024-03-13,Barclays,Data Warehouse,4,2792,11168,Birmingham
2024-12-02,Deloitte,Data Warehouse,7,4787,33509,London
2025-04-18,EY,Data Warehouse,2,868,1736,Birmingham
2024-02-12,EY,Analytics Dashboard,8,4673,37384,Manchester
2024-09-26,KPMG,CRM Software,7,3886,27202,Edinburgh
2024-06-16,PwC,CRM Software,1,1976,1976,Birmingham
2024-12-01,Barclays,CRM Software,3,1158,3474,Leeds
2025-08-14,Infosys,Analytics Dashboard,9,4231,38079,Leeds
2025-03-03,Google,Cloud Suite,8,3593,28744,Birmingham
2024-11-08,HSBC,Analytics Dashboard,2,3562,7124,Birmingham
2024-06-27,KPMG,Data Warehouse,8,612,4896,Leeds
2024-05-05,HSBC,Analytics Dashboard,5,639,3195,London
2024-04-06,HSBC,AI Platform,5,1387,6935,Birmingham
2024-02-02,KPMG,AI Platform,3,1973,5919,Leeds
2024-10-15,EY,Analytics Dashboard,6,3261,19566,London
2025-07-22,Microsoft,Cloud Suite,1,2869,2869,Manchester
2024-11-20,TCS,AI Platform,5,4045,20225,Leeds
2025-02-28,Deloitte,Analytics Dashboard,1,3775,3775,Birmingham
2025-01-21,Accenture,Cloud Suite,9,707,6363,Manchester
2025-09-27,Microsoft,Cloud Suite,6,4617,27702,Manchester
2025-03-14,Google,Analytics Dashboard,6,3100,18600,Leeds
2024-04-17,PwC,Data Warehouse,3,2914,8742,Manchester
2025-02-17,HSBC,Cloud Suite,6,2242,13452,Birmingham
2024-03-13,Deloitte,AI Platform,4,3055,12220,Manchester
2025-02-16,EY,AI Platform,3,1677,5031,London
2024-09-22,HSBC,Analytics Dashboard,6,3494,20964,Edinburgh
2024-09-04,Barclays,Data Warehouse,2,2961,5922,London
2024-10-10,Deloitte,AI Platform,4,1316,5264,London
2024-06-12,PwC,AI Platform,4,3644,14576,Edinburgh
2024-02-15,Accenture,AI Platform,2,2318,4636,Manchester
2025-02-22,EY,Analytics Dashboard,5,4962,24810,Leeds
2025-08-27,Infosys,AI Platform,3,1359,4077,London
2024-02-12,Amazon,AI Platform,2,2759,5518,Edinburgh
2025-11-10,Google,AI Platform,5,650,3250,Leeds
2024-02-16,Deloitte,AI Platform,5,2846,14230,Manchester
2024-10-22,Infosys,CRM Software,2,3510,7020,Manchester
2024-06-09,Infosys,Cloud Suite,7,2173,15211,Manchester
2025-07-03,PwC,Data Warehouse,8,4257,34056,Birmingham
2025-08-25,Microsoft,Analytics Dashboard,1,3056,3056,Birmingham
2024-10-21,Deloitte,Data Warehouse,1,2217,2217,Edinburgh
2025-10-10,KPMG,Analytics Dashboard,5,3317,16585,Edinburgh
2025-07-23,Infosys,Analytics Dashboard,6,2541,15246,Leeds
2025-09-17,TCS,Analytics Dashboard,5,1858,9290,Leeds
2025-06-13,KPMG,Analytics Dashboard,9,4851,43659,Edinburgh
2024-03-28,EY,Data Warehouse,1,1322,1322,Birmingham
2024-04-30,Deloitte,CRM Software,5,2532,12660,Manchester
2024-01-21,KPMG,Analytics Dashboard,4,1302,5208,Leeds
2024-03-09,Deloitte,Data Warehouse,8,4106,32848,London
2024-10-03,Accenture,Data Warehouse,8,3091,24728,Edinburgh
2025-07-01,Accenture,AI Platform,7,3395,23765,London
2024-07-31,Amazon,Analytics Dashboard,3,1161,3483,London
2025-09-21,HSBC,Cloud Suite,7,3012,21084,Leeds
2025-04-15,PwC,AI Platform,6,3004,18024,Edinburgh
2024-08-26,HSBC,CRM Software,4,2147,8588,Edinburgh
2025-02-04,Google,CRM Software,2,984,1968,Leeds
2024-01-18,Barclays,AI Platform,1,998,998,Manchester
2025-10-11,TCS,Analytics Dashboard,4,2236,8944,Manchester
2025-06-23,Infosys,Analytics Dashboard,6,4482,26892,Leeds
2025-10-25,Microsoft,Analytics Dashboard,9,3860,34740,London
2024-01-19,PwC,Cloud Suite,8,948,7584,Edinburgh
2024-12-19,PwC,CRM Software,6,2420,14520,Manchester
2024-04-02,Deloitte,CRM Software,7,3187,22309,Manchester
2024-01-17,Google,CRM Software,5,4900,24500,Birmingham
2024-01-07,Accenture,AI Platform,7,1320,9240,London
2025-07-27,Deloitte,Analytics Dashboard,9,750,6750,Edinburgh
2025-01-21,HSBC,Analytics Dashboard,9,4393,39537,Leeds
2024-03-13,Microsoft,AI Platform,9,2121,19089,London
2025-05-13,TCS,Analytics Dashboard,6,4316,25896,Edinburgh
2024-12-04,PwC,Cloud Suite,9,4734,42606,Edinburgh
2025-06-25,Amazon,Cloud Suite,3,883,2649,Manchester
2025-10-09,Barclays,Data Warehouse,9,2839,25551,Leeds
2024-04-25,Amazon,AI Platform,2,3104,6208,Leeds
2024-08-08,Infosys,Cloud Suite,3,502,1506,Birmingham
2025-07-27,EY,Analytics Dashboard,4,3390,13560,Manchester
2025-04-23,Infosys,Analytics Dashboard,2,1585,3170,London
2024-12-13,TCS,Cloud Suite,8,2455,19640,London
2024-09-06,Accenture,CRM Software,7,2003,14021,Manchester
2025-05-14,Deloitte,Analytics Dashboard,5,543,2715,Edinburgh
2025-07-24,Google,Data Warehouse,9,3442,30978,Leeds
2025-03-17,Deloitte,Analytics Dashboard,5,1303,6515,Manchester
2025-04-29,HSBC,Cloud Suite,6,3075,18450,Birmingham
2024-02-09,Infosys,Cloud Suite,1,4301,4301,Manchester
2024-06-26,TCS,Analytics Dashboard,7,883,6181,London
2024-08-26,PwC,Analytics Dashboard,1,4751,4751,Edinburgh
2025-01-12,Infosys,Data Warehouse,7,3546,24822,Edinburgh
2024-07-25,EY,Data Warehouse,5,703,3515,London
2025-06-23,Microsoft,AI Platform,5,3081,15405,Edinburgh
2025-02-08,PwC,CRM Software,8,2337,18696,Manchester
2025-11-18,Barclays,AI Platform,8,865,6920,Birmingham
2025-05-18,Microsoft,CRM Software,7,4699,32893,Edinburgh
2024-08-17,KPMG,Cloud Suite,8,2878,23024,London
2024-06-30,Barclays,Analytics Dashboard,4,2175,8700,Birmingham
2024-03-31,Accenture,Analytics Dashboard,3,4946,14838,Edinburgh
2025-04-03,Infosys,CRM Software,3,1449,4347,Birmingham
2025-05-22,HSBC,Analytics Dashboard,6,665,3990,Manchester
2025-03-08,EY,Analytics Dashboard,3,1014,3042,Edinburgh
2024-05-04,Accenture,Analytics Dashboard,9,567,5103,Edinburgh
2025-06-24,PwC,Analytics Dashboard,2,1072,2144,Birmingham
2025-10-26,EY,Analytics Dashboard,7,1150,8050,Manchester
2025-11-25,TCS,CRM Software,5,4134,20670,Edinburgh
2025-07-15,EY,AI Platform,4,1537,6148,Birmingham
2024-10-14,Infosys,CRM Software,2,3726,7452,Manchester
2025-04-15,Infosys,CRM Software,5,3914,19570,London
2025-07-24,Amazon,AI Platform,6,3005,18030,Birmingham
2024-03-04,Google,Data Warehouse,1,2178,2178,Leeds
2025-02-09,Barclays,Cloud Suite,1,4688,4688,Manchester
2025-02-07,KPMG,AI Platform,7,706,4942,Leeds
2024-10-22,Barclays,Data Warehouse,6,3190,19140,Leeds
2024-07-02,Accenture,CRM Software,2,1304,2608,London
2025-03-13,Accenture,Analytics Dashboard,8,3423,27384,Birmingham
2024-05-29,EY,CRM Software,8,2887,23096,Leeds
2025-03-14,Infosys,CRM Software,8,1443,11544,Birmingham
2024-06-29,Google,AI Platform,3,4774,14322,Leeds
2024-08-21,Deloitte,AI Platform,8,1730,13840,Edinburgh
2024-12-31,EY,Data Warehouse,7,4356,30492,Manchester
2024-12-15,PwC,Analytics Dashboard,2,1594,3188,Leeds
2025-07-23,KPMG,Analytics Dashboard,4,4645,18580,Manchester
2025-07-17,HSBC,Data Warehouse,3,2540,7620,Leeds
2024-02-25,Google,Analytics Dashboard,8,1361,10888,Leeds
2025-10-11,Google,Data Warehouse,1,1136,1136,Edinburgh
2024-02-05,HSBC,Cloud Suite,6,4087,24522,Manchester
2024-06-14,Microsoft,Cloud Suite,7,4606,32242,Leeds
2024-10-28,HSBC,Cloud Suite,8,3699,29592,Birmingham
2024-04-21,TCS,AI Platform,1,3818,3818,Manchester
2025-03-14,Accenture,CRM Software,8,725,5800,London
2024-03-29,KPMG,Analytics Dashboard,8,2653,21224,Edinburgh
2024-02-01,Amazon,Data Warehouse,5,1344,6720,London
2025-03-22,TCS,Data Warehouse,6,1734,10404,Leeds
2024-11-22,Amazon,Analytics Dashboard,2,3459,6918,Leeds
2024-07-05,Amazon,CRM Software,1,2532,2532,Edinburgh
2025-01-24,PwC,CRM Software,9,2381,21429,Leeds
2025-07-04,Microsoft,AI Platform,6,3762,22572,Leeds
2024-02-22,PwC,Data Warehouse,3,3285,9855,Edinburgh
2025-02-25,Microsoft,AI Platform,6,1729,10374,Birmingham
2025-01-21,Infosys,Data Warehouse,1,1326,1326,Edinburgh
2024-09-11,HSBC,Data Warehouse,9,2834,25506,Edinburgh
2025-08-18,Google,Data Warehouse,2,775,1550,Leeds
2025-12-17,Deloitte,Data Warehouse,1,4468,4468,Edinburgh
2024-09-29,Microsoft,Cloud Suite,8,4704,37632,Birmingham
2025-04-18,Infosys,CRM Software,7,2020,14140,Leeds
2025-04-17,Google,Cloud Suite,6,1221,7326,London
2024-10-12,Google,CRM Software,2,2256,4512,Manchester
2024-06-19,HSBC,CRM Software,7,3483,24381,Birmingham
2025-09-19,Amazon,Data Warehouse,5,2931,14655,Leeds
2025-02-20,Amazon,Data Warehouse,9,2217,19953,London
2024-02-13,PwC,Analytics Dashboard,2,4291,8582,London
2024-05-19,Deloitte,CRM Software,9,3451,31059,Birmingham
2024-07-08,TCS,AI Platform,8,3613,28904,Birmingham
2024-05-18,Google,Analytics Dashboard,1,2004,2004,Manchester
2025-12-25,HSBC,Cloud Suite,6,992,5952,Birmingham
2025-12-12,Amazon,AI Platform,3,2686,8058,London
2024-05-28,PwC,Cloud Suite,8,2374,18992,Leeds
2024-09-29,Barclays,Analytics Dashboard,8,4569,36552,Leeds
2025-07-03,Google,CRM Software,3,4297,12891,Manchester
2024-06-25,Infosys,Data Warehouse,4,3859,15436,London
2024-04-14,EY,Data Warehouse,3,1878,5634,Birmingham
2024-07-28,Microsoft,AI Platform,8,4505,36040,Leeds
2024-05-16,Microsoft,Data Warehouse,8,1898,15184,Edinburgh
2025-06-20,KPMG,Analytics Dashboard,8,3549,28392,London
2024-10-08,EY,Cloud Suite,3,4747,14241,Edinburgh
2024-07-13,Accenture,Analytics Dashboard,1,770,770,Birmingham
2025-04-04,Amazon,CRM Software,2,2898,5796,Manchester
2024-05-19,Google,Data Warehouse,7,2211,15477,London
2024-09-02,Amazon,Cloud Suite,3,4744,14232,London
2025-03-08,EY,CRM Software,1,2841,2841,Edinburgh
2024-05-22,Accenture,Cloud Suite,4,1474,5896,London
2024-03-10,Deloitte,Analytics Dashboard,7,2487,17409,Birmingham
2025-06-13,HSBC,Data Warehouse,3,3273,9819,Birmingham
2025-07-05,KPMG,Cloud Suite,9,1508,13572,Birmingham
2025-07-26,HSBC,Cloud Suite,5,810,4050,Edinburgh
2024-02-25,Infosys,CRM Software,6,4432,26592,Edinburgh
2025-08-07,Infosys,Cloud Suite,1,859,859,Leeds
2024-01-30,Infosys,Data Warehouse,7,2125,14875,Edinburgh
2025-03-20,Barclays,Data Warehouse,9,1114,10026,Manchester
2025-11-26,KPMG,Data Warehouse,9,2111,18999,London
2025-03-14,Barclays,CRM Software,1,4404,4404,London
2024-07-09,Accenture,Cloud Suite,5,1732,8660,Birmingham
2024-07-26,Microsoft,AI Platform,1,2537,2537,Manchester
2025-10-14,Deloitte,AI Platform,6,4758,28548,Edinburgh
2025-10-16,Barclays,CRM Software,1,2962,2962,Edinburgh
2025-11-05,TCS,CRM Software,6,906,5436,London
2024-01-26,HSBC,Cloud Suite,4,4985,19940,Birmingham
2025-03-23,KPMG,Cloud Suite,4,1985,7940,Edinburgh
2025-01-18,TCS,Analytics Dashboard,3,2966,8898,Birmingham
2025-09-03,PwC,Cloud Suite,8,4740,37920,Birmingham
2024-02-19,Deloitte,Analytics Dashboard,4,3712,14848,Manchester
2024-05-07,HSBC,Data Warehouse,8,686,5488,Leeds
2024-07-08,EY,CRM Software,2,1257,2514,Birmingham
2024-06-07,Amazon,CRM Software,2,4347,8694,Leeds
2025-01-05,Google,Cloud Suite,9,4566,41094,Manchester
2024-08-17,KPMG,Cloud Suite,5,3280,16400,Leeds
2025-09-01,Infosys,CRM Software,7,952,6664,Manchester
2025-05-08,TCS,Data Warehouse,7,2553,17871,Manchester
2024-05-25,Microsoft,Cloud Suite,9,2264,20376,Manchester
2024-07-30,Barclays,Analytics Dashboard,3,3677,11031,Birmingham
2025-02-04,EY,Data Warehouse,1,1308,1308,Birmingham
2025-02-19,Barclays,Analytics Dashboard,6,1716,10296,Leeds
2024-05-29,Google,Analytics Dashboard,3,2623,7869,London
2025-06-13,Deloitte,Analytics Dashboard,9,1340,12060,Manchester
2024-03-23,HSBC,Data Warehouse,7,4625,32375,London
2024-08-24,Microsoft,AI Platform,9,4065,36585,Manchester
2025-08-28,Google,AI Platform,9,1857,16713,Birmingham
2024-04-25,KPMG,Cloud Suite,3,2120,6360,Edinburgh
2024-08-01,Google,AI Platform,2,1477,2954,Birmingham
2024-11-26,Deloitte,Analytics Dashboard,2,1512,3024,Birmingham
2025-10-17,Barclays,AI Platform,4,2830,11320,Leeds
2024-01-12,Infosys,AI Platform,1,4971,4971,Leeds
2025-06-03,HSBC,Cloud Suite,4,3343,13372,Edinburgh
2024-06-23,TCS,CRM Software,7,1469,10283,Edinburgh
2024-06-28,TCS,CRM Software,5,4790,23950,Leeds
2025-03-06,EY,Analytics Dashboard,5,4659,23295,Edinburgh
2024-01-27,Google,Data Warehouse,4,1687,6748,Manchester
2024-08-11,KPMG,CRM Software,6,4439,26634,Edinburgh
2025-04-15,KPMG,CRM Software,6,3081,18486,Leeds
2025-01-01,EY,AI Platform,7,3906,27342,London
2024-05-27,Amazon,Data Warehouse,2,2373,4746,Edinburgh
2025-09-29,Infosys,CRM Software,6,2477,14862,Leeds
2024-10-26,KPMG,CRM Software,9,2682,24138,Leeds
2024-05-26,Accenture,Analytics Dashboard,9,2376,21384,Edinburgh
2025-02-18,PwC,CRM Software,2,4782,9564,Leeds
2024-05-17,KPMG,Cloud Suite,8,643,5144,Edinburgh
2024-04-16,Microsoft,AI Platform,7,840,5880,Leeds
2024-11-22,Accenture,Cloud Suite,1,4542,4542,Leeds
2024-11-16,TCS,CRM Software,7,1631,11417,Birmingham
2025-02-13,Infosys,Cloud Suite,3,511,1533,Birmingham
2025-05-04,Infosys,AI Platform,6,3509,21054,London
2025-10-17,KPMG,Data Warehouse,6,2577,15462,Leeds
2025-11-08,TCS,AI Platform,8,1344,10752,London
2025-01-08,Accenture,CRM Software,6,1760,10560,London
2025-04-12,KPMG,Analytics Dashboard,9,4931,44379,Manchester
2024-06-08,Accenture,AI Platform,2,2381,4762,London
2025-06-05,Amazon,Cloud Suite,4,4655,18620,Manchester
2024-11-16,PwC,Data Warehouse,4,3979,15916,Birmingham
2025-01-20,Amazon,Cloud Suite,5,2672,13360,Edinburgh
2025-09-13,HSBC,Cloud Suite,8,4481,35848,Manchester
2024-05-07,Accenture,Data Warehouse,6,4631,27786,Edinburgh
2025-02-23,Barclays,CRM Software,4,3276,13104,London
2024-06-12,EY,Cloud Suite,6,694,4164,Edinburgh
2024-05-02,Infosys,CRM Software,4,3208,12832,Birmingham
2025-04-06,Google,Data Warehouse,1,3713,3713,Edinburgh
2025-12-11,TCS,AI Platform,9,1109,9981,Edinburgh
2024-04-18,Infosys,Data Warehouse,7,1115,7805,Birmingham
2024-07-24,Infosys,AI Platform,5,1284,6420,Leeds
2024-03-23,Barclays,CRM Software,4,2838,11352,Edinburgh
2024-07-19,Barclays,AI Platform,6,2485,14910,Edinburgh
2025-05-22,Infosys,AI Platform,8,1770,14160,London
2025-12-24,TCS,Analytics Dashboard,7,4578,32046,Birmingham
2024-02-23,Accenture,Analytics Dashboard,4,2081,8324,Birmingham
2024-07-11,Accenture,CRM Software,1,4496,4496,Leeds
2024-11-21,Microsoft,CRM Software,3,4244,12732,Birmingham
2024-07-06,PwC,CRM Software,4,2144,8576,Leeds
2024-03-13,Google,Data Warehouse,3,4585,13755,Birmingham
2024-04-11,Infosys,CRM Software,9,1999,17991,Leeds
2024-04-20,HSBC,CRM Software,6,2758,16548,Leeds
2024-07-18,Accenture,Cloud Suite,3,1549,4647,Birmingham
2024-03-17,TCS,AI Platform,4,4806,19224,Birmingham
2024-07-25,Google,Analytics Dashboard,6,3157,18942,Birmingham
2024-10-01,Barclays,Data Warehouse,6,1743,10458,London
2024-08-19,Microsoft,Analytics Dashboard,4,4457,17828,Birmingham
2024-12-24,EY,AI Platform,6,4134,24804,Edinburgh
2025-02-24,HSBC,AI Platform,9,880,7920,London
2024-04-25,Barclays,Data Warehouse,1,865,865,Manchester
2025-06-06,TCS,AI Platform,7,2976,20832,Manchester
2025-06-23,Infosys,AI Platform,9,1577,14193,Edinburgh
2025-04-11,Deloitte,Data Warehouse,3,1297,3891,Leeds
2024-09-29,PwC,Data Warehouse,8,1446,11568,Manchester
2025-05-21,HSBC,Data Warehouse,6,3658,21948,London
2025-05-04,Google,AI Platform,2,1692,3384,Manchester
2025-10-11,Amazon,CRM Software,2,1172,2344,London
2024-07-06,KPMG,Data Warehouse,1,1143,1143,Birmingham
2025-05-16,Accenture,Data Warehouse,1,2618,2618,Manchester
2025-04-01,PwC,CRM Software,8,4550,36400,Leeds
2025-09-26,Infosys,Analytics Dashboard,9,1007,9063,Edinburgh
2025-06-11,PwC,Analytics Dashboard,4,4122,16488,Manchester
2024-02-08,Amazon,Data Warehouse,6,2655,15930,Leeds
2024-08-09,EY,Cloud Suite,5,4850,24250,Edinburgh
2024-09-13,Accenture,Cloud Suite,7,4320,30240,Leeds
2025-12-12,Microsoft,Analytics Dashboard,5,4485,22425,Edinburgh
2025-06-25,Amazon,Cloud Suite,1,2047,2047,Birmingham
2025-02-26,Amazon,CRM Software,7,2064,14448,London
2025-12-02,HSBC,Cloud Suite,4,4456,17824,Leeds
2024-09-30,PwC,Analytics Dashboard,2,2271,4542,Edinburgh
2024-07-04,Deloitte,Data Warehouse,4,1390,5560,Manchester
2024-07-14,Deloitte,Cloud Suite,8,1973,15784,Leeds
2025-01-17,Barclays,Cloud Suite,9,3756,33804,Edinburgh
2025-07-20,Infosys,Data Warehouse,3,2154,6462,London
2024-09-21,Accenture,CRM Software,6,3274,19644,Edinburgh
2025-07-07,HSBC,Analytics Dashboard,7,1389,9723,Edinburgh
2024-05-02,PwC,Analytics Dashboard,3,4089,12267,Leeds
2025-09-14,Barclays,CRM Software,3,3638,10914,Manchester
2024-12-05,EY,Analytics Dashboard,5,1056,5280,Edinburgh
2024-07-13,Amazon,Data Warehouse,5,1516,7580,Manchester
2025-02-28,Barclays,AI Platform,5,1951,9755,London
2024-09-22,Infosys,AI Platform,9,805,7245,Leeds
2024-12-10,Deloitte,Data Warehouse,9,919,8271,London
2024-06-19,Barclays,CRM Software,9,3761,33849,Edinburgh
2025-07-08,TCS,Cloud Suite,9,2726,24534,Birmingham
2025-11-02,Amazon,Data Warehouse,1,1313,1313,London
2024-11-18,Accenture,CRM Software,5,4743,23715,Manchester
2025-01-01,KPMG,Cloud Suite,7,3360,23520,Manchester
2024-06-23,TCS,CRM Software,2,3682,7364,London
2025-03-14,Infosys,Analytics Dashboard,3,1498,4494,Edinburgh
2025-06-21,Barclays,CRM Software,8,2780,22240,London
2025-07-16,Infosys,Analytics Dashboard,2,4303,8606,Leeds
2025-11-29,Deloitte,Analytics Dashboard,4,2800,11200,London
2024-02-06,Accenture,Analytics Dashboard,2,626,1252,Birmingham
2024-06-16,Barclays,CRM Software,7,1519,10633,Leeds
2025-02-22,TCS,CRM Software,8,1962,15696,Edinburgh
2024-03-25,Amazon,AI Platform,1,1126,1126,Birmingham
2024-12-17,Infosys,Cloud Suite,7,4034,28238,London
2024-11-08,Google,Analytics Dashboard,2,3659,7318,Birmingham
2024-10-29,Microsoft,Analytics Dashboard,7,1573,11011,Leeds
2024-12-12,Barclays,Analytics Dashboard,9,4840,43560,Edinburgh
2025-06-16,Accenture,CRM Software,1,4231,4231,Edinburgh
2025-09-20,TCS,AI Platform,9,2485,22365,London
2024-02-27,KPMG,AI Platform,6,3902,23412,London
2025-07-03,Barclays,CRM Software,2,1878,3756,London
2025-10-25,PwC,Cloud Suite,1,2407,2407,Edinburgh
2024-12-09,PwC,AI Platform,4,4748,18992,Edinburgh
2025-05-22,Infosys,Cloud Suite,9,2261,20349,Edinburgh
2025-12-23,Amazon,Analytics Dashboard,9,2164,19476,Manchester
2025-04-25,KPMG,Data Warehouse,8,1962,15696,Manchester
2025-06-29,Amazon,CRM Software,6,2568,15408,Manchester
2024-03-10,Amazon,Analytics Dashboard,7,1501,10507,Manchester
2025-06-25,Amazon,Data Warehouse,2,3147,6294,Leeds
2025-01-15,Amazon,Data Warehouse,8,3168,25344,London
2024-06-02,EY,AI Platform,3,3832,11496,Leeds
2024-03-19,KPMG,Cloud Suite,4,3760,15040,London
2024-01-08,PwC,AI Platform,5,2814,14070,Birmingham
2025-04-29,Accenture,CRM Software,4,4971,19884,Edinburgh
2024-09-24,HSBC,Cloud Suite,8,572,4576,Leeds
2024-07-17,KPMG,Data Warehouse,7,2138,14966,Edinburgh
2024-05-30,Accenture,Analytics Dashboard,5,4586,22930,London
2025-03-09,EY,Data Warehouse,7,4804,33628,Edinburgh
2024-05-09,Amazon,CRM Software,7,1231,8617,Manchester
2025-01-09,Barclays,Analytics Dashboard,3,3433,10299,Leeds
2024-07-10,HSBC,Analytics Dashboard,6,2350,14100,Leeds
2025-04-11,Microsoft,AI Platform,4,3586,14344,London
2025-05-06,Google,Analytics Dashboard,7,3417,23919,Leeds
2025-06-02,PwC,AI Platform,9,1667,15003,Birmingham
2025-08-06,KPMG,Data Warehouse,4,2077,8308,London
2025-12-03,Google,Analytics Dashboard,2,4492,8984,Manchester
2024-08-02,Barclays,CRM Software,9,1962,17658,London
2025-11-16,Microsoft,Analytics Dashboard,3,4053,12159,Leeds
2024-03-15,Barclays,CRM Software,3,1187,3561,Edinburgh
2025-07-19,Microsoft,Analytics Dashboard,8,2311,18488,Birmingham
2024-11-22,Amazon,CRM Software,1,3216,3216,Leeds
2024-02-04,Infosys,Analytics Dashboard,6,1115,6690,Birmingham
2024-01-01,Infosys,Data Warehouse,7,4124,28868,Birmingham
2024-10-24,HSBC,AI Platform,2,3122,6244,Leeds
2024-06-13,Amazon,Analytics Dashboard,1,4310,4310,Edinburgh
2025-07-13,PwC,Data Warehouse,3,615,1845,Edinburgh
2024-11-12,Deloitte,Data Warehouse,8,4199,33592,Manchester
2024-02-19,Barclays,Cloud Suite,6,2794,16764,Birmingham
2025-12-02,Amazon,Cloud Suite,8,851,6808,Edinburgh
2024-09-12,EY,AI Platform,1,1045,1045,Leeds
2024-11-29,Amazon,CRM Software,2,1605,3210,Edinburgh
2025-12-04,Amazon,Analytics Dashboard,6,4139,24834,Edinburgh
2024-12-05,HSBC,CRM Software,5,1545,7725,Birmingham
2025-04-29,KPMG,Cloud Suite,1,1438,1438,London
2025-03-17,Google,Cloud Suite,4,1096,4384,Manchester
2025-01-24,Deloitte,AI Platform,5,4231,21155,Birmingham
2025-09-08,HSBC,AI Platform,5,1949,9745,London
2024-09-21,Infosys,Data Warehouse,6,3221,19326,Edinburgh
2025-02-25,Infosys,AI Platform,2,2874,5748,London
2024-04-06,Deloitte,Data Warehouse,4,2672,10688,Manchester
2024-10-09,Infosys,Analytics Dashboard,1,2831,2831,Manchester
2024-04-14,Google,Data Warehouse,6,2865,17190,Manchester
2025-08-21,KPMG,Cloud Suite,8,1579,12632,London
2024-01-13,Microsoft,Cloud Suite,6,3520,21120,London
2024-08-16,Infosys,CRM Software,1,1418,1418,Birmingham
2025-12-08,PwC,Cloud Suite,7,4077,28539,London
2024-03-08,Deloitte,Data Warehouse,2,2910,5820,Edinburgh
2025-04-18,Amazon,Analytics Dashboard,3,3238,9714,Leeds
2025-02-14,Barclays,AI Platform,6,740,4440,London
2025-06-19,Google,Analytics Dashboard,6,4268,25608,Leeds
2025-09-02,Barclays,Analytics Dashboard,4,2673,10692,Edinburgh
2025-05-13,Amazon,Cloud Suite,2,2659,5318,Manchester
2024-05-01,Deloitte,AI Platform,8,1801,14408,Birmingham
2025-07-21,Google,Analytics Dashboard,9,2005,18045,Birmingham
2024-04-23,Deloitte,Data Warehouse,5,4048,20240,Edinburgh
2024-11-16,PwC,AI Platform,5,2051,10255,Leeds
2024-03-01,Barclays,Cloud Suite,1,4183,4183,Manchester
2025-12-04,Infosys,AI Platform,9,4270,38430,Leeds
2025-11-23,Google,Data Warehouse,2,1504,3008,Leeds
2024-07-24,Google,Analytics Dashboard,2,1533,3066,Manchester
2024-05-04,Deloitte,CRM Software,6,3420,20520,Leeds
2024-05-08,Barclays,CRM Software,6,1401,8406,Edinburgh
2024-04-06,Google,Cloud Suite,7,4418,30926,Leeds
2024-01-27,Accenture,AI Platform,4,3168,12672,Birmingham
2024-07-03,HSBC,CRM Software,2,2090,4180,Manchester
2025-08-31,Google,CRM Software,3,2626,7878,Birmingham
2025-02-16,KPMG,AI Platform,9,3228,29052,Birmingham
2024-11-09,KPMG,Analytics Dashboard,7,1116,7812,London
2025-07-26,EY,Cloud Suite,7,3661,25627,Manchester
2025-10-31,EY,CRM Software,1,3668,3668,Manchester
2025-09-18,Accenture,Analytics Dashboard,8,1219,9752,London
2024-02-01,Infosys,Data Warehouse,1,4403,4403,Birmingham
2025-05-12,Accenture,Cloud Suite,4,2560,10240,London
2024-08-02,TCS,Cloud Suite,1,2621,2621,London
2024-04-10,Infosys,CRM Software,6,4636,27816,Edinburgh
2024-12-09,Microsoft,AI Platform,1,2776,2776,London
2024-05-09,Amazon,Data Warehouse,8,4220,33760,Leeds
2024-12-02,Deloitte,CRM Software,2,2915,5830,Manchester
2025-12-15,HSBC,CRM Software,2,1424,2848,Manchester
2024-09-30,Accenture,Data Warehouse,5,1056,5280,Manchester
2025-06-12,Amazon,AI Platform,4,3776,15104,Birmingham
2024-09-03,PwC,Cloud Suite,4,1677,6708,Manchester
2025-11-16,TCS,AI Platform,2,2216,4432,Birmingham
2025-03-25,Deloitte,Cloud Suite,3,4868,14604,Leeds
2025-08-10,Deloitte,Analytics Dashboard,1,1165,1165,Birmingham
2025-12-12,EY,Data Warehouse,5,4201,21005,Leeds
2025-02-11,Barclays,AI Platform,1,3011,3011,Manchester
2024-07-18,Google,Data Warehouse,6,4743,28458,London
2024-11-29,Infosys,Cloud Suite,7,3692,25844,Edinburgh
2025-12-24,PwC,Data Warehouse,4,4336,17344,Manchester
2025-04-03,KPMG,Data Warehouse,1,1663,1663,Manchester
2025-07-09,Deloitte,CRM Software,8,3441,27528,Manchester
2024-10-08,HSBC,Data Warehouse,4,2459,9836,Manchester
2025-04-01,Google,CRM Software,7,1799,12593,Birmingham
2025-07-11,PwC,Data Warehouse,8,2035,16280,Leeds
2024-03-18,PwC,Cloud Suite,6,2496,14976,Leeds
2024-10-04,KPMG,Data Warehouse,4,4718,18872,Edinburgh
2024-02-20,Microsoft,Analytics Dashboard,6,2631,15786,Birmingham
2025-07-18,Infosys,CRM Software,7,942,6594,Edinburgh
2025-06-06,PwC,Cloud Suite,5,1034,5170,Edinburgh
2024-10-19,Amazon,Analytics Dashboard,6,1672,10032,London
2024-09-23,Barclays,Cloud Suite,8,3440,27520,Birmingham
2025-09-22,Google,Cloud Suite,6,863,5178,Manchester
2024-06-17,Accenture,Cloud Suite,1,1462,1462,Birmingham
2025-05-30,Accenture,CRM Software,2,4809,9618,London
2024-05-11,KPMG,CRM Software,3,1141,3423,Leeds
2024-03-21,Accenture,Cloud Suite,6,4987,29922,Edinburgh
2024-11-02,Infosys,AI Platform,9,3067,27603,Manchester
2025-10-12,TCS,CRM Software,4,2045,8180,Edinburgh
2024-07-30,Microsoft,Data Warehouse,6,1353,8118,Edinburgh
2024-08-23,KPMG,Data Warehouse,8,4730,37840,London
2024-05-08,Accenture,CRM Software,6,3103,18618,Manchester
2025-01-09,Accenture,AI Platform,3,741,2223,Birmingham
2024-09-22,Microsoft,CRM Software,8,569,4552,Edinburgh
2024-02-26,Google,AI Platform,2,3279,6558,London
2024-12-17,TCS,Cloud Suite,9,4365,39285,London
2024-02-26,EY,CRM Software,7,4884,34188,Edinburgh
2024-09-14,KPMG,AI Platform,5,1095,5475,Birmingham
2025-03-10,KPMG,CRM Software,6,4997,29982,Edinburgh
2025-06-25,TCS,CRM Software,7,935,6545,London
2024-05-18,KPMG,Cloud Suite,4,1442,5768,Edinburgh
2025-08-23,EY,Cloud Suite,3,1453,4359,Birmingham
2024-11-05,Deloitte,Data Warehouse,8,1045,8360,Edinburgh
2025-06-13,Amazon,CRM Software,6,1862,11172,Edinburgh
2024-09-15,Accenture,Analytics Dashboard,2,3518,7036,Leeds
2025-10-29,KPMG,CRM Software,5,3529,17645,Leeds
2024-09-14,HSBC,Cloud Suite,8,753,6024,Leeds
2024-11-24,HSBC,CRM Software,5,3901,19505,Leeds
2024-06-17,HSBC,Cloud Suite,8,2298,18384,Leeds
2025-02-19,PwC,Data Warehouse,5,3257,16285,London
2024-01-11,TCS,Cloud Suite,5,4234,21170,Edinburgh
2025-05-10,Deloitte,Analytics Dashboard,7,2459,17213,Edinburgh
2025-10-24,Infosys,CRM Software,4,4952,19808,London
2025-06-04,TCS,CRM Software,6,3303,19818,Leeds
2024-11-07,PwC,CRM Software,2,1377,2754,Manchester
2025-09-06,Accenture,CRM Software,6,3383,20298,Edinburgh
2025-06-28,Google,AI Platform,8,3672,29376,Birmingham
2025-08-08,Infosys,AI Platform,6,2946,17676,Edinburgh
2024-08-08,PwC,Analytics Dashboard,6,2551,15306,Manchester
2024-10-07,Google,Data Warehouse,2,1943,3886,Edinburgh
2025-06-04,HSBC,Cloud Suite,3,3634,10902,London
2024-08-13,Amazon,Data Warehouse,9,933,8397,Leeds
2025-11-12,TCS,Data Warehouse,5,1365,6825,Manchester
2025-05-27,Google,Cloud Suite,1,2915,2915,Birmingham
2025-11-16,Accenture,Cloud Suite,1,1418,1418,Leeds
2025-03-08,Infosys,AI Platform,4,2746,10984,Manchester
2025-07-14,Microsoft,Analytics Dashboard,2,4522,9044,London
2025-01-14,Accenture,AI Platform,4,3991,15964,Birmingham
2024-08-01,Deloitte,Cloud Suite,9,1253,11277,Leeds
2025-08-10,Google,CRM Software,8,4434,35472,Leeds
2025-02-18,Accenture,CRM Software,4,4802,19208,Leeds
2025-06-11,HSBC,CRM Software,1,3557,3557,Edinburgh
2024-11-28,PwC,CRM Software,2,4657,9314,Leeds
2025-04-12,EY,Analytics Dashboard,7,4332,30324,Leeds
2024-04-26,EY,Analytics Dashboard,2,4650,9300,Manchester
2024-02-11,Amazon,CRM Software,7,952,6664,Manchester
2025-01-28,Accenture,Analytics Dashboard,3,1716,5148,Leeds
2024-03-18,HSBC,CRM Software,1,1668,1668,Edinburgh
2024-02-27,Amazon,Data Warehouse,8,2694,21552,Leeds
2024-11-01,Deloitte,CRM Software,8,945,7560,Edinburgh
2025-07-08,Deloitte,Data Warehouse,6,2348,14088,London
2024-03-11,Accenture,Analytics Dashboard,5,591,2955,Leeds
2025-04-30,Barclays,AI Platform,5,2312,11560,Manchester
2025-12-10,Amazon,CRM Software,3,1907,5721,London
2024-07-11,PwC,Cloud Suite,5,1051,5255,Birmingham
2024-06-01,Barclays,CRM Software,7,3231,22617,Edinburgh
2024-07-02,Google,Analytics Dashboard,5,2748,13740,London
2025-05-23,KPMG,Analytics Dashboard,3,1003,3009,Manchester
2024-02-11,Infosys,Data Warehouse,9,1540,13860,Birmingham
2024-09-14,EY,Analytics Dashboard,1,1257,1257,Birmingham
2024-03-21,Google,Data Warehouse,8,3959,31672,London
2025-12-09,TCS,Data Warehouse,8,2832,22656,London
2024-07-14,PwC,CRM Software,2,2461,4922,London
2025-12-23,TCS,Cloud Suite,1,843,843,Birmingham
2025-09-02,Google,AI Platform,1,3906,3906,Leeds
2024-09-21,TCS,Data Warehouse,3,2249,6747,Birmingham
2024-07-29,TCS,Data Warehouse,1,3272,3272,London
2024-04-18,Deloitte,Cloud Suite,7,3439,24073,Manchester
2024-01-27,TCS,Cloud Suite,7,1488,10416,Manchester
2025-03-03,Microsoft,Cloud Suite,7,1925,13475,Leeds
2024-02-07,Infosys,AI Platform,9,1778,16002,Birmingham
2025-06-30,KPMG,CRM Software,4,4039,16156,London
2025-02-15,TCS,Cloud Suite,6,3730,22380,Leeds
2025-11-08,Google,Data Warehouse,8,1658,13264,London
2024-12-16,TCS,Cloud Suite,5,4773,23865,Manchester
2024-12-23,TCS,Data Warehouse,7,2564,17948,Leeds
2024-11-22,Amazon,Analytics Dashboard,7,2522,17654,Manchester
2025-12-10,KPMG,CRM Software,3,917,2751,Leeds
2024-03-18,Barclays,Cloud Suite,5,2761,13805,Manchester
2025-07-16,PwC,CRM Software,1,1792,1792,Manchester
2024-01-04,Accenture,AI Platform,4,824,3296,Manchester
2025-12-17,PwC,CRM Software,8,4057,32456,Leeds
2024-05-31,Infosys,Analytics Dashboard,3,2871,8613,London
2024-06-16,Barclays,Analytics Dashboard,8,3867,30936,Edinburgh
2024-11-19,Infosys,AI Platform,4,2267,9068,London
2024-12-20,Deloitte,AI Platform,2,4332,8664,Edinburgh
2024-06-28,KPMG,Data Warehouse,6,1890,11340,Birmingham
2025-03-14,PwC,Analytics Dashboard,8,4186,33488,Edinburgh
2025-11-23,TCS,CRM Software,8,4457,35656,Edinburgh
2025-06-30,PwC,CRM Software,7,2664,18648,Manchester
2024-04-25,KPMG,Analytics Dashboard,8,3090,24720,Birmingham
2024-08-24,Google,CRM Software,2,1593,3186,London
2025-03-22,EY,AI Platform,2,3258,6516,London
2025-07-10,Infosys,CRM Software,7,1593,11151,Manchester
2024-08-01,EY,AI Platform,1,4432,4432,Edinburgh
2024-02-18,EY,AI Platform,6,2680,16080,Manchester
2024-06-14,Barclays,CRM Software,5,4326,21630,Manchester
2025-08-13,Accenture,Analytics Dashboard,2,586,1172,London
2024-01-16,Barclays,Analytics Dashboard,2,4239,8478,Manchester
2024-12-15,Amazon,Analytics Dashboard,5,3946,19730,Leeds
2024-06-29,Google,CRM Software,4,4433,17732,Manchester
2025-05-07,Infosys,Cloud Suite,7,2082,14574,Edinburgh
2024-07-05,Barclays,CRM Software,7,1487,10409,Manchester
2025-07-18,Accenture,Analytics Dashboard,9,848,7632,Edinburgh
2024-06-27,Google,Data Warehouse,3,4624,13872,Leeds
2025-06-06,Deloitte,Cloud Suite,1,2568,2568,Manchester
2025-08-25,EY,Analytics Dashboard,2,2670,5340,London
2025-03-22,PwC,Analytics Dashboard,7,3444,24108,London
2024-02-12,Barclays,Data Warehouse,3,3250,9750,Birmingham
2024-07-28,TCS,CRM Software,5,3324,16620,Manchester
2024-07-06,Barclays,CRM Software,2,1001,2002,Edinburgh
2024-02-18,Barclays,AI Platform,3,1469,4407,Edinburgh
2024-08-05,HSBC,CRM Software,6,2802,16812,Leeds
2024-01-26,Microsoft,CRM Software,1,4227,4227,Edinburgh
2024-09-15,EY,CRM Software,8,707,5656,Birmingham
2024-05-28,KPMG,Analytics Dashboard,6,3661,21966,Manchester
2024-12-23,Amazon,Analytics Dashboard,8,3323,26584,London
2025-09-20,Google,CRM Software,8,4966,39728,Edinburgh
2025-03-23,Microsoft,Data Warehouse,8,3873,30984,Manchester
2024-09-05,Amazon,Cloud Suite,6,4375,26250,Leeds
2024-12-30,Barclays,CRM Software,6,1338,8028,London
2024-04-02,Barclays,Data Warehouse,6,4754,28524,Edinburgh
2024-08-12,Amazon,AI Platform,9,3058,27522,Birmingham
2024-08-03,Accenture,CRM Software,3,2340,7020,Birmingham
2024-08-07,Microsoft,CRM Software,5,4218,21090,Manchester
2025-11-06,Amazon,Analytics Dashboard,2,3084,6168,London
2024-05-08,Google,Cloud Suite,4,2217,8868,Edinburgh
2024-03-07,Barclays,CRM Software,6,1064,6384,Manchester
2025-05-20,KPMG,Cloud Suite,6,1304,7824,Leeds
2024-04-12,Microsoft,Data Warehouse,1,4532,4532,London
2024-04-26,EY,CRM Software,9,4641,41769,Birmingham
2024-08-03,Barclays,Data Warehouse,1,3083,3083,Manchester
2025-06-30,Microsoft,Data Warehouse,4,4571,18284,Birmingham
2024-08-30,Barclays,AI Platform,2,3252,6504,Manchester
2024-04-24,EY,Analytics Dashboard,5,2941,14705,Birmingham
2025-04-26,Google,AI Platform,2,4854,9708,Leeds
2024-01-07,Deloitte,Cloud Suite,1,675,675,Manchester
2025-03-30,EY,Data Warehouse,2,1175,2350,Leeds
2024-11-28,Deloitte,Data Warehouse,8,1046,8368,Leeds
2025-03-14,Amazon,Cloud Suite,3,2100,6300,Edinburgh
2025-10-01,PwC,Analytics Dashboard,4,2615,10460,Leeds
2025-11-22,HSBC,Cloud Suite,2,1987,3974,London
2025-06-17,KPMG,CRM Software,4,2931,11724,Leeds
2025-09-06,Google,CRM Software,6,1101,6606,Edinburgh
2024-12-01,TCS,Analytics Dashboard,9,600,5400,Manchester
2024-06-24,Infosys,AI Platform,3,4525,13575,Manchester
2025-05-09,PwC,Data Warehouse,2,1254,2508,London
2024-07-29,Infosys,CRM Software,2,4735,9470,Edinburgh
2025-01-25,Google,Data Warehouse,3,3960,11880,London
2025-05-20,Accenture,Cloud Suite,1,861,861,London
2025-03-08,Deloitte,Data Warehouse,4,2181,8724,London
2025-07-27,Amazon,CRM Software,2,3009,6018,London
2024-05-22,Barclays,Cloud Suite,4,2629,10516,Manchester
2025-03-16,Deloitte,Data Warehouse,7,1219,8533,Birmingham
2024-09-26,PwC,Analytics Dashboard,2,4657,9314,Manchester
2024-11-15,Barclays,CRM Software,2,2055,4110,Manchester
2024-04-21,Amazon,AI Platform,6,960,5760,Leeds
2025-04-06,Deloitte,Data Warehouse,4,4376,17504,Leeds
2024-04-07,TCS,CRM Software,6,1426,8556,Edinburgh
2025-10-10,Accenture,AI Platform,3,1041,3123,Manchester
2024-07-22,PwC,Cloud Suite,9,4369,39321,London
2025-01-20,PwC,Data Warehouse,9,4262,38358,Edinburgh
2024-10-26,PwC,AI Platform,2,1968,3936,London
2024-06-20,TCS,Cloud Suite,2,2145,4290,Edinburgh
2024-02-27,Accenture,Data Warehouse,8,1182,9456,London
2024-06-10,HSBC,Analytics Dashboard,3,2573,7719,London
2024-05-05,Microsoft,CRM Software,6,1310,7860,Leeds
2025-11-28,Deloitte,Cloud Suite,1,2007,2007,Manchester
2025-06-06,Google,Cloud Suite,2,1096,2192,Leeds
2025-09-07,EY,Data Warehouse,6,4264,25584,Birmingham
2025-09-17,Infosys,CRM Software,8,2133,17064,London
2024-11-24,PwC,Data Warehouse,8,4876,39008,Birmingham
2025-12-19,Microsoft,Analytics Dashboard,7,2573,18011,Birmingham
2025-12-02,PwC,Cloud Suite,7,4764,33348,London
2024-08-16,PwC,AI Platform,7,4218,29526,Manchester
2025-06-07,Microsoft,CRM Software,5,3512,17560,London
2024-10-08,HSBC,CRM Software,1,2270,2270,Manchester
2024-04-26,Accenture,CRM Software,7,3476,24332,Manchester
2025-11-18,Deloitte,AI Platform,6,4469,26814,London
2025-10-07,KPMG,Cloud Suite,8,2446,19568,London
2024-03-12,TCS,Cloud Suite,1,2282,2282,Edinburgh
2024-07-04,Barclays,Cloud Suite,7,2175,15225,Birmingham
2024-10-04,PwC,Cloud Suite,9,3200,28800,Edinburgh
2024-08-20,Accenture,CRM Software,7,750,5250,London
2024-03-19,EY,Cloud Suite,9,725,6525,Birmingham
2024-07-04,KPMG,Analytics Dashboard,6,2678,16068,Manchester
2025-09-23,Infosys,AI Platform,3,2870,8610,Manchester
2025-09-06,Amazon,Data Warehouse,5,620,3100,Leeds
2024-05-08,Infosys,Data Warehouse,2,832,1664,London
2024-05-09,HSBC,CRM Software,8,3670,29360,Leeds
2024-05-18,Google,Cloud Suite,3,1513,4539,Leeds
2024-12-16,Accenture,AI Platform,1,2611,2611,Birmingham
2025-10-25,Google,Cloud Suite,6,2406,14436,Manchester
2025-06-24,PwC,Cloud Suite,9,1960,17640,Birmingham
2025-05-16,Accenture,Cloud Suite,9,3353,30177,Edinburgh
2025-02-08,Infosys,Cloud Suite,6,3562,21372,Leeds
2024-12-21,TCS,CRM Software,1,3186,3186,Birmingham
2025-11-10,Accenture,Data Warehouse,3,575,1725,Leeds
2024-09-04,Barclays,CRM Software,9,1608,14472,Birmingham
2024-03-09,PwC,Analytics Dashboard,1,3275,3275,London
2025-02-26,HSBC,Analytics Dashboard,7,1900,13300,Manchester
2025-09-08,Infosys,Analytics Dashboard,2,1370,2740,Edinburgh
2025-06-16,Accenture,CRM Software,4,1440,5760,Edinburgh
2024-01-20,Barclays,Data Warehouse,2,2060,4120,Manchester
2025-09-24,Accenture,AI Platform,9,3284,29556,London
2024-01-13,PwC,Data Warehouse,9,2918,26262,Birmingham
2024-11-27,HSBC,Cloud Suite,6,1728,10368,London
2025-11-17,Barclays,Analytics Dashboard,5,3015,15075,Edinburgh
2025-04-16,Microsoft,AI Platform,8,2763,22104,Manchester
2024-07-30,TCS,Cloud Suite,4,831,3324,Edinburgh
2025-07-04,Amazon,Data Warehouse,9,3237,29133,Edinburgh
2025-11-30,Infosys,Cloud Suite,4,4580,18320,Edinburgh
2024-08-01,Amazon,Cloud Suite,8,4741,37928,Leeds
2024-03-30,HSBC,Data Warehouse,7,1027,7189,Birmingham
2025-04-18,KPMG,CRM Software,7,932,6524,London
2024-06-01,HSBC,AI Platform,7,2604,18228,Birmingham
2024-07-04,EY,Analytics Dashboard,5,3013,15065,London
2025-05-02,KPMG,AI Platform,1,2451,2451,Edinburgh
2024-01-17,PwC,Analytics Dashboard,6,1494,8964,Edinburgh
2025-06-29,EY,AI Platform,4,1341,5364,Manchester
2024-12-09,HSBC,Analytics Dashboard,1,1530,1530,Birmingham
2024-01-16,Microsoft,Data Warehouse,3,4324,12972,Edinburgh
2025-11-20,Infosys,Data Warehouse,1,1811,1811,London
2024-05-13,Microsoft,Analytics Dashboard,4,1589,6356,London
2025-08-26,HSBC,CRM Software,6,4854,29124,Leeds
2024-04-12,Deloitte,AI Platform,5,1721,8605,Edinburgh
2024-08-13,Accenture,AI Platform,6,4282,25692,Manchester
2025-06-26,Microsoft,Analytics Dashboard,1,3991,3991,Manchester
2025-05-10,Microsoft,CRM Software,6,4430,26580,London
2024-07-05,EY,Cloud Suite,2,3608,7216,Manchester
2024-05-16,TCS,Analytics Dashboard,8,1415,11320,Manchester
2024-03-26,PwC,CRM Software,3,2482,7446,Birmingham
2025-03-08,Google,Data Warehouse,7,895,6265,Birmingham
2025-09-04,HSBC,CRM Software,2,4190,8380,Manchester
2024-12-29,KPMG,Data Warehouse,4,4983,19932,Manchester
2024-06-14,Google,Analytics Dashboard,3,3471,10413,Manchester
2024-05-02,Microsoft,CRM Software,5,3845,19225,Manchester
2024-04-27,Accenture,Analytics Dashboard,9,4054,36486,Birmingham
2025-12-03,TCS,Data Warehouse,3,1434,4302,Leeds
2024-03-15,Google,AI Platform,5,3742,18710,Birmingham
2025-07-13,Barclays,CRM Software,4,1674,6696,Edinburgh
2024-03-09,EY,Data Warehouse,8,1020,8160,London
2025-01-05,PwC,CRM Software,5,742,3710,London
2025-05-26,Deloitte,Analytics Dashboard,2,2041,4082,Birmingham
2025-01-30,EY,Data Warehouse,2,1269,2538,Edinburgh
2025-04-24,Google,Data Warehouse,1,1939,1939,Birmingham
2024-12-09,Barclays,Analytics Dashboard,2,3403,6806,Edinburgh
2024-10-06,Barclays,Cloud Suite,8,1570,12560,Birmingham
2024-08-01,Barclays,AI Platform,2,1055,2110,Leeds
2024-11-08,Infosys,Data Warehouse,8,2927,23416,Edinburgh
2025-11-04,Infosys,Cloud Suite,3,2663,7989,Edinburgh
2024-02-11,TCS,Analytics Dashboard,2,3013,6026,Leeds
2024-10-06,Microsoft,Cloud Suite,6,3808,22848,Edinburgh
2025-03-31,EY,Analytics Dashboard,4,1492,5968,London
2024-12-19,Microsoft,Cloud Suite,9,3578,32202,Leeds
2024-07-08,Google,Data Warehouse,5,4215,21075,Manchester
2024-12-29,Amazon,Data Warehouse,5,4306,21530,Manchester
2024-09-06,EY,Analytics Dashboard,8,1334,10672,Edinburgh
2025-03-30,KPMG,Cloud Suite,3,2605,7815,London
2024-10-30,PwC,Cloud Suite,9,2720,24480,Manchester
2025-08-12,TCS,AI Platform,3,3610,10830,Birmingham
2025-09-07,Accenture,Data Warehouse,3,783,2349,Edinburgh
2025-09-26,Deloitte,Cloud Suite,3,2294,6882,Edinburgh
2024-04-14,KPMG,Analytics Dashboard,2,4393,8786,Birmingham
2024-08-08,Infosys,Cloud Suite,9,3938,35442,Manchester
2024-12-14,Deloitte,Cloud Suite,2,735,1470,Edinburgh
2025-03-19,Deloitte,Data Warehouse,8,1248,9984,Birmingham
2025-04-24,Infosys,AI Platform,4,1009,4036,Edinburgh
2025-07-22,Accenture,Cloud Suite,9,2634,23706,Birmingham
2024-07-17,HSBC,Data Warehouse,2,1804,3608,Birmingham
2025-12-02,Google,Cloud Suite,6,4222,25332,Birmingham
2025-11-05,Deloitte,CRM Software,8,2069,16552,Leeds
2024-09-29,Deloitte,Data Warehouse,6,3280,19680,London
2025-03-19,Deloitte,CRM Software,5,2221,11105,Edinburgh
2024-07-15,Accenture,Analytics Dashboard,9,564,5076,Leeds
2024-08-26,Microsoft,Cloud Suite,9,868,7812,London
2024-07-13,Infosys,Data Warehouse,9,1188,10692,London
2024-08-04,Infosys,Data Warehouse,7,2600,18200,Manchester
2025-12-18,Google,AI Platform,8,4713,37704,Leeds
2024-09-09,TCS,Analytics Dashboard,4,2393,9572,Birmingham
2025-12-08,EY,CRM Software,8,2260,18080,Manchester
2024-04-02,Infosys,Data Warehouse,7,4826,33782,Manchester
2025-07-27,Accenture,AI Platform,9,4949,44541,Edinburgh
2024-11-28,Google,Data Warehouse,9,3211,28899,Leeds
2025-10-18,KPMG,CRM Software,2,4879,9758,Leeds
2025-10-16,Microsoft,AI Platform,4,2236,8944,Birmingham
2025-10-26,Google,CRM Software,5,4958,24790,Edinburgh
2025-10-14,TCS,Analytics Dashboard,9,1894,17046,Birmingham
2024-02-16,Google,Analytics Dashboard,7,4120,28840,Manchester
2025-08-20,Microsoft,AI Platform,4,3150,12600,London
2024-12-02,Accenture,Data Warehouse,8,2031,16248,Manchester
2025-01-15,Deloitte,Analytics Dashboard,2,1731,3462,Birmingham
2025-01-10,Microsoft,CRM Software,9,2125,19125,Leeds
2025-03-19,TCS,AI Platform,9,2458,22122,Manchester
2025-11-18,TCS,AI Platform,7,901,6307,Manchester
2024-08-23,Infosys,Data Warehouse,3,725,2175,London
2024-11-13,HSBC,Cloud Suite,8,4428,35424,Manchester
2024-03-26,Infosys,Cloud Suite,8,1343,10744,Edinburgh
2025-08-26,Barclays,Analytics Dashboard,4,632,2528,London
2024-11-09,Infosys,CRM Software,6,2313,13878,Birmingham
2025-11-21,Google,CRM Software,2,661,1322,Birmingham
2024-04-13,Deloitte,Analytics Dashboard,6,2463,14778,Manchester
2024-08-29,Google,Cloud Suite,1,3561,3561,London
2025-12-01,PwC,Analytics Dashboard,6,1941,11646,London
2024-02-13,TCS,AI Platform,3,4485,13455,Edinburgh
2024-04-17,Infosys,Analytics Dashboard,1,2226,2226,Manchester
2024-09-23,Barclays,Analytics Dashboard,9,1186,10674,Manchester
2024-12-22,Deloitte,Data Warehouse,5,2310,11550,Birmingham
2025-08-16,HSBC,Analytics Dashboard,3,2850,8550,Manchester
2025-11-22,Infosys,AI Platform,1,2943,2943,Edinburgh
2024-05-17,Google,AI Platform,1,4247,4247,Edinburgh
2024-10-19,EY,AI Platform,7,3186,22302,Manchester
2024-07-27,Google,AI Platform,7,1389,9723,Birmingham
2024-11-24,TCS,Analytics Dashboard,4,2263,9052,Leeds
2025-03-16,Google,Analytics Dashboard,5,4506,22530,London
2025-01-30,KPMG,Analytics Dashboard,2,1882,3764,London
2024-03-15,KPMG,Data Warehouse,2,1520,3040,Edinburgh
2025-08-15,HSBC,Data Warehouse,3,4185,12555,Edinburgh
2024-08-16,KPMG,AI Platform,8,4537,36296,Edinburgh
2025-06-21,Google,AI Platform,7,4550,31850,Birmingham
2025-10-30,Infosys,Cloud Suite,3,2871,8613,Manchester
2024-11-21,Deloitte,AI Platform,5,2096,10480,Leeds
2025-03-30,Amazon,AI Platform,1,692,692,Birmingham
2025-06-13,Accenture,Data Warehouse,1,3416,3416,Leeds
2024-02-21,PwC,Cloud Suite,9,1298,11682,Birmingham
2025-02-04,Google,CRM Software,4,1097,4388,Edinburgh
2024-06-01,KPMG,CRM Software,4,2199,8796,Leeds
2025-10-22,Barclays,CRM Software,7,1165,8155,Leeds
2024-06-09,Microsoft,Data Warehouse,1,648,648,Leeds
2025-02-16,TCS,Analytics Dashboard,9,2822,25398,London
2024-03-06,Barclays,Data Warehouse,2,3105,6210,London
2024-03-31,Deloitte,CRM Software,9,1907,17163,Birmingham
2025-09-18,Deloitte,Analytics Dashboard,1,3355,3355,London
2024-12-06,Amazon,Data Warehouse,9,4797,43173,Manchester
2024-12-28,TCS,Data Warehouse,8,3102,24816,Birmingham
2024-07-04,Amazon,CRM Software,5,633,3165,London
2025-01-24,KPMG,AI Platform,8,4236,33888,Edinburgh
2024-03-19,Accenture,Analytics Dashboard,8,3417,27336,Edinburgh
2024-09-02,PwC,Cloud Suite,1,801,801,Leeds
2025-12-16,Barclays,Analytics Dashboard,2,1050,2100,Birmingham
2024-10-18,EY,AI Platform,2,3996,7992,Manchester
2024-07-02,Microsoft,AI Platform,7,4572,32004,Manchester
2025-11-30,KPMG,Analytics Dashboard,6,3894,23364,Birmingham
2025-09-12,EY,Data Warehouse,6,2085,12510,Manchester
2024-03-11,KPMG,Cloud Suite,4,4188,16752,Manchester
2024-03-24,KPMG,Analytics Dashboard,7,3153,22071,Manchester
2024-05-12,Infosys,AI Platform,2,3014,6028,Manchester
2024-07-31,EY,CRM Software,7,2696,18872,Leeds
2025-01-30,Barclays,Data Warehouse,2,2164,4328,London
2024-09-26,EY,CRM Software,8,3503,28024,Edinburgh
2024-07-26,Microsoft,CRM Software,8,921,7368,London
2025-05-11,Infosys,Analytics Dashboard,3,2334,7002,Edinburgh
2024-06-13,Deloitte,Cloud Suite,6,2447,14682,Edinburgh
2025-01-21,EY,Cloud Suite,3,4980,14940,Edinburgh
2025-09-25,Accenture,Cloud Suite,1,1169,1169,Leeds
2024-03-31,Amazon,Cloud Suite,1,4935,4935,Edinburgh
2024-12-21,TCS,CRM Software,4,604,2416,Manchester
2025-12-16,Accenture,Analytics Dashboard,7,1145,8015,Birmingham
2024-02-17,Google,CRM Software,1,870,870,Edinburgh
2025-05-01,PwC,CRM Software,1,4787,4787,Manchester
2024-08-01,Microsoft,CRM Software,1,4149,4149,Leeds
2025-11-30,KPMG,Analytics Dashboard,9,2749,24741,Leeds
2024-02-06,EY,CRM Software,9,2496,22464,Manchester
2025-12-06,Deloitte,Cloud Suite,3,1724,5172,Leeds
2025-06-30,Amazon,CRM Software,1,2940,2940,Leeds
2025-09-14,PwC,AI Platform,5,2029,10145,London
2024-08-02,Google,Data Warehouse,9,3534,31806,London
2024-06-10,Amazon,Data Warehouse,1,4820,4820,Birmingham
2025-11-30,Barclays,CRM Software,2,4764,9528,Edinburgh
2025-03-17,EY,Data Warehouse,5,2043,10215,Manchester
2025-07-01,HSBC,Data Warehouse,4,3779,15116,Leeds
2024-04-13,Barclays,Cloud Suite,5,1629,8145,Manchester
2024-10-03,Deloitte,Data Warehouse,4,3709,14836,London
2025-06-29,TCS,AI Platform,2,2864,5728,Manchester
2025-11-24,EY,AI Platform,1,1282,1282,London
2025-06-23,Google,CRM Software,1,4437,4437,Edinburgh
2025-10-12,TCS,Cloud Suite,3,2670,8010,London
2025-05-09,Amazon,Cloud Suite,8,1416,11328,Edinburgh
2024-11-10,KPMG,CRM Software,6,2436,14616,Birmingham
2024-01-20,Amazon,Cloud Suite,5,3703,18515,Leeds
2024-02-23,Accenture,AI Platform,3,1481,4443,Leeds
2025-04-02,KPMG,Analytics Dashboard,6,2277,13662,Manchester
2024-12-15,KPMG,Cloud Suite,1,2280,2280,Manchester
2025-06-10,HSBC,Data Warehouse,8,3901,31208,Edinburgh
2024-04-23,PwC,Analytics Dashboard,5,798,3990,Leeds
2024-06-26,Accenture,Cloud Suite,9,1377,12393,Birmingham
2025-11-01,Accenture,Data Warehouse,6,3255,19530,Manchester
2025-09-14,Google,AI Platform,3,3056,9168,Birmingham
2025-04-21,Infosys,AI Platform,8,1598,12784,Manchester
2025-07-21,Barclays,AI Platform,3,1180,3540,Leeds
2024-01-23,Amazon,Cloud Suite,2,2691,5382,London
2025-10-29,PwC,AI Platform,5,2963,14815,Manchester
2025-03-31,Infosys,AI Platform,2,3667,7334,Manchester
2024-06-04,HSBC,AI Platform,1,2524,2524,Manchester
2025-03-14,EY,Analytics Dashboard,6,4991,29946,Edinburgh
2025-04-08,PwC,Cloud Suite,9,1793,16137,Manchester
2024-11-05,Accenture,Cloud Suite,2,1937,3874,London
2024-09-09,PwC,Data Warehouse,8,722,5776,Birmingham
2024-08-23,Barclays,AI Platform,4,3068,12272,Edinburgh
2025-11-07,Infosys,Data Warehouse,3,1576,4728,Birmingham
2025-10-09,EY,Analytics Dashboard,8,1369,10952,Leeds
2025-07-13,Infosys,CRM Software,4,4800,19200,Edinburgh
2024-03-13,EY,Data Warehouse,9,576,5184,Manchester
2025-09-05,Accenture,CRM Software,7,3373,23611,Birmingham
2024-03-28,PwC,AI Platform,5,3125,15625,Manchester
2025-01-16,Barclays,CRM Software,9,4308,38772,Edinburgh
2025-01-02,EY,AI Platform,1,2699,2699,Edinburgh
2024-10-29,KPMG,AI Platform,8,2160,17280,Leeds
2025-08-18,Infosys,CRM Software,1,2610,2610,Birmingham
2025-07-14,PwC,AI Platform,2,3151,6302,London
2025-04-07,Google,Data Warehouse,6,1441,8646,London
2024-09-02,TCS,Analytics Dashboard,9,2087,18783,London
2024-03-06,Barclays,Data Warehouse,1,3914,3914,Edinburgh
2024-02-24,Amazon,CRM Software,4,3888,15552,London
2025-10-23,PwC,Data Warehouse,2,3932,7864,Manchester
2025-08-01,Accenture,AI Platform,7,1230,8610,London
2025-09-16,HSBC,Analytics Dashboard,9,4971,44739,Edinburgh
2024-09-27,PwC,CRM Software,7,4671,32697,Leeds
2025-10-04,Amazon,Cloud Suite,9,3469,31221,Manchester
2024-01-23,Google,Analytics Dashboard,5,3971,19855,London
2024-01-13,TCS,Analytics Dashboard,3,4121,12363,Leeds
2025-12-05,KPMG,Analytics Dashboard,9,1152,10368,Edinburgh
2025-12-19,Infosys,Data Warehouse,4,3991,15964,Birmingham
2025-10-01,Amazon,Cloud Suite,4,4743,18972,London
2024-12-30,TCS,Analytics Dashboard,2,3153,6306,Leeds
2024-08-16,EY,AI Platform,5,4721,23605,Manchester
2025-12-02,Amazon,Analytics Dashboard,4,1780,7120,London
2024-10-07,Infosys,CRM Software,5,1116,5580,Birmingham
2024-05-26,Google,AI Platform,6,4177,25062,Manchester
2024-05-23,Deloitte,Cloud Suite,1,2221,2221,London
2025-02-03,Accenture,Data Warehouse,8,3970,31760,Birmingham
2024-03-12,KPMG,Cloud Suite,3,996,2988,Leeds
2025-06-18,EY,CRM Software,1,823,823,London
2024-12-11,Deloitte,Data Warehouse,2,1903,3806,Birmingham
2025-10-25,Microsoft,Analytics Dashboard,6,1538,9228,Manchester
2024-10-23,Infosys,Data Warehouse,9,1575,14175,Leeds
2025-07-30,Deloitte,Data Warehouse,5,2289,11445,Edinburgh
2024-07-28,Barclays,AI Platform,6,3675,22050,Leeds
2024-02-22,TCS,Cloud Suite,6,1799,10794,Manchester
2024-04-14,Accenture,Cloud Suite,7,1681,11767,Edinburgh
2025-09-22,PwC,Cloud Suite,5,4696,23480,Leeds
2025-01-27,Google,Cloud Suite,7,946,6622,Edinburgh
2024-11-12,Microsoft,Data Warehouse,6,1745,10470,London
2025-06-11,Barclays,AI Platform,9,3422,30798,Manchester
2025-08-24,Microsoft,Cloud Suite,9,864,7776,London
2024-09-25,Accenture,Analytics Dashboard,3,3336,10008,Leeds
2025-04-24,Amazon,Analytics Dashboard,8,1273,10184,Edinburgh
2024-12-18,EY,Analytics Dashboard,1,3528,3528,Manchester
2024-07-10,PwC,Analytics Dashboard,6,743,4458,London
2025-04-12,KPMG,Cloud Suite,2,1103,2206,Edinburgh
2024-03-13,Infosys,CRM Software,8,4270,34160,Leeds
2024-07-04,Microsoft,CRM Software,3,1286,3858,Edinburgh
2024-05-01,PwC,Cloud Suite,8,4677,37416,Leeds
2024-12-21,Accenture,CRM Software,1,2103,2103,Leeds
2025-07-26,Infosys,CRM Software,4,2877,11508,London
2024-11-18,KPMG,AI Platform,9,1211,10899,Birmingham
2025-06-22,Amazon,Cloud Suite,6,4852,29112,Edinburgh
2024-08-27,Google,Analytics Dashboard,7,770,5390,Manchester
2024-12-04,Microsoft,Cloud Suite,7,2212,15484,London
2024-12-04,HSBC,Analytics Dashboard,4,2285,9140,Manchester
2024-01-23,Microsoft,AI Platform,4,4798,19192,Edinburgh
2024-08-31,Google,Analytics Dashboard,9,4193,37737,Edinburgh
2025-01-14,Accenture,Data Warehouse,8,1569,12552,Manchester
2025-07-08,Deloitte,CRM Software,7,4719,33033,Manchester
2024-11-24,Infosys,Data Warehouse,9,3433,30897,Manchester
2024-08-04,KPMG,Data Warehouse,2,4363,8726,Birmingham
2024-06-13,Barclays,Analytics Dashboard,7,3506,24542,Manchester
2024-03-05,Microsoft,Data Warehouse,9,2401,21609,Birmingham
2024-03-14,Infosys,AI Platform,4,3170,12680,Manchester
2024-08-27,HSBC,CRM Software,9,638,5742,Birmingham
2024-03-10,Deloitte,CRM Software,6,1067,6402,Edinburgh
2025-11-17,Infosys,Cloud Suite,4,1139,4556,Manchester
2024-11-20,Accenture,Data Warehouse,2,3485,6970,Manchester
2025-05-12,Deloitte,CRM Software,1,1076,1076,London
2024-02-07,Amazon,Cloud Suite,1,4978,4978,London
2024-06-06,Amazon,AI Platform,8,932,7456,London
2024-09-24,HSBC,AI Platform,1,3340,3340,London
2025-11-02,Accenture,Cloud Suite,3,2596,7788,Birmingham
2024-11-11,Infosys,CRM Software,2,4412,8824,London
2024-12-31,EY,CRM Software,1,2084,2084,Leeds
2025-03-19,EY,Cloud Suite,3,1476,4428,Manchester
2024-10-19,Accenture,AI Platform,7,3719,26033,Edinburgh
2025-12-04,Barclays,Cloud Suite,1,4683,4683,London
2025-12-26,TCS,AI Platform,9,4144,37296,Birmingham
2025-06-22,Barclays,Cloud Suite,9,4832,43488,Birmingham
2024-06-29,HSBC,Cloud Suite,7,3534,24738,Leeds
2025-04-17,Infosys,Data Warehouse,4,4521,18084,London
2025-05-07,Infosys,Analytics Dashboard,9,2009,18081,Edinburgh
2025-07-08,PwC,Analytics Dashboard,5,2148,10740,Birmingham
2025-10-05,HSBC,Cloud Suite,9,4311,38799,Birmingham
2024-05-01,Deloitte,CRM Software,6,2922,17532,Manchester
2024-03-03,Microsoft,Data Warehouse,1,3999,3999,Leeds
2025-03-02,HSBC,Cloud Suite,1,1689,1689,Edinburgh
2025-10-10,Infosys,CRM Software,2,2911,5822,Birmingham
2025-09-29,Accenture,CRM Software,9,2884,25956,Birmingham
2025-10-31,EY,CRM Software,3,4602,13806,London
2025-07-19,Microsoft,Cloud Suite,7,2789,19523,Birmingham
2025-06-26,Deloitte,Analytics Dashboard,1,1265,1265,Edinburgh
2025-11-18,TCS,CRM Software,3,4718,14154,Manchester
2024-05-13,Infosys,AI Platform,9,3154,28386,Leeds
2024-01-23,Barclays,CRM Software,4,1687,6748,Birmingham
2024-08-03,Google,AI Platform,1,3482,3482,Manchester
2024-11-06,TCS,AI Platform,5,551,2755,Manchester
2024-06-19,EY,Analytics Dashboard,1,1171,1171,Manchester
2024-08-19,HSBC,Data Warehouse,5,1574,7870,Edinburgh
2024-09-16,Deloitte,Data Warehouse,3,3133,9399,Manchester
2024-07-02,Google,Cloud Suite,1,2838,2838,Edinburgh
2024-07-04,Infosys,Data Warehouse,1,4214,4214,Birmingham
2025-04-11,Amazon,AI Platform,4,4784,19136,Edinburgh
2025-01-22,Deloitte,Cloud Suite,1,2723,2723,Birmingham
2025-04-15,HSBC,AI Platform,7,951,6657,Edinburgh
2024-08-16,Infosys,CRM Software,9,3838,34542,London
2025-06-24,Google,Data Warehouse,3,4020,12060,Leeds
2024-03-01,Barclays,Analytics Dashboard,1,3337,3337,London
2024-05-21,TCS,AI Platform,6,1919,11514,Birmingham
2025-02-26,Deloitte,AI Platform,5,4675,23375,London
2024-04-21,Deloitte,CRM Software,4,971,3884,Manchester
2025-07-06,PwC,Analytics Dashboard,2,4501,9002,London
2025-02-15,PwC,CRM Software,1,3541,3541,London
2024-09-04,HSBC,Analytics Dashboard,7,3250,22750,Edinburgh
2025-12-01,Google,Data Warehouse,2,2131,4262,Edinburgh
2024-04-06,HSBC,AI Platform,8,1986,15888,Leeds
2024-05-11,KPMG,CRM Software,1,2005,2005,Manchester
2024-02-08,Barclays,Cloud Suite,1,788,788,Leeds
2025-06-11,HSBC,CRM Software,7,3819,26733,Manchester
2024-03-27,KPMG,Data Warehouse,1,3388,3388,Birmingham
2024-04-24,Accenture,AI Platform,3,1027,3081,Manchester
2025-01-21,KPMG,AI Platform,2,4028,8056,Edinburgh
2025-12-11,HSBC,Analytics Dashboard,9,915,8235,Edinburgh
2024-06-15,EY,Cloud Suite,5,1492,7460,Manchester
2024-10-01,EY,Cloud Suite,9,2256,20304,London
2024-03-29,Barclays,Data Warehouse,4,4982,19928,Birmingham
2024-06-02,Microsoft,Data Warehouse,8,1476,11808,Edinburgh
2025-05-07,Amazon,AI Platform,4,3401,13604,Manchester
2025-04-16,PwC,CRM Software,7,4372,30604,Edinburgh
2024-09-24,Infosys,AI Platform,6,3247,19482,Manchester
2024-01-19,EY,Data Warehouse,8,4353,34824,London
2024-01-10,EY,Analytics Dashboard,4,596,2384,Birmingham
2025-10-22,Barclays,AI Platform,9,956,8604,Birmingham
2024-09-29,TCS,AI Platform,8,707,5656,Manchester
2025-09-28,Infosys,AI Platform,1,4799,4799,London
2025-05-31,Infosys,Cloud Suite,1,1332,1332,Birmingham
2025-03-13,Microsoft,Analytics Dashboard,9,3053,27477,Edinburgh
2025-11-25,Microsoft,Analytics Dashboard,2,1189,2378,Edinburgh
2024-04-04,Deloitte,Cloud Suite,9,3996,35964,Birmingham
2025-03-12,Amazon,Analytics Dashboard,4,2691,10764,Leeds
2025-10-18,HSBC,Analytics Dashboard,9,3840,34560,Edinburgh
2024-09-24,Amazon,Analytics Dashboard,3,4972,14916,Manchester
2025-03-15,TCS,AI Platform,9,3600,32400,Birmingham
2025-09-03,Deloitte,Cloud Suite,3,2177,6531,Birmingham
2024-01-23,Google,Cloud Suite,7,2089,14623,Manchester
2025-04-17,Amazon,Cloud Suite,7,4912,34384,London
2025-12-27,Barclays,Data Warehouse,1,2471,2471,Manchester
2025-04-24,Microsoft,Cloud Suite,5,4718,23590,Birmingham
2025-10-09,Infosys,AI Platform,1,4351,4351,Leeds
2025-01-07,Amazon,Analytics Dashboard,7,4042,28294,Edinburgh
2024-03-09,Deloitte,AI Platform,6,4684,28104,Birmingham
2024-07-26,HSBC,Cloud Suite,5,3648,18240,Edinburgh
2024-02-16,Microsoft,Analytics Dashboard,2,1387,2774,Leeds
2024-06-02,Accenture,AI Platform,5,3648,18240,London
2025-05-02,PwC,Analytics Dashboard,7,3287,23009,Birmingham
2024-01-15,Microsoft,Analytics Dashboard,7,1349,9443,Birmingham
2025-03-02,Deloitte,Data Warehouse,6,2331,13986,London
2025-02-16,Accenture,Data Warehouse,9,4854,43686,Leeds
2024-05-22,Deloitte,AI Platform,3,1888,5664,Manchester
2025-12-20,EY,AI Platform,4,1600,6400,London
2025-05-31,HSBC,Analytics Dashboard,7,1281,8967,Leeds
2025-05-01,EY,Analytics Dashboard,6,2001,12006,Birmingham
2025-08-29,Amazon,CRM Software,7,1839,12873,Manchester
2025-09-15,HSBC,Analytics Dashboard,6,4272,25632,Edinburgh
2024-11-01,TCS,Analytics Dashboard,1,3867,3867,Edinburgh
2025-03-25,Microsoft,Analytics Dashboard,1,1711,1711,Leeds
2025-03-31,Amazon,Cloud Suite,2,2883,5766,Edinburgh
2025-04-13,Accenture,Analytics Dashboard,3,1595,4785,Leeds
2025-04-29,Microsoft,Cloud Suite,8,678,5424,Manchester
2025-03-25,Amazon,Data Warehouse,2,1309,2618,London
2025-02-23,Amazon,Data Warehouse,9,4316,38844,Leeds
2025-02-20,Accenture,CRM Software,6,2892,17352,Edinburgh
2024-01-18,Barclays,Cloud Suite,4,1091,4364,Edinburgh
2025-09-22,Infosys,Data Warehouse,9,3258,29322,London
2025-03-09,Barclays,Analytics Dashboard,9,2304,20736,Edinburgh
2024-01-22,Deloitte,CRM Software,5,1261,6305,Birmingham
2025-05-17,Accenture,Analytics Dashboard,5,1184,5920,Edinburgh
2024-05-17,KPMG,Data Warehouse,9,3231,29079,Leeds
2025-03-06,Microsoft,Analytics Dashboard,6,1920,11520,Edinburgh
2025-06-16,Deloitte,Analytics Dashboard,3,1904,5712,Leeds
2024-02-02,EY,Cloud Suite,3,4430,13290,Leeds
2024-03-10,Barclays,AI Platform,7,980,6860,Edinburgh
2025-02-28,Accenture,CRM Software,5,2392,11960,Leeds
2024-12-13,KPMG,Data Warehouse,3,3948,11844,London
2025-02-05,Deloitte,AI Platform,8,4626,37008,Edinburgh
2024-02-28,TCS,Cloud Suite,1,1758,1758,Birmingham
2024-07-09,KPMG,AI Platform,2,2202,4404,Manchester
2025-07-19,HSBC,Analytics Dashboard,3,2814,8442,Edinburgh
2024-04-30,EY,AI Platform,4,1637,6548,Leeds
2025-05-16,Barclays,CRM Software,1,3657,3657,London
2025-01-16,Amazon,Analytics Dashboard,3,1397,4191,Edinburgh
2024-09-12,PwC,Cloud Suite,7,4384,30688,Leeds
2024-06-17,Accenture,AI Platform,7,3631,25417,Birmingham
2024-08-22,HSBC,Cloud Suite,7,3392,23744,London
2025-05-05,Infosys,Cloud Suite,8,927,7416,London
2025-10-07,TCS,Data Warehouse,2,1335,2670,London
2024-05-14,KPMG,Analytics Dashboard,7,540,3780,Birmingham
2025-12-06,KPMG,Data Warehouse,6,2540,15240,Leeds
2024-06-14,Accenture,Analytics Dashboard,1,1615,1615,Birmingham
2025-06-26,Barclays,Analytics Dashboard,2,4758,9516,Leeds
2024-06-21,Barclays,Analytics Dashboard,7,3417,23919,London
2025-06-16,EY,Analytics Dashboard,1,806,806,Birmingham
2024-02-24,Google,CRM Software,1,742,742,Edinburgh
2025-08-22,Amazon,Data Warehouse,8,3609,28872,Birmingham
2024-07-13,Deloitte,AI Platform,1,1212,1212,Edinburgh
2025-06-21,Google,CRM Software,4,2004,8016,Leeds
2024-12-16,Barclays,Data Warehouse,7,580,4060,Leeds
2024-03-07,Deloitte,Cloud Suite,5,3170,15850,London
2025-04-12,EY,CRM Software,7,1519,10633,London
2025-03-14,PwC,CRM Software,6,4290,25740,Manchester
2025-11-24,Amazon,AI Platform,1,1412,1412,London
2025-03-15,TCS,CRM Software,7,1926,13482,Edinburgh
2025-11-06,PwC,Cloud Suite,8,1049,8392,Birmingham
2024-09-11,KPMG,Data Warehouse,7,977,6839,Birmingham
2024-07-08,Google,Data Warehouse,8,1255,10040,Leeds
2025-10-01,TCS,CRM Software,7,4560,31920,Edinburgh
2025-02-13,PwC,Cloud Suite,5,3686,18430,Edinburgh
2025-10-31,PwC,Analytics Dashboard,7,1060,7420,London
2025-05-15,Amazon,Cloud Suite,6,4792,28752,Edinburgh
2024-03-31,Infosys,Data Warehouse,3,1787,5361,Edinburgh
2024-04-04,Amazon,CRM Software,2,4261,8522,London
2024-07-12,KPMG,Analytics Dashboard,3,3767,11301,London
2025-05-12,EY,AI Platform,2,2397,4794,Birmingham
2024-08-08,Deloitte,Cloud Suite,8,1772,14176,Leeds
2024-10-02,KPMG,Analytics Dashboard,2,1764,3528,Edinburgh
2025-11-05,TCS,Cloud Suite,6,2173,13038,Leeds
2024-01-21,Accenture,Cloud Suite,7,2166,15162,Leeds
2024-01-29,Amazon,Data Warehouse,3,3399,10197,Edinburgh
2024-05-04,Microsoft,Analytics Dashboard,2,2790,5580,Manchester
2024-08-08,Amazon,CRM Software,3,581,1743,Manchester
2024-01-12,Google,AI Platform,1,1261,1261,Manchester
2024-01-26,PwC,Data Warehouse,1,4657,4657,Edinburgh
2025-08-29,PwC,AI Platform,8,4159,33272,Birmingham
2025-05-16,Amazon,Analytics Dashboard,9,1555,13995,Leeds
2024-11-14,TCS,AI Platform,3,1719,5157,Edinburgh
2024-03-26,TCS,Data Warehouse,4,4770,19080,Birmingham
2024-01-21,HSBC,AI Platform,2,4014,8028,London
2025-06-11,Deloitte,Data Warehouse,7,1877,13139,Birmingham
2025-07-31,Google,AI Platform,6,4437,26622,Leeds
2024-02-11,Amazon,Analytics Dashboard,1,4527,4527,London
2025-09-17,EY,AI Platform,4,4131,16524,Birmingham
2024-04-06,Google,Cloud Suite,4,2441,9764,Edinburgh
2024-07-26,EY,CRM Software,6,3536,21216,Birmingham
2024-03-14,TCS,AI Platform,4,4318,17272,Manchester
2024-11-27,Amazon,Analytics Dashboard,4,2191,8764,Manchester
2024-04-24,Amazon,Cloud Suite,4,3381,13524,Manchester
2024-09-01,KPMG,Cloud Suite,6,964,5784,Leeds
2024-01-19,KPMG,AI Platform,3,4483,13449,London
2024-04-21,KPMG,CRM Software,5,4919,24595,London
2025-02-17,Infosys,Cloud Suite,9,3878,34902,Manchester
2025-01-27,TCS,Cloud Suite,6,841,5046,Edinburgh
2025-03-18,EY,CRM Software,9,4688,42192,Birmingham
2024-05-17,Accenture,CRM Software,3,765,2295,London
2025-01-12,Barclays,Analytics Dashboard,8,1890,15120,London
2024-07-05,PwC,Cloud Suite,4,1134,4536,Birmingham
2025-11-22,PwC,Cloud Suite,2,2455,4910,Birmingham
2024-12-31,Infosys,CRM Software,3,1749,5247,London
2024-04-04,Deloitte,AI Platform,1,1745,1745,Birmingham
2024-11-13,PwC,CRM Software,1,4111,4111,Manchester
2024-10-08,Microsoft,Analytics Dashboard,7,4202,29414,Leeds
2025-10-07,Deloitte,AI Platform,3,3038,9114,Edinburgh
2025-04-16,Amazon,AI Platform,3,1616,4848,Edinburgh
2025-01-28,Microsoft,Data Warehouse,1,4154,4154,London
2024-09-09,Accenture,Data Warehouse,6,1829,10974,Edinburgh
2024-07-28,Accenture,AI Platform,6,3259,19554,Edinburgh
2025-02-19,Microsoft,Analytics Dashboard,6,1390,8340,Birmingham
2024-01-18,HSBC,CRM Software,5,1869,9345,London
2025-03-23,Deloitte,AI Platform,2,2394,4788,Manchester
2025-10-01,EY,CRM Software,1,1223,1223,Manchester
2024-04-21,PwC,Cloud Suite,5,1069,5345,Edinburgh
2025-06-29,Google,CRM Software,3,770,2310,London
2025-04-18,PwC,AI Platform,6,889,5334,Leeds
2025-12-19,Microsoft,CRM Software,7,620,4340,Edinburgh
2025-08-27,HSBC,Analytics Dashboard,5,1609,8045,Manchester
2024-08-14,Deloitte,Cloud Suite,2,1845,3690,Edinburgh
2024-11-13,Barclays,CRM Software,3,3864,11592,Edinburgh
2025-04-29,PwC,Analytics Dashboard,4,2415,9660,Leeds
2025-05-22,KPMG,Cloud Suite,4,3507,14028,Manchester
2025-02-27,Deloitte,AI Platform,8,1651,13208,Edinburgh
2025-07-21,Infosys,Cloud Suite,3,2994,8982,Manchester
2024-06-15,TCS,Data Warehouse,5,3875,19375,London
2024-11-22,EY,Cloud Suite,7,1552,10864,Manchester
2024-04-02,Amazon,Data Warehouse,3,1707,5121,London
2025-10-10,Deloitte,Cloud Suite,8,4218,33744,Birmingham
2025-10-07,KPMG,Analytics Dashboard,5,4029,20145,Leeds
2025-07-15,EY,Data Warehouse,8,536,4288,Edinburgh
2024-05-19,Accenture,Analytics Dashboard,8,4380,35040,Edinburgh
2025-09-09,Amazon,CRM Software,1,4383,4383,Birmingham
2025-12-20,PwC,Analytics Dashboard,7,3229,22603,Birmingham
2025-08-16,Accenture,CRM Software,2,4918,9836,Manchester
2024-09-08,Google,Analytics Dashboard,7,3117,21819,Leeds
2025-07-28,Infosys,Data Warehouse,7,4044,28308,London
2024-12-31,HSBC,CRM Software,3,4008,12024,Leeds
2024-02-09,Google,CRM Software,5,2400,12000,Manchester
2025-11-20,EY,Analytics Dashboard,1,2765,2765,Birmingham
2025-11-15,Infosys,Cloud Suite,5,916,4580,Leeds
2025-08-06,Google,Cloud Suite,5,1921,9605,Birmingham
2024-04-25,Amazon,Cloud Suite,1,3327,3327,Birmingham
2024-08-22,Amazon,CRM Software,6,1070,6420,London
2025-12-04,Microsoft,AI Platform,4,1091,4364,Edinburgh
2024-07-31,EY,Cloud Suite,6,4943,29658,London
2025-02-01,Google,Analytics Dashboard,1,4903,4903,London
2025-12-19,KPMG,Analytics Dashboard,2,4753,9506,Manchester
2025-07-07,Infosys,Analytics Dashboard,8,2774,22192,Birmingham
2025-06-13,Microsoft,Analytics Dashboard,7,3236,22652,Leeds
2024-01-22,TCS,Data Warehouse,9,1887,16983,Birmingham
2024-08-25,Google,CRM Software,6,779,4674,Birmingham
2025-08-17,EY,Analytics Dashboard,9,3683,33147,Birmingham
2025-11-06,Barclays,Analytics Dashboard,8,803,6424,Edinburgh
2025-03-12,Barclays,Cloud Suite,7,4128,28896,Edinburgh
2024-01-14,Google,CRM Software,4,1914,7656,Edinburgh
2025-07-18,KPMG,Data Warehouse,6,3956,23736,Leeds
2024-10-26,PwC,Analytics Dashboard,4,2546,10184,Leeds
2024-01-08,Infosys,AI Platform,3,4307,12921,Edinburgh
2025-10-15,TCS,Cloud Suite,6,1134,6804,Manchester
2025-04-28,Microsoft,Analytics Dashboard,5,1088,5440,London
2024-07-23,Barclays,Analytics Dashboard,5,2555,12775,London
2024-02-01,Microsoft,Data Warehouse,3,1751,5253,Birmingham
2025-12-24,Infosys,CRM Software,9,2224,20016,Leeds
2024-05-21,Microsoft,AI Platform,2,1906,3812,Birmingham
2025-07-20,Amazon,AI Platform,3,4683,14049,London
2025-10-17,Microsoft,CRM Software,7,4256,29792,London
2025-11-24,Google,Analytics Dashboard,5,2001,10005,Edinburgh
2024-08-18,Infosys,Analytics Dashboard,6,4906,29436,London
2024-10-26,KPMG,Data Warehouse,4,4176,16704,Manchester
2024-10-04,Deloitte,Cloud Suite,5,3546,17730,Edinburgh
2025-04-14,TCS,AI Platform,8,1175,9400,Edinburgh
2024-12-12,TCS,CRM Software,7,3259,22813,Edinburgh
2025-05-03,Accenture,Data Warehouse,4,2919,11676,Edinburgh
2025-02-27,HSBC,CRM Software,1,2279,2279,Manchester
2024-03-08,Microsoft,CRM Software,1,1972,1972,London
2024-09-15,TCS,Analytics Dashboard,6,3517,21102,Edinburgh
2025-09-26,Infosys,CRM Software,1,3944,3944,Leeds
2025-02-09,Microsoft,CRM Software,1,840,840,Birmingham
2024-06-26,Infosys,Cloud Suite,7,568,3976,Leeds
2025-07-13,Amazon,CRM Software,2,4098,8196,Edinburgh
2025-04-05,PwC,Data Warehouse,7,3096,21672,Manchester
2025-05-04,Microsoft,AI Platform,4,2696,10784,London
2025-10-16,HSBC,Analytics Dashboard,1,792,792,London
2025-07-07,TCS,CRM Software,4,2088,8352,Leeds
2025-06-29,TCS,AI Platform,8,1415,11320,Edinburgh
2025-04-30,Microsoft,Analytics Dashboard,8,3578,28624,Leeds
2025-07-03,EY,Data Warehouse,1,2818,2818,Manchester
2025-04-08,Accenture,Data Warehouse,7,592,4144,London
2024-11-04,EY,AI Platform,5,4391,21955,Birmingham
2024-02-12,Google,CRM Software,4,3192,12768,Birmingham
2024-09-11,Amazon,Data Warehouse,9,2025,18225,Leeds
2024-09-11,KPMG,Analytics Dashboard,2,2233,4466,Birmingham
2025-09-11,HSBC,AI Platform,4,3159,12636,London
2024-03-03,Google,Cloud Suite,9,2360,21240,Birmingham
2025-12-23,TCS,Analytics Dashboard,6,3831,22986,Edinburgh
2024-11-26,HSBC,AI Platform,9,4982,44838,Manchester
2025-11-23,Accenture,Cloud Suite,8,1740,13920,Birmingham
2024-04-14,Microsoft,AI Platform,4,4188,16752,Edinburgh
2025-10-02,KPMG,Cloud Suite,3,3033,9099,Leeds
2025-02-13,Infosys,CRM Software,5,4980,24900,Leeds
2024-04-16,TCS,AI Platform,3,2406,7218,Manchester
2025-07-17,TCS,Cloud Suite,9,2778,25002,Birmingham
2024-09-02,Accenture,CRM Software,1,3225,3225,Edinburgh
2025-09-10,PwC,Analytics Dashboard,8,3672,29376,Leeds
2024-01-13,Amazon,AI Platform,1,597,597,Edinburgh
2025-12-11,Deloitte,Data Warehouse,5,3966,19830,Leeds
2025-11-28,TCS,Data Warehouse,2,2316,4632,Edinburgh
2024-05-11,EY,Cloud Suite,2,1558,3116,Birmingham
2024-10-01,Infosys,CRM Software,4,2790,11160,Manchester
2025-11-08,Google,Cloud Suite,3,2063,6189,Manchester
2024-09-22,EY,Cloud Suite,3,4650,13950,Manchester
2025-06-14,TCS,AI Platform,3,2567,7701,Edinburgh
2024-11-28,Infosys,Analytics Dashboard,1,1449,1449,Manchester
2024-01-28,PwC,Data Warehouse,6,3529,21174,Edinburgh
2025-07-04,KPMG,AI Platform,8,852,6816,Leeds
2024-05-09,Infosys,Data Warehouse,6,4036,24216,Manchester
2025-08-01,Google,Data Warehouse,8,1479,11832,Leeds
2024-12-13,Amazon,Cloud Suite,6,607,3642,Edinburgh
2025-08-25,Barclays,Analytics Dashboard,8,4309,34472,Leeds
2024-02-29,KPMG,Cloud Suite,5,3546,17730,London
2024-02-13,TCS,CRM Software,9,1416,12744,Manchester
2024-10-12,TCS,Data Warehouse,3,2668,8004,London
2025-10-25,Microsoft,Cloud Suite,8,3133,25064,Leeds
2024-03-11,TCS,Cloud Suite,9,2590,23310,Edinburgh
2025-12-25,TCS,Analytics Dashboard,7,4337,30359,Manchester
2025-07-26,PwC,Data Warehouse,9,4920,44280,Birmingham
2024-06-23,PwC,Cloud Suite,5,2831,14155,Birmingham
2024-02-23,Accenture,Analytics Dashboard,4,4185,16740,London
2024-10-30,Google,CRM Software,9,4455,40095,Manchester
2024-08-22,Barclays,CRM Software,1,2120,2120,London
2024-02-16,HSBC,Analytics Dashboard,6,3368,20208,Manchester
2024-09-17,Amazon,Data Warehouse,4,2663,10652,Manchester
2025-07-18,PwC,CRM Software,3,4562,13686,Edinburgh
2024-07-04,HSBC,AI Platform,6,1261,7566,Leeds
2024-01-20,Microsoft,Cloud Suite,4,4194,16776,Manchester
2025-05-27,Accenture,CRM Software,3,2463,7389,Leeds
2025-09-06,KPMG,Data Warehouse,6,2561,15366,Edinburgh
2024-02-03,TCS,CRM Software,7,1082,7574,Birmingham
2025-08-12,TCS,AI Platform,1,4359,4359,Edinburgh
2025-02-23,Google,Analytics Dashboard,7,2249,15743,Manchester
2024-07-21,Barclays,AI Platform,5,4006,20030,Leeds
2025-11-26,Infosys,Cloud Suite,7,872,6104,Edinburgh
2024-06-17,EY,CRM Software,2,3927,7854,Edinburgh
2025-06-20,KPMG,Data Warehouse,2,2040,4080,Birmingham
2025-11-12,KPMG,AI Platform,5,2301,11505,Edinburgh
2025-11-19,Barclays,CRM Software,7,4228,29596,London
2024-03-28,TCS,CRM Software,3,2255,6765,London
2025-08-28,Google,Analytics Dashboard,8,4457,35656,Leeds
2025-07-11,Infosys,CRM Software,8,502,4016,Leeds
2025-01-15,Google,Cloud Suite,3,1010,3030,Edinburgh
2025-11-17,KPMG,CRM Software,7,4414,30898,Manchester
2025-07-24,Infosys,Analytics Dashboard,1,4957,4957,London
2024-04-06,TCS,Cloud Suite,8,1241,9928,Leeds
2024-08-04,EY,Data Warehouse,2,1106,2212,Leeds
2024-08-18,EY,AI Platform,9,1723,15507,London
2025-08-21,HSBC,Data Warehouse,9,4209,37881,Birmingham
2025-08-18,KPMG,Analytics Dashboard,8,2687,21496,London
2024-10-08,KPMG,Cloud Suite,7,2987,20909,Manchester
2025-10-01,Microsoft,AI Platform,9,2096,18864,Leeds
2024-08-28,PwC,Data Warehouse,9,2642,23778,Birmingham
2024-10-19,Amazon,AI Platform,6,1438,8628,London
2024-03-27,Barclays,AI Platform,7,3185,22295,Leeds
2025-05-05,TCS,CRM Software,4,1626,6504,Manchester
2025-07-28,Barclays,Cloud Suite,4,4635,18540,Edinburgh
2025-06-03,Microsoft,AI Platform,2,2783,5566,Leeds
2025-11-30,Amazon,Analytics Dashboard,6,842,5052,Edinburgh
2025-03-14,PwC,CRM Software,4,4035,16140,Edinburgh
2024-12-08,Microsoft,Cloud Suite,7,1689,11823,Edinburgh
2025-05-23,EY,Cloud Suite,6,1144,6864,Manchester
2025-05-16,TCS,Analytics Dashboard,9,2142,19278,Manchester
2025-02-12,Amazon,CRM Software,1,4249,4249,Birmingham
2024-12-08,Deloitte,Data Warehouse,1,4432,4432,Leeds
2024-10-15,Amazon,Data Warehouse,4,1600,6400,Leeds
2024-06-21,Infosys,AI Platform,9,875,7875,Manchester
2024-01-11,TCS,Data Warehouse,3,4179,12537,Manchester
2025-01-07,Deloitte,Analytics Dashboard,1,4496,4496,Birmingham
2025-07-29,EY,Data Warehouse,5,1284,6420,Edinburgh
2024-06-28,Accenture,CRM Software,2,2114,4228,Leeds
2024-03-01,Deloitte,AI Platform,2,4153,8306,London
2025-05-10,Deloitte,AI Platform,4,3886,15544,Edinburgh
2025-12-27,Deloitte,AI Platform,9,4166,37494,London
2025-01-19,Infosys,Analytics Dashboard,6,2897,17382,Birmingham
2025-02-10,Accenture,Analytics Dashboard,3,1999,5997,Leeds
2025-08-18,PwC,Cloud Suite,9,2743,24687,Edinburgh
2025-12-11,KPMG,Data Warehouse,6,3888,23328,Leeds
2024-04-15,KPMG,AI Platform,6,1408,8448,Leeds
2025-06-05,Deloitte,CRM Software,6,671,4026,London
2024-01-26,HSBC,Data Warehouse,4,1549,6196,Manchester
2024-09-20,Accenture,Analytics Dashboard,2,961,1922,London
2025-02-10,Google,Analytics Dashboard,7,2434,17038,Edinburgh
2025-12-04,TCS,Cloud Suite,6,1664,9984,Leeds
2025-03-22,KPMG,AI Platform,5,3942,19710,Manchester
2025-03-07,TCS,AI Platform,9,3155,28395,Edinburgh
2025-01-04,PwC,AI Platform,5,876,4380,Edinburgh
2024-04-27,HSBC,Data Warehouse,3,4104,12312,Leeds
2025-10-19,HSBC,Cloud Suite,8,2907,23256,Edinburgh
2025-09-19,TCS,AI Platform,7,4715,33005,Leeds
2024-12-16,PwC,Cloud Suite,7,4409,30863,Manchester
2025-10-25,Deloitte,CRM Software,1,3128,3128,London
2025-09-12,TCS,Cloud Suite,7,3510,24570,London
2024-03-02,TCS,Analytics Dashboard,8,4191,33528,Manchester
2024-09-09,Deloitte,CRM Software,1,4800,4800,Birmingham
2024-05-17,Infosys,Cloud Suite,8,3268,26144,London
2024-03-08,HSBC,Data Warehouse,7,929,6503,Leeds
2025-10-11,TCS,AI Platform,7,1765,12355,Edinburgh
2024-01-27,KPMG,Data Warehouse,5,4541,22705,Manchester
2025-06-16,Microsoft,Analytics Dashboard,8,3154,25232,London
2024-08-16,KPMG,Cloud Suite,7,2709,18963,Manchester
2024-12-18,EY,CRM Software,5,2764,13820,London
2024-05-03,HSBC,Cloud Suite,9,2949,26541,Birmingham
2024-07-24,Microsoft,AI Platform,3,592,1776,Manchester
2025-04-09,Infosys,Analytics Dashboard,8,864,6912,Edinburgh
2025-04-28,Google,CRM Software,8,3038,24304,London
2024-08-16,EY,Analytics Dashboard,5,2253,11265,Birmingham
2025-03-07,Microsoft,CRM Software,3,1938,5814,London
2024-04-27,Accenture,AI Platform,8,1557,12456,London
2024-11-13,Microsoft,Analytics Dashboard,5,4508,22540,Edinburgh
2024-03-29,EY,Data Warehouse,4,1021,4084,Leeds
2025-01-11,Barclays,Analytics Dashboard,8,4223,33784,Leeds
2024-06-24,PwC,AI Platform,7,3351,23457,Birmingham
2025-01-03,HSBC,Cloud Suite,3,1286,3858,Birmingham
2025-04-04,Barclays,CRM Software,9,3443,30987,Birmingham
2024-10-14,Infosys,Analytics Dashboard,3,2715,8145,Edinburgh
2025-03-03,Accenture,Analytics Dashboard,4,1044,4176,Edinburgh
2025-11-24,Infosys,Analytics Dashboard,6,3827,22962,Leeds
2025-02-12,Accenture,Analytics Dashboard,3,4679,14037,Leeds
2025-10-24,PwC,Cloud Suite,8,633,5064,Leeds
2025-01-14,Infosys,CRM Software,2,2560,5120,Birmingham
2025-07-12,Barclays,Data Warehouse,5,658,3290,Leeds
2025-09-28,HSBC,CRM Software,9,4315,38835,Leeds
2025-09-27,Google,Data Warehouse,3,3783,11349,Birmingham
2025-06-22,Amazon,Data Warehouse,7,2256,15792,Birmingham
2024-09-15,Accenture,AI Platform,3,3070,9210,Edinburgh
2024-11-20,Accenture,Cloud Suite,8,4986,39888,Edinburgh
2025-07-21,Amazon,Data Warehouse,4,3819,15276,London
2025-09-14,EY,CRM Software,4,856,3424,London
2024-02-17,Accenture,AI Platform,4,2960,11840,Leeds
2024-02-13,Microsoft,Cloud Suite,4,4709,18836,Edinburgh
2025-01-31,KPMG,AI Platform,5,1987,9935,London
2024-03-09,Barclays,Analytics Dashboard,4,1940,7760,Edinburgh
2024-01-27,Infosys,CRM Software,2,3967,7934,London
2024-09-19,Infosys,Data Warehouse,5,2841,14205,Birmingham
2025-05-27,Amazon,Cloud Suite,4,1192,4768,Birmingham
2024-12-02,Microsoft,Analytics Dashboard,4,3662,14648,Manchester
2024-01-05,KPMG,Analytics Dashboard,6,1092,6552,Birmingham
2024-09-19,KPMG,AI Platform,9,720,6480,Leeds
2024-04-26,Barclays,Cloud Suite,6,2974,17844,Leeds
2025-07-21,Infosys,AI Platform,9,4813,43317,Birmingham
2025-04-19,EY,AI Platform,9,1704,15336,Birmingham
2025-01-02,Infosys,Cloud Suite,8,4138,33104,London
2024-06-04,HSBC,Cloud Suite,9,3503,31527,Birmingham
2025-10-23,Microsoft,Cloud Suite,1,4381,4381,Birmingham
2025-12-23,Amazon,CRM Software,8,2059,16472,Leeds
2024-02-29,PwC,Cloud Suite,2,3457,6914,Edinburgh
2024-04-15,TCS,Cloud Suite,8,3067,24536,Manchester
2024-02-12,PwC,Analytics Dashboard,2,2391,4782,London
2024-04-24,Infosys,AI Platform,7,3533,24731,Leeds
2025-06-02,Microsoft,Analytics Dashboard,2,2728,5456,Edinburgh
2025-08-21,Amazon,Analytics Dashboard,8,1737,13896,London
2025-09-29,Infosys,AI Platform,4,1611,6444,Birmingham
2025-03-01,PwC,Analytics Dashboard,3,2447,7341,London
2024-05-17,Deloitte,AI Platform,5,3880,19400,Leeds
2024-12-10,Barclays,AI Platform,4,4452,17808,London
2025-10-08,PwC,Cloud Suite,6,3883,23298,Manchester
2025-06-27,Deloitte,CRM Software,9,2504,22536,Leeds
2025-07-24,HSBC,Data Warehouse,4,2453,9812,Edinburgh
2025-12-22,TCS,Analytics Dashboard,9,2915,26235,Edinburgh
2024-12-07,HSBC,Data Warehouse,6,2473,14838,Manchester
2025-12-03,Google,Data Warehouse,9,4755,42795,Manchester
2024-06-29,EY,AI Platform,4,3323,13292,Birmingham
2024-04-29,TCS,CRM Software,9,3592,32328,Birmingham
2025-08-15,Deloitte,Cloud Suite,5,631,3155,Leeds
2024-05-11,Deloitte,AI Platform,3,3896,11688,Edinburgh
2024-08-24,Google,CRM Software,8,4017,32136,London
2025-05-17,TCS,Analytics Dashboard,5,4291,21455,Birmingham
2024-03-05,Amazon,Cloud Suite,3,975,2925,Manchester
2024-11-24,PwC,AI Platform,7,2563,17941,Edinburgh
2024-10-22,EY,Data Warehouse,8,1762,14096,Edinburgh
2024-10-27,Barclays,Data Warehouse,5,4004,20020,Manchester
2025-09-10,Google,CRM Software,8,1093,8744,Leeds
2024-07-27,HSBC,Cloud Suite,1,1113,1113,Birmingham
2025-11-13,KPMG,AI Platform,1,4542,4542,Leeds
2025-06-05,KPMG,AI Platform,6,1969,11814,Leeds
2025-05-04,TCS,Analytics Dashboard,6,3624,21744,Manchester
2025-08-11,TCS,Data Warehouse,2,1324,2648,London
2024-02-27,EY,CRM Software,3,574,1722,London
2025-01-05,Infosys,AI Platform,9,2522,22698,Birmingham
2024-08-08,PwC,Data Warehouse,7,3791,26537,Leeds
2024-09-10,KPMG,Data Warehouse,5,3786,18930,Manchester
2025-09-09,TCS,Analytics Dashboard,1,1462,1462,Birmingham
2024-05-25,KPMG,Cloud Suite,5,3664,18320,London
2025-03-01,EY,Cloud Suite,5,4909,24545,Leeds
2025-06-03,Deloitte,Data Warehouse,5,4529,22645,Birmingham
2025-04-18,Deloitte,Cloud Suite,4,1179,4716,London
2025-11-29,KPMG,AI Platform,7,1183,8281,Manchester
2024-05-25,Deloitte,Cloud Suite,3,2733,8199,Edinburgh
2025-04-08,Barclays,Analytics Dashboard,9,670,6030,Edinburgh
2025-06-13,Accenture,Data Warehouse,8,4622,36976,Leeds
2025-02-11,Microsoft,CRM Software,2,1179,2358,Manchester
2024-08-24,Google,Cloud Suite,5,3377,16885,Manchester
2025-01-10,Infosys,CRM Software,9,3354,30186,Edinburgh
2025-09-21,KPMG,CRM Software,9,3960,35640,Manchester
2025-07-16,EY,Cloud Suite,7,4603,32221,London
2024-02-14,Microsoft,CRM Software,7,3598,25186,London
2024-12-22,Barclays,Cloud Suite,9,3098,27882,Leeds
2024-10-03,PwC,AI Platform,5,2710,13550,Birmingham
2025-11-18,Barclays,AI Platform,4,4768,19072,Birmingham
2024-03-04,HSBC,Cloud Suite,2,4128,8256,Manchester
2025-08-01,HSBC,Analytics Dashboard,6,2240,13440,Manchester
2024-06-26,PwC,AI Platform,8,1461,11688,Leeds
2024-07-12,HSBC,Analytics Dashboard,1,2576,2576,Edinburgh
2024-02-22,HSBC,AI Platform,8,2623,20984,Manchester
2024-04-26,Microsoft,Cloud Suite,5,3311,16555,Manchester
2025-03-26,KPMG,CRM Software,9,3389,30501,Leeds
2025-05-21,PwC,AI Platform,8,2973,23784,Edinburgh
2024-02-13,Infosys,AI Platform,6,1094,6564,Edinburgh
2025-05-21,Accenture,CRM Software,4,1899,7596,Manchester
2025-11-17,TCS,Analytics Dashboard,7,4178,29246,Edinburgh
2024-12-02,EY,AI Platform,4,1391,5564,Edinburgh
2024-01-03,Accenture,Cloud Suite,2,1473,2946,Birmingham
2025-01-19,Accenture,AI Platform,3,1718,5154,Edinburgh
2025-03-06,KPMG,CRM Software,3,3238,9714,Leeds
2025-11-06,PwC,Analytics Dashboard,1,1371,1371,London
2025-01-25,HSBC,Data Warehouse,4,4494,17976,Edinburgh
2024-05-21,Barclays,Data Warehouse,1,2557,2557,Edinburgh
2025-06-13,Barclays,AI Platform,1,1139,1139,Manchester
2024-06-26,HSBC,CRM Software,3,3095,9285,Leeds
2025-01-29,TCS,CRM Software,2,1272,2544,Edinburgh
2025-01-12,TCS,AI Platform,6,2303,13818,Birmingham
2024-01-03,TCS,CRM Software,6,2822,16932,Manchester
2025-08-14,Google,Analytics Dashboard,5,4924,24620,Birmingham
2024-05-05,Microsoft,Data Warehouse,9,3816,34344,Manchester
2024-06-30,Amazon,Data Warehouse,5,1399,6995,Manchester
2024-08-14,Accenture,Data Warehouse,3,695,2085,Leeds
2025-04-02,Deloitte,AI Platform,9,3308,29772,Edinburgh
2024-07-19,Infosys,AI Platform,7,2946,20622,Manchester
2024-11-26,Infosys,CRM Software,4,854,3416,Manchester
2025-09-16,Infosys,Cloud Suite,9,1128,10152,Birmingham
2025-09-23,PwC,Cloud Suite,8,1921,15368,Leeds
2025-05-22,Infosys,Data Warehouse,1,2456,2456,Leeds
2025-01-27,Accenture,Data Warehouse,9,2895,26055,Manchester
2024-04-14,EY,CRM Software,8,2292,18336,London
2025-10-10,EY,CRM Software,2,4128,8256,London
2025-06-25,EY,Data Warehouse,1,1519,1519,London
2024-09-17,PwC,Data Warehouse,1,3772,3772,Leeds
2025-09-17,Amazon,Data Warehouse,9,3773,33957,Birmingham
2025-10-08,Accenture,CRM Software,4,2021,8084,Birmingham
2024-02-26,EY,Cloud Suite,8,2062,16496,Manchester
2024-06-13,Google,Data Warehouse,9,589,5301,Leeds
2024-08-15,Accenture,CRM Software,6,771,4626,Birmingham
2025-10-30,EY,Analytics Dashboard,2,1965,3930,Leeds
2024-01-16,Deloitte,Cloud Suite,8,2114,16912,Leeds
2025-12-05,HSBC,Cloud Suite,6,1111,6666,Edinburgh
2025-02-03,Google,AI Platform,6,819,4914,Birmingham
2024-03-19,Accenture,Data Warehouse,5,4146,20730,Leeds
2024-11-11,Deloitte,CRM Software,1,2396,2396,Birmingham
2025-11-27,KPMG,Data Warehouse,7,3213,22491,Edinburgh
2025-10-13,Google,CRM Software,2,955,1910,Edinburgh
2025-09-22,Barclays,CRM Software,5,2028,10140,London
2024-08-31,Accenture,AI Platform,5,3904,19520,Edinburgh
2024-10-22,Infosys,Data Warehouse,2,3654,7308,Manchester
2025-04-05,Google,AI Platform,1,4939,4939,Manchester
2024-06-06,Deloitte,Cloud Suite,6,2872,17232,Birmingham
2025-08-14,Accenture,Data Warehouse,7,4658,32606,Edinburgh
2025-01-30,Microsoft,Cloud Suite,2,579,1158,Leeds
2024-03-17,Accenture,CRM Software,9,2317,20853,Leeds
2024-12-26,EY,AI Platform,3,2792,8376,Manchester
2024-07-03,Barclays,Analytics Dashboard,9,2857,25713,Leeds
2025-10-17,EY,AI Platform,6,4027,24162,Birmingham
2025-10-31,Amazon,Cloud Suite,2,4673,9346,Leeds
2024-09-29,TCS,Analytics Dashboard,2,4243,8486,Edinburgh
2024-04-22,Microsoft,AI Platform,9,3757,33813,Birmingham
2024-08-14,TCS,Cloud Suite,1,3991,3991,Leeds
2024-06-09,Deloitte,Cloud Suite,7,943,6601,Manchester
2024-01-30,Amazon,CRM Software,7,739,5173,Edinburgh
2025-08-12,Deloitte,Data Warehouse,8,2816,22528,Leeds
2024-11-30,Microsoft,CRM Software,4,533,2132,Leeds
2025-01-20,Amazon,Cloud Suite,3,875,2625,Leeds
2025-08-09,Accenture,Cloud Suite,7,4504,31528,London
2024-11-03,PwC,CRM Software,2,2365,4730,Manchester
2025-02-25,TCS,Data Warehouse,5,2016,10080,Manchester
2024-11-12,HSBC,Cloud Suite,2,2562,5124,London
2025-11-07,Google,Data Warehouse,2,4630,9260,Manchester
2025-04-15,PwC,Data Warehouse,8,3399,27192,Leeds
2025-11-24,Google,AI Platform,3,2211,6633,Birmingham
2025-02-19,Google,AI Platform,3,2897,8691,London
2024-02-11,Barclays,Data Warehouse,1,1419,1419,London
2025-04-29,Microsoft,Data Warehouse,2,3608,7216,Birmingham
2025-09-26,PwC,AI Platform,6,2372,14232,Birmingham
2025-07-09,EY,AI Platform,6,3873,23238,Birmingham
2024-09-23,Infosys,CRM Software,5,893,4465,Manchester
2025-10-09,Google,Data Warehouse,8,2410,19280,Manchester
2025-05-25,Amazon,CRM Software,7,4814,33698,London
2025-09-12,Deloitte,Cloud Suite,3,2654,7962,Edinburgh
2025-08-31,EY,CRM Software,8,3353,26824,Edinburgh
2024-03-21,TCS,AI Platform,3,845,2535,Birmingham
2025-11-29,Microsoft,CRM Software,3,806,2418,Leeds
2025-09-24,EY,Analytics Dashboard,5,2264,11320,Leeds
2024-05-31,EY,Cloud Suite,6,4550,27300,London
2025-01-23,Amazon,Cloud Suite,7,2344,16408,Manchester
2024-03-12,Infosys,CRM Software,6,1543,9258,Manchester
2025-05-17,PwC,CRM Software,5,809,4045,Leeds
2025-03-14,Google,Data Warehouse,2,1294,2588,Birmingham
2024-08-12,KPMG,Cloud Suite,9,2351,21159,London
2024-09-30,EY,Analytics Dashboard,1,787,787,Leeds
2024-10-09,EY,AI Platform,1,4068,4068,London
2025-04-28,Deloitte,Cloud Suite,4,3082,12328,Manchester
2024-11-23,Google,AI Platform,6,3913,23478,Leeds
2024-01-23,Amazon,Analytics Dashboard,3,1057,3171,London
2025-10-20,Google,Analytics Dashboard,9,4673,42057,Manchester
2024-08-28,KPMG,Analytics Dashboard,5,1947,9735,Leeds
2024-01-27,KPMG,AI Platform,7,3371,23597,Birmingham
2025-01-17,Microsoft,Cloud Suite,8,3036,24288,Leeds
2025-08-05,KPMG,AI Platform,7,2007,14049,Leeds
2024-09-16,Amazon,Data Warehouse,8,4242,33936,Manchester
2025-03-13,Microsoft,CRM Software,4,3237,12948,Birmingham
2024-04-29,Amazon,Data Warehouse,4,3848,15392,Manchester
2024-10-21,HSBC,Data Warehouse,8,571,4568,Leeds
2025-04-13,TCS,Analytics Dashboard,1,2748,2748,London
2025-09-02,EY,CRM Software,7,2175,15225,Birmingham
2025-07-13,Barclays,Analytics Dashboard,8,2418,19344,London
2024-02-21,Deloitte,Cloud Suite,8,2572,20576,Manchester
2025-04-01,Barclays,Analytics Dashboard,5,2050,10250,Manchester
2025-01-12,Infosys,Cloud Suite,3,2531,7593,Manchester
2024-12-29,Deloitte,Data Warehouse,3,2594,7782,Leeds
2024-04-04,Amazon,AI Platform,2,867,1734,London
2024-08-15,KPMG,Data Warehouse,5,2728,13640,Edinburgh
2025-08-19,Infosys,Analytics Dashboard,7,3174,22218,Manchester
2025-03-10,Infosys,Analytics Dashboard,8,1895,15160,Birmingham
2024-12-27,HSBC,Data Warehouse,9,3131,28179,Birmingham
2024-08-18,Microsoft,CRM Software,5,1959,9795,London
2025-02-25,Microsoft,Cloud Suite,7,1680,11760,Edinburgh
2024-06-09,KPMG,Cloud Suite,3,3928,11784,Edinburgh
2025-11-15,Microsoft,CRM Software,2,4964,9928,Birmingham
2024-04-17,EY,Data Warehouse,5,792,3960,Birmingham
2024-06-23,Infosys,Analytics Dashboard,6,2991,17946,Edinburgh
2025-03-03,PwC,CRM Software,2,927,1854,Manchester
2024-04-16,EY,Analytics Dashboard,6,4492,26952,London
2025-04-12,Accenture,CRM Software,9,1395,12555,Manchester
2025-05-12,HSBC,AI Platform,8,2792,22336,Leeds
2024-12-27,KPMG,Data Warehouse,9,2933,26397,Birmingham
2025-08-15,EY,CRM Software,7,4611,32277,London
2024-02-14,Deloitte,Analytics Dashboard,6,3807,22842,Edinburgh
2024-04-14,Accenture,Cloud Suite,3,2488,7464,Manchester
2025-10-06,Amazon,Analytics Dashboard,4,4084,16336,Leeds
2024-08-27,Accenture,Cloud Suite,7,2573,18011,Leeds
2025-02-12,Deloitte,AI Platform,8,3321,26568,Leeds
2025-10-31,Barclays,Analytics Dashboard,6,1522,9132,Leeds
2025-03-25,HSBC,Analytics Dashboard,7,1559,10913,London
2024-01-28,TCS,Analytics Dashboard,8,4082,32656,Birmingham
2024-10-12,Barclays,Cloud Suite,2,4912,9824,London
2024-12-03,PwC,Data Warehouse,2,2556,5112,London
2025-12-25,Deloitte,CRM Software,8,2075,16600,Birmingham
2024-04-17,HSBC,AI Platform,7,3392,23744,Edinburgh
2024-02-18,Deloitte,Cloud Suite,7,692,4844,London
2025-04-07,EY,CRM Software,2,3025,6050,Leeds
2025-10-14,Microsoft,Cloud Suite,3,610,1830,Leeds
2024-02-19,Barclays,Data Warehouse,4,3914,15656,Manchester
2025-08-28,Amazon,AI Platform,4,4611,18444,Manchester
2024-03-12,KPMG,Data Warehouse,1,3527,3527,Birmingham
2024-06-16,Amazon,Data Warehouse,9,4214,37926,Edinburgh
2024-04-11,Barclays,Cloud Suite,8,4377,35016,Leeds
2025-04-22,Microsoft,Analytics Dashboard,7,3862,27034,London
2025-11-03,Barclays,Cloud Suite,9,4111,36999,Leeds
2024-10-20,TCS,CRM Software,1,505,505,London
2024-09-27,TCS,Analytics Dashboard,3,1025,3075,Manchester
2024-06-05,EY,Cloud Suite,3,4991,14973,Manchester
2025-10-18,PwC,Cloud Suite,6,3292,19752,Birmingham
2025-06-16,PwC,CRM Software,5,1736,8680,Leeds
2025-11-14,Google,CRM Software,7,3720,26040,Leeds
2024-08-13,Accenture,Analytics Dashboard,9,3308,29772,London
2025-07-03,TCS,AI Platform,8,4582,36656,Birmingham
2024-08-28,KPMG,Analytics Dashboard,2,2570,5140,Leeds
2025-08-20,Infosys,Cloud Suite,8,4770,38160,Leeds
2025-04-05,Deloitte,Data Warehouse,4,4311,17244,Leeds
2025-07-10,KPMG,Data Warehouse,7,1431,10017,Birmingham
2025-01-24,PwC,Analytics Dashboard,4,4392,17568,London
2024-02-07,EY,Analytics Dashboard,7,3064,21448,Leeds
2024-05-02,Amazon,Analytics Dashboard,2,3785,7570,Birmingham
2025-02-26,Accenture,Analytics Dashboard,4,4506,18024,Edinburgh
2025-09-25,Barclays,Analytics Dashboard,6,853,5118,Birmingham
2025-04-17,Microsoft,AI Platform,9,2047,18423,Birmingham
2024-04-18,Google,AI Platform,2,2017,4034,Edinburgh
2025-02-16,Barclays,AI Platform,9,690,6210,Edinburgh
2024-05-21,HSBC,AI Platform,8,3738,29904,Birmingham
2025-03-14,Microsoft,AI Platform,7,1030,7210,Manchester
2025-07-15,Microsoft,AI Platform,3,1009,3027,Birmingham
2024-11-05,Infosys,Cloud Suite,1,3945,3945,Leeds
2025-03-07,EY,AI Platform,3,3028,9084,Birmingham
2025-06-02,Google,Analytics Dashboard,5,2404,12020,Birmingham
2024-07-04,Microsoft,Cloud Suite,2,3869,7738,Birmingham
2025-05-14,Deloitte,Data Warehouse,5,3825,19125,Birmingham
2025-05-20,KPMG,CRM Software,6,4874,29244,Birmingham
2025-03-21,Deloitte,Data Warehouse,3,2092,6276,London
2025-02-10,TCS,AI Platform,8,4316,34528,Edinburgh
2025-12-20,Microsoft,AI Platform,1,4146,4146,Edinburgh
2024-03-13,Google,AI Platform,1,2556,2556,Leeds
2025-12-10,TCS,CRM Software,8,526,4208,Leeds
2024-07-21,HSBC,Cloud Suite,3,511,1533,Birmingham
2024-01-30,HSBC,CRM Software,6,679,4074,Edinburgh
2024-04-21,Barclays,Data Warehouse,5,2524,12620,Birmingham
2024-05-25,Amazon,CRM Software,6,2019,12114,Leeds
2025-09-16,EY,AI Platform,1,1416,1416,London
2024-12-04,Google,Data Warehouse,3,3790,11370,Birmingham
2025-02-26,EY,Data Warehouse,7,2574,18018,Manchester
2024-08-10,KPMG,Data Warehouse,8,3757,30056,Edinburgh
2024-02-10,Amazon,Data Warehouse,9,3250,29250,Edinburgh
2025-06-27,KPMG,Cloud Suite,6,1109,6654,Leeds
2024-11-07,Infosys,Data Warehouse,6,3732,22392,Leeds
2024-03-11,Microsoft,AI Platform,2,3623,7246,Edinburgh
2024-10-19,Accenture,Data Warehouse,1,2073,2073,Birmingham
2025-01-14,Google,Data Warehouse,3,2904,8712,Birmingham
2025-11-28,Amazon,AI Platform,6,2990,17940,Leeds
2024-10-12,EY,Data Warehouse,2,4119,8238,Edinburgh
2025-05-04,KPMG,AI Platform,1,4627,4627,Manchester
2024-02-12,Barclays,CRM Software,3,1870,5610,London
2025-09-04,HSBC,Analytics Dashboard,4,684,2736,Leeds
2025-07-01,EY,Cloud Suite,9,2625,23625,Manchester
2024-09-20,Microsoft,Data Warehouse,7,2029,14203,London
2025-05-26,Barclays,Data Warehouse,2,1697,3394,Edinburgh
2024-01-16,HSBC,Cloud Suite,4,3820,15280,London
2025-11-24,Infosys,AI Platform,4,3892,15568,Manchester
2024-08-08,Deloitte,AI Platform,6,1289,7734,London
2025-10-20,Amazon,Cloud Suite,5,1518,7590,Manchester
2024-06-15,Infosys,Cloud Suite,9,1274,11466,Leeds
2024-12-22,EY,Data Warehouse,4,4829,19316,Manchester
2025-01-15,Accenture,Cloud Suite,1,2792,2792,Manchester
2025-09-15,Infosys,AI Platform,7,2211,15477,Manchester
2024-09-04,Barclays,AI Platform,6,4618,27708,London
2024-01-27,Microsoft,CRM Software,1,4167,4167,Birmingham
2024-04-01,PwC,Data Warehouse,7,2843,19901,London
2024-02-28,Google,AI Platform,1,4451,4451,Manchester
2024-03-02,Microsoft,AI Platform,2,2803,5606,Leeds
2025-12-06,Infosys,CRM Software,5,1323,6615,Leeds
2025-02-15,Amazon,Data Warehouse,4,3749,14996,Birmingham
2024-01-17,Google,CRM Software,3,4442,13326,Manchester
2025-05-02,KPMG,Analytics Dashboard,9,729,6561,Manchester
2024-06-26,Amazon,Cloud Suite,8,2113,16904,London
2024-03-22,Accenture,AI Platform,4,3645,14580,Manchester
2025-09-26,Microsoft,Cloud Suite,8,4788,38304,London
2025-08-05,Amazon,CRM Software,2,4463,8926,Birmingham
2025-01-04,Amazon,AI Platform,3,1395,4185,Birmingham
2025-07-17,PwC,AI Platform,5,2560,12800,Birmingham
2024-12-05,Deloitte,Cloud Suite,8,4907,39256,Edinburgh
2024-04-13,PwC,Data Warehouse,7,1672,11704,London
2024-02-11,Accenture,Cloud Suite,4,948,3792,London
2025-03-12,PwC,CRM Software,5,4001,20005,Edinburgh
2024-04-13,Deloitte,Analytics Dashboard,7,1604,11228,London
2025-07-02,Amazon,Cloud Suite,2,1070,2140,London
2024-08-27,Barclays,CRM Software,5,1298,6490,Leeds
2025-09-02,Barclays,CRM Software,4,3871,15484,Manchester
2024-02-15,KPMG,CRM Software,3,3580,10740,Birmingham
2025-12-15,Amazon,Cloud Suite,9,4679,42111,Birmingham
2024-01-21,Accenture,CRM Software,9,2096,18864,Edinburgh
2025-11-10,Infosys,AI Platform,5,1629,8145,London
2024-05-01,Barclays,Data Warehouse,5,4196,20980,Manchester
2024-03-10,Infosys,Cloud Suite,7,2389,16723,Leeds
2024-08-30,TCS,Analytics Dashboard,2,2855,5710,Edinburgh
2025-05-20,Amazon,Analytics Dashboard,3,3262,9786,Birmingham
2024-08-10,HSBC,Data Warehouse,2,3063,6126,Manchester
2024-11-02,EY,Data Warehouse,9,558,5022,Edinburgh
2025-07-06,Barclays,CRM Software,3,3698,11094,Edinburgh
2025-02-02,PwC,CRM Software,5,1441,7205,London
2024-09-19,Barclays,CRM Software,4,1339,5356,Manchester
2024-12-25,Deloitte,Cloud Suite,1,2150,2150,Edinburgh
2024-08-09,Barclays,Data Warehouse,7,4389,30723,Manchester
2025-01-20,KPMG,CRM Software,9,888,7992,Birmingham
2024-09-17,Infosys,CRM Software,1,1559,1559,Birmingham
2024-10-04,KPMG,AI Platform,9,4612,41508,Manchester
2025-04-20,Amazon,Cloud Suite,3,928,2784,Manchester
2024-02-27,KPMG,AI Platform,7,3069,21483,Edinburgh
2024-03-23,TCS,Analytics Dashboard,6,2167,13002,Edinburgh
2025-05-13,KPMG,CRM Software,3,1447,4341,Leeds
2025-04-16,PwC,Data Warehouse,3,1643,4929,Leeds
2024-03-06,Accenture,CRM Software,2,3217,6434,Birmingham
2024-09-02,Microsoft,Data Warehouse,1,4324,4324,Manchester
2025-05-26,KPMG,Analytics Dashboard,7,4486,31402,London
2024-06-28,EY,Data Warehouse,6,3576,21456,London
2025-09-11,Google,CRM Software,5,3504,17520,Birmingham
2025-03-14,Infosys,CRM Software,8,1804,14432,Manchester
2024-04-24,TCS,Data Warehouse,2,4794,9588,Leeds
2024-02-19,TCS,Cloud Suite,2,4626,9252,Leeds
2024-11-28,EY,AI Platform,2,3082,6164,Manchester
2024-04-06,Barclays,Analytics Dashboard,3,1968,5904,Leeds
2024-02-24,PwC,Analytics Dashboard,7,1781,12467,Edinburgh
2024-08-07,Accenture,Data Warehouse,5,2913,14565,London
2025-04-03,Google,Cloud Suite,1,2558,2558,Manchester
2025-05-21,PwC,Cloud Suite,9,591,5319,London
2024-11-26,PwC,Data Warehouse,1,1454,1454,Edinburgh
2025-07-07,KPMG,Data Warehouse,2,1029,2058,Edinburgh
2024-08-30,HSBC,Data Warehouse,2,2097,4194,Manchester
2025-11-20,Barclays,Data Warehouse,6,4330,25980,London
2025-06-17,Infosys,Analytics Dashboard,1,4555,4555,Leeds
2025-08-30,Accenture,Cloud Suite,4,2455,9820,Leeds
2024-11-29,Accenture,Data Warehouse,6,2172,13032,Edinburgh
2025-07-26,Accenture,Data Warehouse,9,1932,17388,Edinburgh
2025-09-18,Infosys,AI Platform,4,4354,17416,Edinburgh
2024-03-23,Google,Analytics Dashboard,3,1860,5580,Manchester
2025-02-06,Infosys,Cloud Suite,7,1078,7546,Birmingham
2024-05-25,Amazon,Analytics Dashboard,4,986,3944,Manchester
2025-10-22,Google,Data Warehouse,7,1738,12166,Leeds
2025-01-06,Deloitte,Data Warehouse,3,4407,13221,London
2025-08-13,Amazon,AI Platform,6,2694,16164,Leeds
2025-07-28,Deloitte,Analytics Dashboard,6,832,4992,Leeds
2025-02-01,Barclays,Data Warehouse,4,2271,9084,Birmingham
2024-06-14,Infosys,Cloud Suite,4,4700,18800,Manchester
2024-02-10,Amazon,Data Warehouse,5,820,4100,London
2025-06-13,Deloitte,CRM Software,2,2019,4038,Manchester
2025-01-16,EY,AI Platform,7,504,3528,Manchester
2024-05-24,Google,AI Platform,6,4720,28320,Edinburgh
2025-06-10,KPMG,Cloud Suite,9,552,4968,Edinburgh
2025-05-17,Barclays,Cloud Suite,1,4371,4371,Edinburgh
2025-03-27,TCS,Analytics Dashboard,2,3789,7578,Manchester
2025-06-10,EY,Cloud Suite,4,838,3352,London
2025-12-11,Infosys,Data Warehouse,3,3233,9699,London
2024-02-05,HSBC,Analytics Dashboard,2,1030,2060,Leeds
2024-01-23,Microsoft,AI Platform,7,2396,16772,Leeds
2024-09-09,PwC,Analytics Dashboard,8,507,4056,Edinburgh
2025-12-02,PwC,Data Warehouse,4,1017,4068,London
2024-01-31,Barclays,Analytics Dashboard,3,4982,14946,Leeds
2025-01-04,Deloitte,Analytics Dashboard,1,1464,1464,Leeds
2024-10-26,Microsoft,Data Warehouse,9,2387,21483,Edinburgh
2025-04-29,Microsoft,Data Warehouse,5,4104,20520,Leeds
2025-03-10,HSBC,Analytics Dashboard,5,2425,12125,London
2025-03-24,TCS,Cloud Suite,6,3913,23478,Manchester
2025-07-21,Infosys,Analytics Dashboard,6,505,3030,Leeds
2025-02-08,KPMG,Cloud Suite,8,4605,36840,Manchester
2024-05-30,TCS,AI Platform,5,1578,7890,London
2025-06-29,Amazon,Data Warehouse,3,2569,7707,London
2024-05-28,EY,Analytics Dashboard,2,4563,9126,Edinburgh
2025-01-29,KPMG,CRM Software,4,3223,12892,Leeds
2024-07-20,Microsoft,AI Platform,5,1986,9930,Manchester
2024-09-27,Deloitte,Data Warehouse,4,2032,8128,Birmingham
2025-09-21,Amazon,Analytics Dashboard,9,1960,17640,Manchester
2024-01-08,Microsoft,Analytics Dashboard,6,2993,17958,Leeds
2024-10-30,EY,CRM Software,8,3956,31648,Leeds
2024-07-16,EY,CRM Software,5,1189,5945,Manchester
2024-12-05,TCS,CRM Software,5,4881,24405,London
2024-03-26,KPMG,CRM Software,6,1102,6612,London
2024-12-14,TCS,CRM Software,4,1861,7444,Manchester
2025-03-12,Google,CRM Software,1,4356,4356,Edinburgh
2024-06-26,Microsoft,Analytics Dashboard,1,805,805,Manchester
2025-08-24,Google,Data Warehouse,8,1965,15720,Edinburgh
2024-07-18,PwC,CRM Software,7,3170,22190,Manchester
2025-08-25,Deloitte,AI Platform,7,2848,19936,Birmingham
2024-11-02,HSBC,Analytics Dashboard,6,2117,12702,Birmingham
2024-09-18,PwC,CRM Software,9,1011,9099,Birmingham
2025-12-17,Barclays,Analytics Dashboard,5,3976,19880,Birmingham
2025-12-02,Barclays,AI Platform,9,4840,43560,London
2024-10-21,Google,CRM Software,1,4812,4812,Birmingham
2025-08-03,PwC,AI Platform,3,3394,10182,Leeds
2024-11-06,TCS,Analytics Dashboard,5,1955,9775,Edinburgh
2024-05-01,TCS,Analytics Dashboard,7,1814,12698,Leeds
2025-06-02,KPMG,Cloud Suite,3,1817,5451,Edinburgh
2024-12-25,Accenture,Cloud Suite,7,4487,31409,Manchester
2024-02-19,EY,Analytics Dashboard,6,3112,18672,Edinburgh
2024-03-06,Microsoft,CRM Software,2,2290,4580,London
2024-05-16,Deloitte,AI Platform,6,1588,9528,Manchester
2024-05-11,EY,Cloud Suite,8,4069,32552,Birmingham
2024-07-10,EY,AI Platform,1,1487,1487,Edinburgh
2025-08-21,Microsoft,CRM Software,8,1629,13032,Birmingham
2024-04-13,Amazon,Cloud Suite,3,2434,7302,Edinburgh
2024-03-21,Microsoft,Cloud Suite,1,530,530,Edinburgh
2025-12-04,HSBC,AI Platform,9,1450,13050,Birmingham
2025-06-12,Barclays,Analytics Dashboard,1,2423,2423,Edinburgh
2024-05-24,TCS,Cloud Suite,8,4398,35184,Manchester
2024-12-16,Infosys,Analytics Dashboard,8,831,6648,Leeds
2024-03-15,EY,Analytics Dashboard,1,2830,2830,Birmingham
2024-01-30,Amazon,CRM Software,6,2340,14040,Leeds
2025-12-04,PwC,Analytics Dashboard,8,4591,36728,Leeds
2025-12-27,Infosys,Cloud Suite,7,733,5131,Manchester
2025-10-05,Infosys,Analytics Dashboard,3,4633,13899,London
2025-04-06,Deloitte,CRM Software,1,1061,1061,Manchester
2024-10-24,HSBC,Cloud Suite,4,2177,8708,Birmingham
2024-10-11,TCS,Data Warehouse,2,4341,8682,Birmingham
2024-09-29,Accenture,Cloud Suite,6,1094,6564,Manchester
2025-07-18,Deloitte,CRM Software,4,1996,7984,Leeds
2025-11-01,KPMG,Analytics Dashboard,5,2495,12475,Manchester
2024-04-04,Barclays,Data Warehouse,7,898,6286,Manchester
2024-05-10,Google,Data Warehouse,8,794,6352,Manchester
2024-06-17,Barclays,Analytics Dashboard,4,753,3012,London
2024-10-23,EY,Cloud Suite,4,4107,16428,London
2024-07-11,Deloitte,CRM Software,8,2876,23008,Birmingham
2025-01-12,TCS,CRM Software,3,584,1752,Manchester
2025-07-24,EY,Cloud Suite,7,2871,20097,Edinburgh
2024-08-16,TCS,Data Warehouse,4,1226,4904,Edinburgh
2025-09-16,Amazon,AI Platform,6,818,4908,Manchester
2025-03-07,EY,CRM Software,6,3558,21348,Edinburgh
2024-02-03,Google,Analytics Dashboard,1,1329,1329,Birmingham
2024-12-30,Google,AI Platform,8,2358,18864,Edinburgh
2025-03-09,Accenture,AI Platform,5,1755,8775,Leeds
2024-07-10,EY,Data Warehouse,2,4564,9128,Leeds
2024-06-15,TCS,AI Platform,9,1679,15111,Manchester
2024-04-04,Deloitte,CRM Software,7,2045,14315,Birmingham
2024-04-25,PwC,Data Warehouse,9,4288,38592,Manchester
2025-01-06,Microsoft,CRM Software,1,655,655,Edinburgh
2025-05-22,Deloitte,Data Warehouse,5,2603,13015,Leeds
2024-08-13,EY,Analytics Dashboard,4,1296,5184,Manchester
2024-06-05,Google,AI Platform,2,611,1222,Birmingham
2024-05-17,Amazon,Data Warehouse,3,660,1980,Manchester
2025-08-12,Barclays,CRM Software,1,2415,2415,Leeds
2024-10-29,Barclays,Cloud Suite,6,1500,9000,Birmingham
2024-10-05,Infosys,Cloud Suite,2,4330,8660,Birmingham
2024-04-19,TCS,Analytics Dashboard,7,784,5488,Edinburgh
2024-04-22,Accenture,Data Warehouse,7,4384,30688,Manchester
2025-12-05,KPMG,Cloud Suite,8,4267,34136,London
2025-12-21,TCS,Cloud Suite,4,3129,12516,Edinburgh
2024-02-03,PwC,Cloud Suite,4,2143,8572,Manchester
2025-02-26,EY,Cloud Suite,9,3042,27378,Leeds
2025-10-02,EY,Cloud Suite,9,4803,43227,Edinburgh
2024-12-04,EY,Cloud Suite,1,3674,3674,London
2025-07-10,EY,AI Platform,5,4773,23865,Edinburgh
2024-03-12,HSBC,AI Platform,9,2182,19638,Edinburgh
2025-01-08,Barclays,Data Warehouse,3,3039,9117,Edinburgh
2025-11-16,Accenture,AI Platform,8,538,4304,Leeds
2025-10-04,PwC,Cloud Suite,9,1936,17424,Manchester
2025-03-21,EY,Analytics Dashboard,7,3226,22582,Edinburgh
2024-06-11,KPMG,Data Warehouse,4,3662,14648,Edinburgh
2024-12-30,Barclays,AI Platform,5,1015,5075,Birmingham
2024-08-28,Barclays,CRM Software,8,606,4848,Birmingham
2024-06-10,Infosys,CRM Software,4,3644,14576,Edinburgh
2024-08-30,Barclays,Analytics Dashboard,5,2937,14685,Leeds
2025-02-19,Accenture,CRM Software,9,3414,30726,Manchester
2025-02-18,Google,AI Platform,9,4013,36117,Edinburgh
2025-10-11,Google,Cloud Suite,1,2199,2199,Leeds
2025-02-03,KPMG,Cloud Suite,7,3390,23730,London
2025-12-02,TCS,AI Platform,6,4128,24768,Manchester
2024-02-01,Microsoft,Analytics Dashboard,8,2621,20968,Manchester
2025-02-23,Amazon,Data Warehouse,2,1836,3672,Manchester
2024-12-04,KPMG,CRM Software,4,4880,19520,London
2024-09-22,Infosys,CRM Software,9,1327,11943,Leeds
2025-11-01,HSBC,Data Warehouse,9,2465,22185,Edinburgh
2025-01-14,Accenture,Analytics Dashboard,4,4852,19408,London
2024-05-24,KPMG,Cloud Suite,6,4586,27516,Birmingham
2024-12-02,PwC,Cloud Suite,8,1100,8800,Edinburgh
2025-02-21,Accenture,AI Platform,4,1032,4128,Edinburgh
2024-12-23,Accenture,Data Warehouse,9,4988,44892,Leeds
2025-02-13,Amazon,CRM Software,5,2879,14395,Manchester
2025-06-15,Amazon,CRM Software,3,3038,9114,Birmingham
2025-11-05,Deloitte,Cloud Suite,7,3157,22099,Edinburgh
2025-05-22,EY,Cloud Suite,8,3978,31824,London
2024-04-07,KPMG,Data Warehouse,3,3329,9987,Manchester
2025-09-15,Infosys,AI Platform,1,1900,1900,Manchester
2024-04-26,HSBC,Data Warehouse,3,3751,11253,Manchester
2024-06-29,HSBC,CRM Software,1,4757,4757,Leeds
2024-06-29,HSBC,CRM Software,2,4616,9232,Birmingham
2024-09-16,KPMG,Data Warehouse,9,1451,13059,Edinburgh
2025-12-23,Deloitte,AI Platform,6,1350,8100,Leeds
2024-09-13,Microsoft,AI Platform,5,2562,12810,Manchester
2024-10-30,Google,AI Platform,4,3347,13388,Leeds
2025-03-30,Amazon,AI Platform,2,1833,3666,Manchester
2025-01-27,EY,CRM Software,7,2272,15904,Birmingham
2024-02-20,Microsoft,AI Platform,3,4482,13446,Leeds
2024-12-28,HSBC,Cloud Suite,2,2786,5572,Manchester
2025-05-31,EY,CRM Software,6,3594,21564,Edinburgh
2024-10-02,TCS,Data Warehouse,9,3800,34200,Leeds
2024-06-24,TCS,AI Platform,1,3204,3204,Leeds
2024-01-14,PwC,Analytics Dashboard,3,605,1815,Manchester
2024-07-14,Deloitte,AI Platform,8,4811,38488,Edinburgh
2024-09-16,Barclays,CRM Software,3,4430,13290,Edinburgh
2025-04-28,PwC,Data Warehouse,6,4974,29844,Leeds
2025-11-22,Microsoft,Cloud Suite,8,4242,33936,Leeds
2024-04-09,EY,Analytics Dashboard,4,611,2444,Edinburgh
2024-06-13,Accenture,Cloud Suite,2,3165,6330,Manchester
2025-11-09,Accenture,CRM Software,1,2188,2188,Manchester
2025-02-19,Deloitte,AI Platform,8,4582,36656,Leeds
2024-01-15,PwC,AI Platform,8,3026,24208,Edinburgh
2025-01-12,EY,Cloud Suite,8,3739,29912,Leeds
2024-03-10,Microsoft,AI Platform,1,2764,2764,Manchester
2025-06-27,Deloitte,Analytics Dashboard,4,1808,7232,Manchester
2025-06-25,Accenture,Data Warehouse,3,4516,13548,Edinburgh
2025-07-23,Microsoft,Data Warehouse,9,3295,29655,Birmingham
2025-02-02,Deloitte,Cloud Suite,1,3495,3495,Manchester
2024-06-17,TCS,Data Warehouse,4,3068,12272,London
2024-10-15,EY,Data Warehouse,1,4073,4073,Manchester
2025-04-19,HSBC,Analytics Dashboard,9,4220,37980,London
2024-05-28,TCS,CRM Software,3,4062,12186,Leeds
2024-09-19,Accenture,Analytics Dashboard,8,3288,26304,Edinburgh
2025-09-28,TCS,Cloud Suite,7,3879,27153,Edinburgh
2025-01-10,TCS,CRM Software,5,1903,9515,Edinburgh
2024-10-30,Accenture,Cloud Suite,5,3619,18095,Leeds
2025-12-27,KPMG,CRM Software,6,2634,15804,Edinburgh
2024-01-25,EY,CRM Software,1,939,939,Manchester
2024-02-04,Amazon,AI Platform,8,1018,8144,Edinburgh
2025-09-29,Infosys,CRM Software,4,4685,18740,Manchester
2024-12-30,Accenture,Cloud Suite,6,2835,17010,Birmingham
2025-04-25,HSBC,Data Warehouse,4,602,2408,London
2025-02-27,Infosys,CRM Software,8,4037,32296,Edinburgh
2025-03-02,PwC,CRM Software,2,3062,6124,Leeds
2024-09-02,HSBC,Cloud Suite,4,4496,17984,Manchester
2025-04-04,Infosys,CRM Software,5,1166,5830,London
2024-03-08,Infosys,CRM Software,8,1874,14992,Leeds
2024-08-27,Microsoft,AI Platform,5,1853,9265,London
2025-09-17,KPMG,AI Platform,4,4774,19096,Birmingham
2024-05-24,TCS,Cloud Suite,6,1468,8808,Edinburgh
2024-03-24,HSBC,AI Platform,7,4667,32669,Leeds
2024-09-02,HSBC,CRM Software,7,3516,24612,Leeds
2024-01-04,Google,CRM Software,2,1129,2258,Manchester
2024-01-30,Barclays,AI Platform,6,3399,20394,Birmingham
2025-12-05,Accenture,Analytics Dashboard,8,876,7008,London
2024-12-27,KPMG,Data Warehouse,5,3154,15770,Birmingham
2025-08-11,Infosys,AI Platform,6,1730,10380,Manchester
2024-02-17,Amazon,AI Platform,9,4339,39051,Birmingham
2024-06-21,Accenture,Cloud Suite,6,1051,6306,Manchester
2024-01-16,HSBC,CRM Software,6,4097,24582,Leeds
2024-03-06,Infosys,Analytics Dashboard,2,4754,9508,London
2024-09-10,Microsoft,AI Platform,5,1503,7515,Leeds
2024-03-07,Google,Cloud Suite,7,2586,18102,Birmingham
2024-07-24,PwC,Analytics Dashboard,4,3908,15632,Birmingham
2024-09-05,Accenture,CRM Software,8,4357,34856,Birmingham
2025-12-02,Accenture,Data Warehouse,9,1441,12969,Birmingham
2025-03-19,Deloitte,Data Warehouse,6,2061,12366,Edinburgh
2025-02-22,KPMG,Analytics Dashboard,9,4646,41814,London
2025-11-13,TCS,Analytics Dashboard,2,2426,4852,London
2025-09-18,Google,Analytics Dashboard,9,1750,15750,Leeds
2024-04-25,Microsoft,Cloud Suite,8,2368,18944,Manchester
2024-07-27,Google,AI Platform,7,3953,27671,Manchester
2025-06-19,KPMG,Analytics Dashboard,3,4744,14232,Edinburgh
2025-04-02,HSBC,CRM Software,9,2521,22689,Birmingham
2024-08-21,Google,Analytics Dashboard,2,2472,4944,Birmingham
2024-07-15,Amazon,Analytics Dashboard,1,4045,4045,Edinburgh
2025-06-13,TCS,Cloud Suite,1,1153,1153,Manchester
2025-08-13,TCS,Cloud Suite,4,4936,19744,Manchester
2024-09-13,EY,Data Warehouse,7,2810,19670,London
2025-11-20,Accenture,Analytics Dashboard,4,3592,14368,London
2025-09-06,Microsoft,Cloud Suite,3,1886,5658,Edinburgh
2024-03-23,HSBC,Cloud Suite,6,684,4104,Manchester
2025-07-31,Microsoft,AI Platform,6,1502,9012,Birmingham
2024-06-04,Accenture,CRM Software,1,3638,3638,London
2025-10-06,Accenture,Cloud Suite,2,4141,8282,Edinburgh
2025-02-08,Deloitte,Analytics Dashboard,5,819,4095,London
2025-08-06,Deloitte,AI Platform,6,4196,25176,Edinburgh
2024-05-14,Google,Analytics Dashboard,8,630,5040,Leeds
2024-03-01,EY,CRM Software,6,537,3222,London
2025-04-18,Infosys,CRM Software,3,3114,9342,London
2025-01-17,EY,CRM Software,6,3174,19044,Edinburgh
2024-10-19,Deloitte,Analytics Dashboard,3,4724,14172,Edinburgh
2024-12-08,Deloitte,Data Warehouse,9,4728,42552,London
2025-05-20,Barclays,AI Platform,6,4287,25722,Leeds
2024-06-13,HSBC,CRM Software,8,1492,11936,Edinburgh
2025-08-27,HSBC,Data Warehouse,5,1604,8020,Edinburgh
2025-10-10,KPMG,Analytics Dashboard,4,2554,10216,Manchester
2025-05-29,PwC,Analytics Dashboard,8,509,4072,Edinburgh
2025-07-15,Accenture,Cloud Suite,1,3537,3537,London
2024-02-07,Amazon,Cloud Suite,1,4273,4273,Birmingham
2024-01-17,Microsoft,Data Warehouse,1,3268,3268,London
2025-07-06,TCS,CRM Software,9,614,5526,Leeds
2025-03-13,Amazon,CRM Software,4,3873,15492,Edinburgh
2025-06-12,KPMG,Data Warehouse,7,983,6881,London
2025-05-30,Microsoft,AI Platform,7,2932,20524,Birmingham
2024-08-19,Amazon,Analytics Dashboard,1,3848,3848,Edinburgh
2025-10-31,Deloitte,Data Warehouse,7,1986,13902,Manchester
2024-08-14,Google,Data Warehouse,4,592,2368,Leeds
2025-07-30,Deloitte,Cloud Suite,2,2340,4680,Manchester
2025-12-30,Amazon,CRM Software,4,1630,6520,London
2024-03-11,Microsoft,AI Platform,8,3274,26192,Birmingham
2024-05-22,PwC,Data Warehouse,4,1487,5948,Leeds
2024-09-16,Accenture,AI Platform,6,4193,25158,Birmingham
2024-08-28,Infosys,Cloud Suite,5,1078,5390,Manchester
2025-06-10,Deloitte,Analytics Dashboard,2,4454,8908,Birmingham
2024-11-27,Microsoft,CRM Software,8,913,7304,Birmingham
2025-03-03,KPMG,Analytics Dashboard,4,691,2764,London
2024-11-04,Accenture,Cloud Suite,7,2441,17087,Edinburgh
2025-02-03,HSBC,Analytics Dashboard,7,2621,18347,Edinburgh
2025-04-07,KPMG,AI Platform,8,3538,28304,Edinburgh
2025-05-28,Barclays,Data Warehouse,3,3914,11742,Manchester
2024-12-08,Deloitte,Data Warehouse,2,4265,8530,Leeds
2024-12-18,Google,Analytics Dashboard,1,562,562,Manchester
2025-02-26,PwC,CRM Software,9,4619,41571,Edinburgh
2024-07-29,Deloitte,AI Platform,2,3051,6102,London
2025-11-02,Infosys,Data Warehouse,5,4095,20475,London
2024-08-29,Google,Analytics Dashboard,1,646,646,London
2024-02-11,KPMG,Data Warehouse,2,4550,9100,Manchester
2025-09-08,Microsoft,Cloud Suite,9,4999,44991,Leeds
2024-05-06,Amazon,Data Warehouse,2,3412,6824,London
2025-05-07,Microsoft,Analytics Dashboard,5,1272,6360,Edinburgh
2024-12-06,EY,AI Platform,9,4045,36405,Leeds
2025-02-22,Barclays,AI Platform,5,2371,11855,Manchester
2024-04-30,TCS,Cloud Suite,8,1060,8480,Leeds
2024-05-08,Deloitte,Data Warehouse,4,3636,14544,Manchester
2025-07-16,Infosys,AI Platform,9,3645,32805,Leeds
2025-02-28,Google,CRM Software,8,3000,24000,Manchester
2024-02-17,Deloitte,Analytics Dashboard,7,1253,8771,Manchester
2024-02-05,TCS,Analytics Dashboard,3,4152,12456,Birmingham
2024-04-16,Google,CRM Software,4,3910,15640,Leeds
2025-07-01,TCS,Cloud Suite,1,2531,2531,Birmingham
2024-02-03,Deloitte,AI Platform,2,2160,4320,Edinburgh
2024-02-26,HSBC,AI Platform,8,2483,19864,Birmingham
2024-10-20,Deloitte,Cloud Suite,5,2814,14070,Manchester
2025-06-16,EY,CRM Software,9,2978,26802,Leeds
2024-08-29,Barclays,CRM Software,2,2756,5512,London
2024-08-07,Deloitte,Data Warehouse,5,2987,14935,Manchester
2025-06-15,KPMG,Data Warehouse,6,2143,12858,Edinburgh
2024-06-26,Infosys,Data Warehouse,4,4977,19908,London
2024-05-22,KPMG,Analytics Dashboard,5,1942,9710,Manchester
2024-01-01,PwC,Data Warehouse,4,4682,18728,London
2025-11-29,KPMG,AI Platform,3,3817,11451,Leeds
2024-10-23,Infosys,Cloud Suite,7,1033,7231,Manchester
2025-08-14,KPMG,Data Warehouse,4,3459,13836,Birmingham
2025-01-10,Google,Cloud Suite,3,3597,10791,London
2024-07-15,KPMG,Analytics Dashboard,8,1223,9784,Manchester
2025-07-21,Google,Data Warehouse,2,3980,7960,Leeds
2024-06-01,HSBC,Data Warehouse,7,1635,11445,Edinburgh
2024-09-14,Barclays,Analytics Dashboard,6,3441,20646,Birmingham
2025-03-01,Microsoft,Analytics Dashboard,5,2796,13980,Birmingham
2024-06-29,Google,Analytics Dashboard,7,4645,32515,Edinburgh
2025-11-25,Google,Data Warehouse,1,4521,4521,Edinburgh
2024-04-20,PwC,Analytics Dashboard,5,4562,22810,Edinburgh
2025-11-14,Google,CRM Software,7,4956,34692,Leeds
2025-03-28,Amazon,CRM Software,4,4680,18720,Edinburgh
2024-09-01,Microsoft,CRM Software,4,4526,18104,Edinburgh
2024-12-15,Accenture,CRM Software,5,2060,10300,Edinburgh
2024-01-20,Google,Data Warehouse,9,2952,26568,Birmingham
2025-12-01,EY,Cloud Suite,6,4253,25518,Birmingham
2025-01-15,Infosys,Analytics Dashboard,3,3349,10047,Edinburgh
2024-03-27,HSBC,AI Platform,3,1921,5763,Leeds
2024-10-12,Accenture,CRM Software,1,1945,1945,London
2025-03-18,Deloitte,Analytics Dashboard,9,4926,44334,Edinburgh
2024-06-03,Microsoft,Analytics Dashboard,5,2456,12280,London
2024-06-28,Barclays,Analytics Dashboard,3,1619,4857,Edinburgh
2025-06-09,Microsoft,Analytics Dashboard,8,1792,14336,Birmingham
2025-08-06,PwC,Cloud Suite,2,1517,3034,Manchester
2024-02-26,Google,Data Warehouse,1,2589,2589,London
2025-10-18,Deloitte,AI Platform,4,3614,14456,Birmingham
2024-08-03,Microsoft,AI Platform,1,1936,1936,London
2024-01-21,Google,AI Platform,6,764,4584,Leeds
2024-07-02,PwC,Data Warehouse,4,3817,15268,London
2024-05-29,Deloitte,CRM Software,9,1753,15777,Birmingham
2024-03-12,Accenture,Analytics Dashboard,4,3870,15480,Leeds
2024-10-19,Accenture,AI Platform,8,2952,23616,London
2024-11-24,Accenture,Cloud Suite,2,4475,8950,Edinburgh
2025-06-09,Deloitte,CRM Software,5,965,4825,Edinburgh
2025-03-23,Microsoft,Cloud Suite,9,2539,22851,Edinburgh
2024-06-09,EY,Cloud Suite,3,3282,9846,Manchester
2024-11-03,KPMG,Analytics Dashboard,3,4577,13731,Edinburgh
2025-05-05,Barclays,Data Warehouse,6,1566,9396,London
2024-01-29,Accenture,AI Platform,5,2197,10985,London
2025-01-22,KPMG,Data Warehouse,3,2233,6699,Edinburgh
2024-09-01,Accenture,CRM Software,3,3107,9321,Edinburgh
2025-10-07,Deloitte,Data Warehouse,6,3603,21618,Birmingham
2025-06-17,Infosys,Data Warehouse,3,4553,13659,Leeds
2024-09-05,Amazon,Cloud Suite,4,3360,13440,Leeds
2025-08-06,Accenture,Data Warehouse,3,3334,10002,London
2025-06-11,Infosys,Cloud Suite,8,4500,36000,Manchester
2024-09-10,KPMG,Analytics Dashboard,2,1014,2028,Birmingham
2025-07-24,TCS,Cloud Suite,6,1604,9624,Birmingham
2025-07-16,Deloitte,Data Warehouse,9,568,5112,Leeds
2025-05-06,Amazon,AI Platform,3,2152,6456,Birmingham
2025-08-24,KPMG,AI Platform,2,843,1686,Birmingham
2025-06-19,PwC,Cloud Suite,9,1845,16605,Leeds
2025-06-10,Microsoft,CRM Software,3,3256,9768,Birmingham
2024-09-19,Barclays,CRM Software,1,2093,2093,London
2025-10-18,Accenture,Data Warehouse,1,4178,4178,London
2025-09-14,Deloitte,Data Warehouse,3,2872,8616,Edinburgh
2024-08-15,Deloitte,CRM Software,4,891,3564,Manchester
2024-12-25,Deloitte,CRM Software,4,4760,19040,Edinburgh
2025-08-03,HSBC,Data Warehouse,4,4939,19756,Birmingham
2025-06-07,EY,AI Platform,7,3698,25886,Manchester
2024-03-11,Deloitte,Analytics Dashboard,3,4617,13851,Birmingham
2025-04-21,KPMG,Cloud Suite,6,2193,13158,Edinburgh
2025-01-10,Accenture,CRM Software,4,2186,8744,Leeds
2024-01-21,Deloitte,AI Platform,3,1094,3282,Manchester
2025-09-27,KPMG,CRM Software,1,1976,1976,London
2025-10-02,Infosys,Analytics Dashboard,7,1895,13265,Birmingham
2024-04-06,Microsoft,AI Platform,5,2733,13665,Birmingham
2024-08-03,Barclays,Analytics Dashboard,6,1806,10836,Edinburgh
2025-09-07,KPMG,Data Warehouse,1,1816,1816,Birmingham
2024-10-18,Google,CRM Software,4,2596,10384,Birmingham
2025-01-28,Barclays,AI Platform,4,4383,17532,London
2025-02-02,TCS,Cloud Suite,6,805,4830,Leeds
2025-08-04,EY,Cloud Suite,7,3168,22176,Birmingham
2025-09-21,TCS,Data Warehouse,3,1334,4002,Manchester
2024-06-03,PwC,CRM Software,1,1207,1207,Birmingham
2024-02-17,Microsoft,AI Platform,5,1396,6980,Edinburgh
2024-06-07,KPMG,Data Warehouse,1,2798,2798,Leeds
2024-04-22,PwC,Analytics Dashboard,6,3538,21228,Birmingham
2025-04-22,Infosys,AI Platform,7,4229,29603,Edinburgh
2024-04-29,HSBC,Cloud Suite,3,3022,9066,Leeds
2024-05-15,HSBC,CRM Software,5,2578,12890,Birmingham
2024-01-27,Amazon,AI Platform,1,3023,3023,Leeds
2024-10-25,HSBC,AI Platform,4,4996,19984,Manchester
2025-05-12,EY,Cloud Suite,9,962,8658,Leeds
2025-12-13,KPMG,AI Platform,9,3889,35001,Birmingham
2025-08-15,Infosys,AI Platform,2,911,1822,Leeds
2025-09-26,KPMG,Data Warehouse,2,3124,6248,Leeds
2025-05-29,EY,Cloud Suite,5,2328,11640,Manchester
2024-04-29,Amazon,Data Warehouse,7,2156,15092,Manchester
2024-11-15,Microsoft,Data Warehouse,9,1891,17019,Leeds
2025-10-10,Accenture,Cloud Suite,9,3631,32679,Birmingham
2025-09-10,Barclays,CRM Software,6,3704,22224,Edinburgh
2025-03-25,Google,Data Warehouse,4,1158,4632,Leeds
2024-02-16,Infosys,Data Warehouse,8,4147,33176,Leeds
2024-06-26,Infosys,Data Warehouse,6,3630,21780,Edinburgh
2025-03-13,TCS,Cloud Suite,8,1904,15232,Leeds
2024-07-03,TCS,AI Platform,9,2079,18711,Leeds
2024-02-20,HSBC,Cloud Suite,8,4800,38400,Leeds
2024-03-10,Barclays,CRM Software,1,4846,4846,Manchester
2025-08-13,Microsoft,AI Platform,7,3879,27153,London
2025-09-15,HSBC,CRM Software,2,4999,9998,Manchester
2024-04-28,Google,Analytics Dashboard,7,2724,19068,London
2025-06-17,TCS,CRM Software,6,4148,24888,Edinburgh
2024-09-16,PwC,AI Platform,2,3591,7182,Birmingham
2025-05-02,Amazon,Data Warehouse,2,1964,3928,London
2024-03-19,EY,Data Warehouse,3,513,1539,Birmingham
2024-09-02,PwC,AI Platform,4,756,3024,Manchester
2024-01-19,Microsoft,Cloud Suite,4,3987,15948,London
2024-12-24,KPMG,Analytics Dashboard,4,4999,19996,Manchester
2025-01-10,Accenture,Cloud Suite,6,4707,28242,Birmingham
2025-04-17,Accenture,AI Platform,5,3126,15630,Leeds
2024-09-25,TCS,CRM Software,9,3180,28620,Birmingham
2024-03-26,EY,CRM Software,2,3169,6338,Leeds
2025-12-22,Infosys,Analytics Dashboard,2,3432,6864,London
2024-09-12,Barclays,AI Platform,9,2902,26118,Edinburgh
2024-05-25,Deloitte,Data Warehouse,7,1342,9394,Leeds
2024-09-21,Microsoft,CRM Software,1,1794,1794,London
2025-04-10,Barclays,Cloud Suite,5,987,4935,Birmingham
2025-08-01,Barclays,Cloud Suite,3,4575,13725,Leeds
2025-01-01,TCS,Analytics Dashboard,4,2317,9268,Edinburgh
2025-10-25,Amazon,Cloud Suite,5,3205,16025,Birmingham
2025-02-18,TCS,CRM Software,5,3524,17620,London
2024-08-28,Microsoft,Cloud Suite,2,1751,3502,Edinburgh
2024-10-29,KPMG,Cloud Suite,3,1105,3315,Leeds
2025-10-08,TCS,Cloud Suite,3,4943,14829,Edinburgh
2025-02-01,PwC,Cloud Suite,6,1444,8664,Leeds
2024-11-29,EY,CRM Software,3,1696,5088,Edinburgh
2024-01-02,Amazon,CRM Software,8,2915,23320,Edinburgh
2025-08-02,KPMG,Cloud Suite,4,1449,5796,Edinburgh
2024-07-25,Deloitte,CRM Software,1,2582,2582,Birmingham
2024-07-17,Deloitte,AI Platform,3,4833,14499,London
2025-03-07,Accenture,CRM Software,4,3772,15088,Leeds
2025-10-11,Microsoft,Analytics Dashboard,7,2354,16478,Manchester
2024-12-20,KPMG,AI Platform,1,2417,2417,Leeds
2025-10-19,KPMG,Data Warehouse,7,4616,32312,Manchester
2024-03-12,KPMG,Cloud Suite,5,2450,12250,London
2025-08-02,Barclays,CRM Software,3,606,1818,Edinburgh
2024-04-12,Deloitte,Analytics Dashboard,4,3441,13764,Manchester
2025-05-26,Accenture,AI Platform,7,1099,7693,Birmingham
2024-06-20,HSBC,AI Platform,6,4069,24414,Birmingham
2024-08-21,Barclays,Data Warehouse,4,940,3760,Birmingham
2024-09-01,Accenture,Cloud Suite,2,2127,4254,Manchester
2024-01-13,KPMG,Analytics Dashboard,3,1008,3024,London
2025-01-16,Microsoft,CRM Software,3,4870,14610,Edinburgh
2024-02-13,Barclays,AI Platform,1,2784,2784,Edinburgh
2025-05-31,Barclays,AI Platform,3,3201,9603,Birmingham
2024-07-21,Amazon,Data Warehouse,6,1588,9528,London
2024-08-31,KPMG,AI Platform,3,792,2376,London
2025-01-15,Deloitte,Data Warehouse,6,3316,19896,Manchester
2024-10-01,EY,Analytics Dashboard,7,1537,10759,Edinburgh
2024-12-05,Accenture,Analytics Dashboard,9,1791,16119,Manchester
2024-01-06,KPMG,Cloud Suite,4,1478,5912,Manchester
2025-02-04,TCS,CRM Software,8,637,5096,Manchester
2025-12-13,TCS,Analytics Dashboard,1,1079,1079,Birmingham
2025-07-07,TCS,Cloud Suite,7,3089,21623,London
2024-06-18,KPMG,AI Platform,1,3984,3984,Leeds
2025-08-10,Deloitte,AI Platform,3,4465,13395,London
2025-07-31,Microsoft,CRM Software,7,3184,22288,London
2024-09-02,Infosys,Data Warehouse,8,1738,13904,Birmingham
2025-01-01,KPMG,Data Warehouse,7,2469,17283,Leeds
2024-09-21,Microsoft,Analytics Dashboard,3,725,2175,London
2024-01-31,Barclays,Analytics Dashboard,3,1310,3930,Edinburgh
2024-09-22,TCS,Data Warehouse,2,4028,8056,Manchester
2025-01-21,Google,Analytics Dashboard,2,3479,6958,Leeds
2024-09-25,Barclays,Analytics Dashboard,5,3520,17600,London
2024-12-11,EY,CRM Software,4,1601,6404,Edinburgh
2024-01-14,Microsoft,CRM Software,8,4674,37392,Birmingham
2025-12-05,Barclays,Cloud Suite,2,1243,2486,Birmingham
2025-01-18,Google,Cloud Suite,9,2491,22419,London
2024-11-06,Google,Cloud Suite,5,3069,15345,London
2024-06-01,Microsoft,AI Platform,6,2487,14922,Leeds
2024-08-08,Infosys,Data Warehouse,5,752,3760,Leeds
2025-10-01,HSBC,CRM Software,4,3636,14544,Manchester
2025-09-23,PwC,Cloud Suite,9,2794,25146,London
2024-02-14,KPMG,AI Platform,9,1612,14508,Manchester
2024-08-15,Accenture,Analytics Dashboard,6,3638,21828,Birmingham
2024-02-10,PwC,Cloud Suite,8,4425,35400,Edinburgh
2024-07-17,PwC,Cloud Suite,1,1504,1504,Edinburgh
2024-05-01,Microsoft,CRM Software,9,2205,19845,Edinburgh
2024-04-07,Infosys,AI Platform,6,1691,10146,London
2024-01-08,TCS,Cloud Suite,8,2742,21936,Edinburgh
2024-01-19,KPMG,AI Platform,4,1473,5892,Manchester
2025-07-24,HSBC,Data Warehouse,1,4242,4242,London
2025-02-07,HSBC,Cloud Suite,8,3685,29480,Birmingham
2025-03-04,TCS,Cloud Suite,2,3783,7566,Leeds
2025-10-01,Microsoft,CRM Software,6,1005,6030,Edinburgh
2025-03-17,EY,Cloud Suite,9,2821,25389,London
2024-09-20,Accenture,AI Platform,1,4874,4874,Manchester
2024-07-16,Infosys,CRM Software,1,789,789,Manchester
2024-03-04,Accenture,Cloud Suite,6,2463,14778,London
2025-03-18,EY,Data Warehouse,5,949,4745,Manchester
2024-12-16,Google,AI Platform,3,892,2676,Manchester
2025-02-04,KPMG,AI Platform,4,1332,5328,Manchester
2025-05-19,KPMG,AI Platform,7,3609,25263,Leeds
2024-06-27,Deloitte,Data Warehouse,5,1805,9025,Leeds
2025-03-28,Deloitte,AI Platform,5,761,3805,Edinburgh
2024-09-05,HSBC,Analytics Dashboard,5,1485,7425,London
2025-05-15,TCS,CRM Software,2,4398,8796,Leeds
2024-02-28,Infosys,Cloud Suite,5,2176,10880,Leeds
2024-08-05,Amazon,Cloud Suite,6,4172,25032,Edinburgh
2025-10-09,HSBC,CRM Software,6,1633,9798,London
2024-03-31,Microsoft,Cloud Suite,6,3985,23910,London
2025-11-15,PwC,Cloud Suite,5,3854,19270,London
2024-07-16,Microsoft,CRM Software,2,1857,3714,Manchester
2025-02-13,HSBC,Data Warehouse,7,527,3689,Leeds
2025-02-26,Infosys,CRM Software,2,4222,8444,Leeds
2025-02-27,Microsoft,Analytics Dashboard,3,1336,4008,Birmingham
2024-08-26,HSBC,AI Platform,2,4855,9710,London
2025-11-04,TCS,Analytics Dashboard,9,3674,33066,Manchester
2024-03-05,HSBC,AI Platform,4,1605,6420,Manchester
2024-03-07,Microsoft,Analytics Dashboard,2,3897,7794,Birmingham
2024-06-24,Deloitte,Data Warehouse,3,2502,7506,London
2024-03-11,HSBC,Cloud Suite,9,4840,43560,London
2025-08-23,Deloitte,Data Warehouse,6,2056,12336,Birmingham
2024-07-12,Microsoft,AI Platform,8,2542,20336,Leeds
2024-06-08,KPMG,CRM Software,2,3477,6954,Birmingham
2024-02-29,Barclays,Data Warehouse,6,4293,25758,Leeds
2025-06-14,Infosys,CRM Software,4,2442,9768,London
2024-04-07,Microsoft,Analytics Dashboard,9,3085,27765,Leeds
2025-07-29,EY,Analytics Dashboard,6,2723,16338,Manchester
2025-04-01,Google,Data Warehouse,3,4311,12933,Birmingham
2025-07-29,TCS,Analytics Dashboard,9,1239,11151,London
2025-08-26,Accenture,CRM Software,7,2449,17143,Edinburgh
2024-03-21,KPMG,Analytics Dashboard,5,1737,8685,Manchester
2025-05-20,Amazon,Cloud Suite,2,1894,3788,London
2025-11-27,Accenture,Analytics Dashboard,4,1571,6284,London
2024-01-19,PwC,Cloud Suite,8,4228,33824,Leeds
2024-03-22,Deloitte,AI Platform,7,2707,18949,Leeds
2025-10-29,TCS,Cloud Suite,4,961,3844,Edinburgh
2025-10-27,TCS,Analytics Dashboard,7,2298,16086,Leeds
2024-06-14,Infosys,Data Warehouse,3,3050,9150,Birmingham
2025-07-16,Infosys,Data Warehouse,8,3382,27056,Manchester
2024-12-23,EY,CRM Software,2,2037,4074,London
2024-10-16,Amazon,AI Platform,7,2865,20055,Leeds
2024-07-11,Amazon,Data Warehouse,6,631,3786,Edinburgh
2025-06-05,PwC,CRM Software,6,3188,19128,London
2025-09-05,Deloitte,Analytics Dashboard,1,786,786,Edinburgh
2025-01-21,KPMG,Analytics Dashboard,9,3203,28827,Edinburgh
2024-09-24,TCS,CRM Software,1,1735,1735,London
2024-01-21,TCS,Data Warehouse,6,1946,11676,London
2024-05-02,Accenture,Data Warehouse,6,2445,14670,Manchester
2025-08-22,Microsoft,Data Warehouse,8,4777,38216,London
2025-11-24,HSBC,Data Warehouse,4,1027,4108,Manchester
2025-12-30,HSBC,Analytics Dashboard,6,3586,21516,Birmingham
2024-07-30,KPMG,Data Warehouse,2,2271,4542,Birmingham
2025-07-14,Microsoft,Data Warehouse,5,1444,7220,Edinburgh
2024-06-24,Amazon,Data Warehouse,8,2479,19832,Edinburgh
2024-10-05,Infosys,Analytics Dashboard,7,4704,32928,Leeds
2024-07-24,Accenture,Cloud Suite,2,1930,3860,London
2025-05-23,HSBC,CRM Software,7,890,6230,London
2025-05-12,TCS,Cloud Suite,9,1653,14877,Birmingham
2024-03-21,KPMG,Analytics Dashboard,7,1144,8008,Manchester
2025-06-18,Accenture,CRM Software,8,3725,29800,London
2024-06-04,Deloitte,Cloud Suite,2,2194,4388,London
2024-09-17,HSBC,Data Warehouse,5,1406,7030,Birmingham
2025-03-29,Google,Cloud Suite,7,1442,10094,Birmingham
2024-08-25,EY,CRM Software,9,3892,35028,Birmingham
2024-12-23,Microsoft,Analytics Dashboard,4,4741,18964,Birmingham
2024-12-17,Accenture,AI Platform,5,2848,14240,Leeds
2024-04-09,HSBC,CRM Software,9,587,5283,London
2025-07-26,PwC,Analytics Dashboard,1,1505,1505,Manchester
2024-10-27,Barclays,Data Warehouse,8,1717,13736,Birmingham
2024-11-12,HSBC,CRM Software,1,4858,4858,Manchester
2024-06-14,EY,Data Warehouse,8,1295,10360,Birmingham
2024-04-07,KPMG,Analytics Dashboard,6,542,3252,Manchester
2025-07-07,KPMG,Data Warehouse,1,3971,3971,Manchester
2024-06-15,Deloitte,CRM Software,9,4821,43389,London
2024-12-10,Microsoft,Cloud Suite,6,4315,25890,Edinburgh
2024-05-14,Deloitte,Data Warehouse,2,1245,2490,Birmingham
2025-10-13,Deloitte,Analytics Dashboard,2,3771,7542,Leeds
2025-03-10,Deloitte,Cloud Suite,3,3030,9090,Manchester
2025-02-11,Barclays,Cloud Suite,2,2977,5954,London
2025-05-11,Google,AI Platform,5,4424,22120,Birmingham
2024-08-28,Accenture,Data Warehouse,9,967,8703,London
2024-11-17,Google,Data Warehouse,2,1511,3022,Manchester
2025-03-25,KPMG,Analytics Dashboard,5,3369,16845,Leeds
2024-05-05,Amazon,Cloud Suite,5,1891,9455,Birmingham
2025-11-08,Accenture,Data Warehouse,8,3637,29096,Birmingham
2025-09-08,Barclays,Cloud Suite,4,736,2944,Manchester
2025-02-17,EY,AI Platform,4,4624,18496,Leeds
2025-10-22,Microsoft,Cloud Suite,3,2959,8877,Leeds
2024-09-10,Deloitte,Data Warehouse,9,3652,32868,London
2025-03-24,Accenture,Analytics Dashboard,9,915,8235,Birmingham
2025-08-22,Amazon,Analytics Dashboard,3,4674,14022,London
2025-06-27,Google,Analytics Dashboard,7,3443,24101,Edinburgh
2024-02-27,Microsoft,CRM Software,3,1708,5124,Edinburgh
2025-12-27,Infosys,Cloud Suite,9,712,6408,Birmingham
2025-07-06,Deloitte,Data Warehouse,1,3542,3542,Manchester
2025-03-02,HSBC,CRM Software,8,3581,28648,Birmingham
2024-09-03,Microsoft,CRM Software,5,2029,10145,Manchester
2025-04-04,Infosys,CRM Software,6,4699,28194,Edinburgh
2025-10-02,Barclays,Analytics Dashboard,5,2548,12740,Birmingham
2025-10-01,Microsoft,Analytics Dashboard,3,1017,3051,Leeds
2025-02-18,Google,CRM Software,6,4868,29208,London
2025-04-02,EY,Cloud Suite,1,1475,1475,Leeds
2024-12-19,Deloitte,Analytics Dashboard,7,4478,31346,Manchester
2025-12-04,KPMG,AI Platform,2,2763,5526,Edinburgh
2025-01-14,Accenture,Analytics Dashboard,2,902,1804,Manchester
2024-03-05,Infosys,CRM Software,7,3175,22225,London
2024-08-14,Amazon,CRM Software,6,1137,6822,Edinburgh
2024-07-31,HSBC,Analytics Dashboard,2,642,1284,Manchester
2025-05-23,Accenture,CRM Software,5,2143,10715,Leeds
2025-11-01,Barclays,Cloud Suite,7,771,5397,London
2024-11-17,Barclays,AI Platform,7,1382,9674,Birmingham
2024-03-29,EY,AI Platform,2,2094,4188,Edinburgh
2025-08-25,KPMG,Analytics Dashboard,1,773,773,Edinburgh
2025-08-05,Microsoft,Cloud Suite,7,1758,12306,Birmingham
2025-10-28,TCS,AI Platform,5,4722,23610,Edinburgh
2025-12-12,Deloitte,AI Platform,3,4892,14676,Edinburgh
2025-08-23,Accenture,Analytics Dashboard,1,1799,1799,London
2024-03-30,Microsoft,Data Warehouse,1,2231,2231,Birmingham
2024-03-31,HSBC,CRM Software,2,719,1438,Birmingham
2025-01-13,Barclays,Cloud Suite,4,4828,19312,Birmingham
2024-08-21,Barclays,AI Platform,3,4811,14433,Edinburgh
2025-12-12,KPMG,AI Platform,7,890,6230,London
2025-01-15,PwC,CRM Software,6,4994,29964,Leeds
2025-05-15,PwC,Data Warehouse,5,4325,21625,Manchester
2024-12-10,Accenture,Data Warehouse,6,4142,24852,Birmingham
2025-07-15,Google,Cloud Suite,1,1257,1257,Edinburgh
2025-12-16,PwC,Cloud Suite,5,1634,8170,Manchester
2025-10-02,Barclays,AI Platform,9,3905,35145,Birmingham
2025-08-05,Microsoft,Cloud Suite,2,2137,4274,Edinburgh
2024-05-12,PwC,Analytics Dashboard,6,3120,18720,Manchester
2024-10-05,Deloitte,Analytics Dashboard,1,3293,3293,Birmingham
2025-03-28,Amazon,Analytics Dashboard,9,1763,15867,London
2024-12-23,Amazon,Data Warehouse,5,1825,9125,Manchester
2024-04-10,Deloitte,AI Platform,9,1961,17649,Birmingham
2024-03-13,PwC,Data Warehouse,6,2993,17958,London
2024-10-27,Deloitte,AI Platform,7,4873,34111,Edinburgh
2025-06-10,HSBC,AI Platform,1,3371,3371,Manchester
2025-10-08,Barclays,Cloud Suite,2,2160,4320,Birmingham
2025-09-19,Google,CRM Software,2,1099,2198,Birmingham
2024-12-26,Google,AI Platform,6,2387,14322,Edinburgh
2024-05-09,HSBC,Cloud Suite,1,2146,2146,Leeds
2025-05-14,Amazon,Analytics Dashboard,4,1157,4628,Leeds
2024-01-30,Microsoft,AI Platform,8,3531,28248,Birmingham
2024-08-09,Accenture,Cloud Suite,6,3472,20832,Edinburgh
2025-08-02,Deloitte,AI Platform,5,2127,10635,London
2024-02-19,Google,Data Warehouse,3,2302,6906,Leeds
2025-01-31,Microsoft,AI Platform,9,3811,34299,Manchester
2025-12-08,TCS,Cloud Suite,3,4535,13605,Edinburgh
2025-01-21,Accenture,Analytics Dashboard,3,4865,14595,Edinburgh
2025-01-14,Infosys,Data Warehouse,5,3991,19955,London
2024-05-29,PwC,CRM Software,6,1341,8046,Edinburgh
2025-10-12,Barclays,Cloud Suite,1,1822,1822,Birmingham
2025-07-02,EY,Data Warehouse,8,4301,34408,London
2024-07-27,HSBC,CRM Software,4,3977,15908,London
2024-10-04,Deloitte,AI Platform,8,2133,17064,Manchester
2024-12-01,Barclays,Data Warehouse,3,3705,11115,Leeds
2025-01-24,Accenture,CRM Software,9,3134,28206,Birmingham
2025-03-02,HSBC,Cloud Suite,8,3932,31456,Birmingham
2024-06-27,Microsoft,Cloud Suite,9,4810,43290,Leeds
2024-03-13,PwC,Analytics Dashboard,2,3890,7780,Birmingham
2025-09-16,EY,CRM Software,2,3302,6604,London
2025-10-19,Deloitte,Cloud Suite,3,1566,4698,London
2024-10-19,Microsoft,CRM Software,8,919,7352,Birmingham
2024-07-19,TCS,Cloud Suite,9,4392,39528,London
2024-02-24,EY,Data Warehouse,8,1753,14024,London
2024-10-12,Accenture,Data Warehouse,3,4043,12129,Leeds
2024-10-02,Deloitte,Analytics Dashboard,7,2212,15484,Manchester
2024-10-08,EY,Analytics Dashboard,3,1878,5634,Leeds
2024-10-15,EY,AI Platform,8,4482,35856,London
2024-05-19,Barclays,Cloud Suite,2,1889,3778,Birmingham
2025-09-28,Amazon,Cloud Suite,6,4316,25896,Leeds
2025-10-20,Infosys,Analytics Dashboard,3,2951,8853,London
2025-05-23,Microsoft,AI Platform,1,2602,2602,Birmingham
2025-11-29,Google,AI Platform,3,2230,6690,Manchester
2024-04-22,Amazon,Analytics Dashboard,5,1810,9050,Birmingham
2024-06-13,KPMG,AI Platform,3,1437,4311,Leeds
2024-09-22,Infosys,CRM Software,7,890,6230,Leeds
2025-10-16,TCS,Data Warehouse,9,3767,33903,Manchester
2025-08-11,PwC,Cloud Suite,9,2463,22167,Manchester
2024-08-14,Accenture,AI Platform,8,1215,9720,Birmingham
2025-01-01,Microsoft,Data Warehouse,4,1337,5348,Leeds
2024-11-17,Microsoft,CRM Software,9,739,6651,Birmingham
2024-05-01,EY,AI Platform,3,2526,7578,Birmingham
2025-08-11,PwC,AI Platform,9,649,5841,Edinburgh
2025-01-15,TCS,AI Platform,1,4839,4839,Birmingham
2025-07-29,Infosys,Cloud Suite,9,4535,40815,Leeds
2024-04-24,Google,AI Platform,9,4256,38304,Manchester
2025-09-01,Microsoft,Analytics Dashboard,1,1664,1664,London
2025-09-02,Google,Cloud Suite,1,2259,2259,Birmingham
2024-03-05,HSBC,Analytics Dashboard,1,1837,1837,Edinburgh
2025-08-25,PwC,AI Platform,6,2053,12318,Manchester
2025-05-09,Microsoft,Analytics Dashboard,8,1321,10568,Manchester
2025-05-17,Deloitte,Data Warehouse,9,2108,18972,Manchester
2025-04-22,Microsoft,Analytics Dashboard,4,1111,4444,Leeds
2024-03-14,Microsoft,CRM Software,4,2209,8836,Edinburgh
2025-10-30,EY,Analytics Dashboard,1,1699,1699,Edinburgh
2025-10-25,Barclays,Cloud Suite,2,2998,5996,London
2024-04-25,Barclays,Cloud Suite,4,4138,16552,Birmingham
2025-04-11,Microsoft,AI Platform,4,4683,18732,Manchester
2024-11-03,KPMG,Cloud Suite,4,3810,15240,Edinburgh
2025-10-17,KPMG,Analytics Dashboard,3,2795,8385,London
2025-02-22,HSBC,Cloud Suite,5,2093,10465,Birmingham
2025-03-22,Amazon,Analytics Dashboard,1,4317,4317,London
2024-04-24,PwC,Data Warehouse,5,1457,7285,Edinburgh
2024-04-05,Infosys,CRM Software,7,2201,15407,Manchester
2024-02-01,KPMG,Analytics Dashboard,4,1048,4192,London
2024-02-18,PwC,CRM Software,8,4572,36576,Birmingham
2024-07-19,Deloitte,AI Platform,3,3785,11355,Birmingham
2025-06-27,Google,Data Warehouse,7,4172,29204,Edinburgh
2024-10-17,TCS,CRM Software,4,2659,10636,Leeds
2024-07-07,TCS,AI Platform,1,3121,3121,London
2024-09-14,Barclays,Data Warehouse,5,4254,21270,Manchester
2024-03-29,Google,Data Warehouse,9,999,8991,Edinburgh
2025-04-13,HSBC,Analytics Dashboard,9,2848,25632,Manchester
2024-08-16,Barclays,Analytics Dashboard,7,4028,28196,London
2025-05-08,Accenture,Cloud Suite,5,2608,13040,Leeds
2024-03-01,PwC,Data Warehouse,8,2112,16896,Manchester
2025-11-24,Google,Data Warehouse,7,1729,12103,London
2025-11-18,PwC,Analytics Dashboard,2,3212,6424,Leeds
2025-05-12,PwC,CRM Software,4,4018,16072,Manchester
2024-11-18,Accenture,Analytics Dashboard,1,3464,3464,London
2025-12-10,Infosys,Data Warehouse,5,565,2825,Edinburgh
2024-12-31,KPMG,CRM Software,6,1084,6504,Edinburgh
2024-07-28,Infosys,CRM Software,5,2704,13520,Edinburgh
2025-01-16,Barclays,AI Platform,3,1942,5826,Manchester
2025-07-25,Barclays,Data Warehouse,3,805,2415,Manchester
2024-09-27,HSBC,Data Warehouse,5,3239,16195,Birmingham
2024-02-06,Infosys,AI Platform,5,3668,18340,London
2024-04-19,HSBC,CRM Software,6,2011,12066,Manchester
2024-01-19,Infosys,AI Platform,5,3532,17660,Manchester
2025-02-06,EY,Cloud Suite,8,2952,23616,London
2024-05-10,Amazon,CRM Software,8,1204,9632,Birmingham
2025-10-12,Amazon,AI Platform,6,2215,13290,Manchester
2024-07-14,KPMG,Data Warehouse,1,4507,4507,Edinburgh
2025-05-26,EY,CRM Software,6,3736,22416,Leeds
2024-02-13,Barclays,AI Platform,5,3648,18240,Leeds
2024-03-07,TCS,Analytics Dashboard,5,840,4200,London
2024-10-30,Deloitte,Analytics Dashboard,1,4672,4672,Edinburgh
2025-02-28,HSBC,Cloud Suite,3,1569,4707,Birmingham
2025-08-04,Microsoft,Analytics Dashboard,4,4307,17228,London
2024-10-16,Amazon,Data Warehouse,2,4639,9278,London
2024-05-31,HSBC,Cloud Suite,9,2867,25803,Manchester
2024-07-28,TCS,Analytics Dashboard,7,4443,31101,London
2025-04-08,TCS,Data Warehouse,6,3023,18138,London
2025-01-31,Infosys,Cloud Suite,2,4481,8962,Birmingham
2024-04-12,KPMG,CRM Software,6,983,5898,London
2025-11-21,Accenture,AI Platform,6,2661,15966,London
2025-10-05,Infosys,CRM Software,8,1110,8880,Leeds
2025-03-18,HSBC,AI Platform,8,1681,13448,Birmingham
2024-08-12,EY,AI Platform,9,2514,22626,London
2025-07-24,Google,Cloud Suite,2,3554,7108,Birmingham
2024-05-19,Microsoft,CRM Software,3,559,1677,Edinburgh
2024-01-31,TCS,Analytics Dashboard,2,689,1378,London
2024-11-10,Microsoft,CRM Software,1,1299,1299,Leeds
2025-12-19,Google,CRM Software,5,2217,11085,Leeds
2024-05-07,Google,Cloud Suite,1,3339,3339,Edinburgh
2025-03-17,KPMG,Analytics Dashboard,6,4221,25326,Edinburgh
2025-02-24,Google,Cloud Suite,5,3331,16655,London
2024-05-29,Google,Data Warehouse,8,3552,28416,Edinburgh
2024-11-29,Infosys,Data Warehouse,8,1695,13560,Manchester
2025-10-10,Deloitte,Analytics Dashboard,4,2528,10112,Manchester
2024-03-23,KPMG,Cloud Suite,4,948,3792,Manchester
2025-04-08,Accenture,Cloud Suite,4,884,3536,Manchester
2025-12-15,Accenture,Cloud Suite,1,1598,1598,Manchester
2024-05-21,Google,Analytics Dashboard,6,4399,26394,Leeds
2025-02-14,Microsoft,Cloud Suite,7,1377,9639,Birmingham
2024-03-02,Google,Data Warehouse,3,1378,4134,Edinburgh
2025-08-06,EY,Cloud Suite,8,1261,10088,Leeds
2024-03-14,Amazon,CRM Software,1,4788,4788,London
2024-03-02,EY,AI Platform,3,953,2859,Birmingham
2025-09-28,Infosys,CRM Software,2,2849,5698,Edinburgh
2025-09-15,Deloitte,Analytics Dashboard,2,3320,6640,Edinburgh
2024-02-17,Accenture,Cloud Suite,9,4056,36504,Edinburgh
2024-06-28,Amazon,Cloud Suite,7,3477,24339,Birmingham
2025-08-28,KPMG,CRM Software,2,872,1744,Edinburgh
2025-06-04,KPMG,AI Platform,7,4193,29351,Edinburgh
2024-05-15,Google,Cloud Suite,6,1700,10200,London
2024-10-03,Accenture,Cloud Suite,4,3615,14460,Birmingham
2024-05-15,HSBC,Analytics Dashboard,8,550,4400,London
2024-06-06,Microsoft,AI Platform,8,3376,27008,Manchester
2025-01-11,HSBC,CRM Software,1,625,625,Birmingham
2024-10-04,HSBC,Analytics Dashboard,7,640,4480,Edinburgh
2025-12-06,EY,CRM Software,9,3890,35010,Leeds
2025-12-29,Amazon,Data Warehouse,2,1540,3080,Birmingham
2025-03-11,EY,CRM Software,2,3446,6892,Birmingham
2024-06-13,Deloitte,AI Platform,8,3606,28848,Manchester
2025-04-05,Accenture,AI Platform,5,2412,12060,Birmingham
2024-09-21,TCS,Data Warehouse,7,1694,11858,Leeds
2025-06-16,Infosys,AI Platform,7,4867,34069,Manchester
2024-03-27,Amazon,CRM Software,6,3508,21048,Birmingham
2025-05-10,TCS,Cloud Suite,8,4477,35816,Edinburgh
2025-03-04,Barclays,Data Warehouse,6,3966,23796,Birmingham
2024-06-10,TCS,CRM Software,7,4895,34265,Leeds
2025-02-27,KPMG,Analytics Dashboard,4,3919,15676,London
2025-10-13,HSBC,AI Platform,4,3633,14532,Leeds
2025-10-27,Microsoft,Cloud Suite,6,1080,6480,London
2024-06-25,KPMG,Cloud Suite,5,618,3090,Leeds
2025-04-22,Infosys,Cloud Suite,3,3062,9186,London
2024-02-21,Google,CRM Software,2,4448,8896,Edinburgh
2024-07-13,Infosys,Analytics Dashboard,9,2022,18198,Manchester
2025-04-13,Amazon,Analytics Dashboard,6,1156,6936,Edinburgh
2025-08-12,Google,AI Platform,1,4251,4251,Edinburgh
2025-11-18,HSBC,CRM Software,2,1247,2494,Manchester
2025-08-05,PwC,Data Warehouse,7,3853,26971,London
2025-06-23,Infosys,AI Platform,8,4103,32824,Leeds
2025-05-25,Accenture,Data Warehouse,8,2644,21152,London
2024-06-01,HSBC,Data Warehouse,4,1666,6664,Manchester
2024-08-07,Google,Data Warehouse,3,4263,12789,London
2024-11-29,Microsoft,Data Warehouse,1,4947,4947,Birmingham
2025-02-03,TCS,Cloud Suite,2,3077,6154,Edinburgh
2024-04-02,Microsoft,Data Warehouse,6,3159,18954,London
2025-07-08,Google,Cloud Suite,2,1207,2414,Edinburgh
2025-05-14,EY,Cloud Suite,7,2661,18627,Edinburgh
2025-02-21,EY,AI Platform,5,4807,24035,Edinburgh
2024-07-03,TCS,CRM Software,7,1019,7133,Leeds
2024-10-03,Accenture,Data Warehouse,6,3212,19272,Manchester
2024-05-21,KPMG,CRM Software,3,3927,11781,Edinburgh
2025-08-17,TCS,Data Warehouse,3,1834,5502,London
2024-04-21,Barclays,Data Warehouse,1,2116,2116,Edinburgh
2025-01-16,HSBC,Cloud Suite,7,1772,12404,Leeds
2024-01-21,HSBC,CRM Software,3,4441,13323,Leeds
2024-03-18,KPMG,Data Warehouse,8,3435,27480,Birmingham
2025-02-27,Amazon,CRM Software,5,3833,19165,Birmingham
2024-08-16,Deloitte,Analytics Dashboard,5,3399,16995,London
2024-04-20,Deloitte,CRM Software,8,4659,37272,Manchester
2024-12-19,Accenture,CRM Software,5,512,2560,London
2024-08-26,Google,CRM Software,6,3890,23340,Birmingham
2025-04-25,TCS,AI Platform,5,4346,21730,London
2025-04-17,Deloitte,Analytics Dashboard,8,1310,10480,London
2024-02-15,Deloitte,CRM Software,6,4886,29316,Manchester
2024-07-22,Accenture,Cloud Suite,8,1423,11384,Edinburgh
2024-01-16,EY,Data Warehouse,7,1601,11207,Birmingham
2025-12-23,Barclays,AI Platform,1,3512,3512,London
2025-06-28,PwC,Analytics Dashboard,4,3046,12184,Leeds
2024-05-22,EY,AI Platform,8,1564,12512,Edinburgh
2025-02-18,Deloitte,Cloud Suite,2,2983,5966,London
2024-08-26,Accenture,Data Warehouse,5,3836,19180,Edinburgh
2025-03-20,Infosys,Analytics Dashboard,4,1597,6388,London
2025-09-26,Barclays,AI Platform,8,660,5280,London
2025-05-05,PwC,Cloud Suite,7,726,5082,London
2024-11-12,PwC,Analytics Dashboard,5,2101,10505,London
2025-10-08,EY,Analytics Dashboard,7,2425,16975,Leeds
2024-09-08,HSBC,Analytics Dashboard,3,2811,8433,Manchester
2024-03-08,Infosys,Analytics Dashboard,7,1013,7091,London
2025-03-17,Deloitte,Analytics Dashboard,7,1720,12040,Edinburgh
2025-08-26,KPMG,Cloud Suite,1,4004,4004,London
2025-04-25,Google,Data Warehouse,7,1832,12824,Leeds
2025-05-08,Google,Cloud Suite,7,3607,25249,Manchester
2024-03-28,KPMG,AI Platform,5,3314,16570,London
2024-05-05,Microsoft,Data Warehouse,4,1009,4036,Manchester
2024-06-24,EY,Analytics Dashboard,2,2565,5130,Birmingham
2025-09-21,Accenture,CRM Software,8,4942,39536,Leeds
2024-05-12,Google,Analytics Dashboard,7,1516,10612,Birmingham
2024-01-26,Google,CRM Software,3,3856,11568,Manchester
2024-11-15,TCS,Data Warehouse,1,1385,1385,Manchester
2025-12-21,PwC,Data Warehouse,2,1071,2142,Edinburgh
2024-11-20,Accenture,Cloud Suite,5,4860,24300,Edinburgh
2024-11-28,Accenture,Analytics Dashboard,4,2605,10420,London
2025-11-22,KPMG,Cloud Suite,3,1370,4110,London
2024-07-18,Google,AI Platform,8,4993,39944,Manchester
2025-01-26,PwC,Cloud Suite,7,2112,14784,Edinburgh
2024-04-20,Infosys,Cloud Suite,2,3029,6058,Edinburgh
2024-12-29,Deloitte,AI Platform,8,3755,30040,London
2024-01-12,Barclays,Cloud Suite,5,3394,16970,Manchester
2024-12-11,PwC,Data Warehouse,9,3444,30996,London
2025-11-25,HSBC,CRM Software,8,1600,12800,Manchester
2025-07-10,KPMG,Analytics Dashboard,3,704,2112,Birmingham
2024-11-19,PwC,Cloud Suite,9,3814,34326,London
2025-04-23,EY,Data Warehouse,8,3181,25448,Manchester
2024-07-26,Infosys,CRM Software,7,3795,26565,London
2025-03-04,TCS,Analytics Dashboard,7,2527,17689,Manchester
2024-03-06,Google,CRM Software,2,2932,5864,Birmingham
2025-01-17,HSBC,Data Warehouse,6,3952,23712,London
2025-08-23,PwC,CRM Software,4,4170,16680,Leeds
2025-03-09,Google,Analytics Dashboard,4,1472,5888,London
2025-08-07,Google,CRM Software,3,2124,6372,London
2025-08-10,Infosys,Data Warehouse,1,1475,1475,Manchester
2024-01-31,EY,Cloud Suite,4,2928,11712,Leeds
2024-03-02,Amazon,AI Platform,7,3149,22043,Leeds
2024-11-11,EY,CRM Software,3,2922,8766,Birmingham
2024-02-12,Google,CRM Software,4,1755,7020,Leeds
2024-01-08,Accenture,Analytics Dashboard,9,4450,40050,Edinburgh
2024-02-22,PwC,Cloud Suite,6,2324,13944,Edinburgh
2025-05-14,Amazon,Cloud Suite,1,1630,1630,Leeds
2024-01-16,PwC,CRM Software,7,1088,7616,London
2025-08-27,HSBC,Cloud Suite,2,3790,7580,Birmingham
2025-03-09,Amazon,Cloud Suite,3,1367,4101,Edinburgh
2025-07-27,EY,Data Warehouse,5,893,4465,London
2024-02-13,Amazon,Analytics Dashboard,3,3929,11787,Manchester
2025-06-15,PwC,Analytics Dashboard,6,4693,28158,London
2025-10-25,Barclays,AI Platform,2,4522,9044,London
2025-06-05,HSBC,Cloud Suite,2,2000,4000,Birmingham
2025-03-02,Infosys,AI Platform,1,4488,4488,London
2025-03-15,Deloitte,CRM Software,6,2985,17910,Leeds
2025-07-30,PwC,Cloud Suite,4,3344,13376,Leeds
2025-11-16,HSBC,CRM Software,9,2947,26523,Leeds
2024-08-04,Amazon,AI Platform,5,2512,12560,Manchester
2024-07-04,KPMG,Cloud Suite,1,1667,1667,Birmingham
2024-04-20,Infosys,Cloud Suite,1,2679,2679,London
2025-08-23,Deloitte,Analytics Dashboard,9,3983,35847,London
2024-02-05,Accenture,AI Platform,4,722,2888,Birmingham
2025-06-13,Deloitte,Data Warehouse,7,601,4207,London
2025-10-13,Amazon,Cloud Suite,2,2500,5000,Edinburgh
2025-06-28,Google,AI Platform,6,3505,21030,Manchester
2024-05-16,PwC,AI Platform,8,3920,31360,Leeds
2024-07-01,Microsoft,Cloud Suite,6,2198,13188,Leeds
2025-05-04,HSBC,Cloud Suite,3,3718,11154,Manchester
2024-07-11,Accenture,CRM Software,8,4497,35976,London
2024-04-17,Google,Cloud Suite,9,834,7506,Leeds
2024-09-10,Deloitte,Analytics Dashboard,1,4629,4629,Edinburgh
2024-08-25,PwC,AI Platform,8,4112,32896,Birmingham
2025-04-10,Microsoft,CRM Software,9,2004,18036,Manchester
2025-02-06,HSBC,Cloud Suite,3,2199,6597,Leeds
2025-08-09,Amazon,AI Platform,9,4338,39042,London
2025-12-15,Barclays,Analytics Dashboard,1,4174,4174,Edinburgh
2025-10-23,Microsoft,CRM Software,5,2580,12900,London
2025-11-26,HSBC,Cloud Suite,2,1698,3396,Leeds
2024-09-25,Infosys,Cloud Suite,9,4768,42912,Birmingham
2025-02-09,Infosys,Analytics Dashboard,1,757,757,Birmingham
2024-06-22,Accenture,Data Warehouse,1,685,685,Manchester
2025-10-01,Barclays,Analytics Dashboard,6,4468,26808,Manchester
2024-01-21,Microsoft,Analytics Dashboard,3,2602,7806,Leeds
2024-01-06,Amazon,Cloud Suite,2,2659,5318,Manchester
2024-08-17,PwC,AI Platform,2,4113,8226,Edinburgh
2025-09-19,TCS,Cloud Suite,8,1655,13240,Leeds
2025-05-12,Deloitte,AI Platform,3,4825,14475,Edinburgh
2024-10-03,Amazon,AI Platform,3,4523,13569,London
2024-12-31,EY,Data Warehouse,6,4064,24384,London
2025-01-08,Infosys,CRM Software,3,2877,8631,Leeds
2024-07-12,Infosys,Cloud Suite,8,1385,11080,London
2025-02-26,KPMG,AI Platform,8,844,6752,Manchester
2025-05-30,EY,Data Warehouse,8,1204,9632,Leeds
2024-01-23,Amazon,CRM Software,7,4325,30275,London
2025-04-09,Google,CRM Software,4,1789,7156,Manchester
2025-07-03,TCS,Cloud Suite,6,2855,17130,Leeds
2025-04-20,Infosys,CRM Software,9,3071,27639,Manchester
2024-09-05,Google,AI Platform,6,4533,27198,Manchester
2024-07-09,Amazon,Data Warehouse,8,4325,34600,Birmingham
2024-05-10,Amazon,CRM Software,9,551,4959,Leeds
2025-07-27,Google,CRM Software,8,2272,18176,London
2025-05-09,Amazon,Analytics Dashboard,3,2916,8748,Edinburgh
2024-08-19,KPMG,Data Warehouse,1,1546,1546,Birmingham
2024-04-27,Microsoft,AI Platform,7,1676,11732,London
2024-09-24,Infosys,AI Platform,6,1531,9186,Manchester
2024-08-04,EY,CRM Software,2,606,1212,London
2025-11-30,Microsoft,Analytics Dashboard,5,1121,5605,Birmingham
2024-05-24,EY,CRM Software,2,2946,5892,Birmingham
2024-05-03,Barclays,Data Warehouse,9,2072,18648,Birmingham
2024-05-09,Barclays,Data Warehouse,5,3834,19170,Manchester
2024-02-15,Microsoft,CRM Software,4,4682,18728,Birmingham
2025-01-19,Amazon,AI Platform,6,1973,11838,Manchester
2024-11-21,Google,CRM Software,1,4034,4034,London
2024-07-20,Deloitte,Data Warehouse,1,3754,3754,Leeds
2025-11-30,Barclays,Cloud Suite,5,1786,8930,London
2025-07-19,TCS,Cloud Suite,4,2956,11824,Birmingham
2025-04-06,Barclays,CRM Software,3,4054,12162,Edinburgh
2024-06-10,Microsoft,AI Platform,8,3471,27768,Leeds
2024-08-06,KPMG,Cloud Suite,9,953,8577,London
2024-03-29,Barclays,Data Warehouse,1,2248,2248,Manchester
2024-04-09,Deloitte,Cloud Suite,7,2286,16002,Manchester
2025-05-09,Amazon,Cloud Suite,3,1859,5577,Birmingham
2025-05-27,KPMG,Analytics Dashboard,2,1773,3546,Birmingham
2024-05-17,PwC,Cloud Suite,2,2347,4694,Manchester
2025-08-29,Amazon,Analytics Dashboard,7,3464,24248,London
2025-05-12,Barclays,AI Platform,6,3108,18648,Leeds
2025-02-22,Infosys,CRM Software,7,678,4746,London
2025-11-28,TCS,Data Warehouse,2,3048,6096,Birmingham
2024-04-21,EY,CRM Software,3,1881,5643,Edinburgh
2024-11-11,EY,AI Platform,6,536,3216,Birmingham
2024-09-26,TCS,Data Warehouse,4,4441,17764,Birmingham
2024-01-01,Google,Data Warehouse,4,924,3696,Leeds
2024-01-18,Deloitte,Analytics Dashboard,7,4300,30100,Manchester
2024-07-29,HSBC,Data Warehouse,9,632,5688,London
2024-09-20,Google,Analytics Dashboard,2,4462,8924,London
2025-05-30,TCS,CRM Software,1,3744,3744,London
2025-05-29,Barclays,Cloud Suite,9,583,5247,Manchester
2024-07-27,Accenture,Analytics Dashboard,3,2791,8373,Birmingham
2025-01-27,Barclays,AI Platform,9,508,4572,Edinburgh
2025-12-15,Microsoft,AI Platform,2,765,1530,Edinburgh
2024-05-31,PwC,Analytics Dashboard,6,1849,11094,Edinburgh
2024-11-10,PwC,AI Platform,8,1558,12464,London
2024-03-16,Microsoft,Cloud Suite,8,1387,11096,London
2024-10-03,Infosys,Analytics Dashboard,2,3179,6358,London
2025-07-23,Barclays,Cloud Suite,3,4857,14571,Birmingham
2025-01-05,Infosys,Analytics Dashboard,8,1720,13760,Leeds
2025-08-07,HSBC,Data Warehouse,4,3691,14764,Leeds
2025-07-26,Deloitte,Cloud Suite,4,1731,6924,Manchester
2025-11-04,Infosys,Cloud Suite,3,1116,3348,Leeds
2024-07-27,PwC,Data Warehouse,2,3777,7554,Birmingham
2025-11-27,KPMG,CRM Software,6,3379,20274,Manchester
2024-12-16,Accenture,Data Warehouse,8,1281,10248,Edinburgh
2025-06-22,HSBC,AI Platform,4,2774,11096,Manchester
2025-08-13,Microsoft,AI Platform,9,855,7695,Birmingham
2025-01-26,PwC,Analytics Dashboard,9,4022,36198,Leeds
2025-11-30,EY,Analytics Dashboard,3,4163,12489,London
2025-03-21,Accenture,AI Platform,4,4281,17124,Birmingham
2025-06-07,HSBC,CRM Software,4,2626,10504,Manchester
2025-08-31,Amazon,AI Platform,3,4205,12615,Leeds
2024-05-29,KPMG,Cloud Suite,7,4930,34510,Leeds
2025-10-10,Google,Analytics Dashboard,8,835,6680,Manchester
2024-03-21,Google,Cloud Suite,9,622,5598,London
2024-04-05,PwC,Analytics Dashboard,2,1894,3788,London
2024-12-22,EY,CRM Software,1,4444,4444,Birmingham
2024-01-31,Google,Data Warehouse,9,1634,14706,Leeds
2025-10-13,Deloitte,AI Platform,6,4180,25080,Birmingham
2024-08-27,Amazon,Cloud Suite,8,4015,32120,Edinburgh
2024-05-02,EY,Data Warehouse,5,3098,15490,Edinburgh
2024-08-15,EY,Cloud Suite,4,3380,13520,Edinburgh
2025-11-10,Google,CRM Software,3,1938,5814,Birmingham
2025-12-21,Google,CRM Software,3,1512,4536,Edinburgh
2025-03-22,TCS,CRM Software,7,2422,16954,Birmingham
2025-10-11,Deloitte,AI Platform,1,3957,3957,Manchester
2024-04-12,Amazon,Data Warehouse,2,749,1498,Edinburgh
2024-07-19,Microsoft,CRM Software,3,957,2871,Birmingham
2024-10-24,TCS,AI Platform,4,4569,18276,Leeds
2024-11-11,KPMG,CRM Software,6,3822,22932,Leeds
2024-03-02,Infosys,Cloud Suite,8,2877,23016,Leeds
2024-10-08,Microsoft,AI Platform,4,2244,8976,Birmingham
2025-02-04,Google,Data Warehouse,1,1134,1134,Leeds
2025-10-30,Deloitte,CRM Software,2,3790,7580,London
2024-10-11,HSBC,Analytics Dashboard,8,4834,38672,Edinburgh
2025-10-06,HSBC,Cloud Suite,2,2735,5470,London
2025-06-13,EY,Cloud Suite,4,1776,7104,Edinburgh
2025-07-14,KPMG,AI Platform,1,1573,1573,Leeds
2025-09-22,EY,CRM Software,4,4247,16988,London
2024-08-10,Barclays,Data Warehouse,3,1785,5355,Edinburgh
2025-06-18,Google,CRM Software,4,1145,4580,Edinburgh
2025-07-10,PwC,Data Warehouse,8,4624,36992,Edinburgh
2024-12-30,Amazon,Cloud Suite,3,718,2154,Edinburgh
2025-08-30,Infosys,Data Warehouse,4,3933,15732,Manchester
2025-08-01,Deloitte,AI Platform,1,1605,1605,London
2025-11-23,EY,AI Platform,9,4821,43389,Birmingham
2024-01-28,PwC,CRM Software,3,2661,7983,Manchester
2024-06-14,Barclays,Data Warehouse,5,2394,11970,Edinburgh
2025-01-30,HSBC,Analytics Dashboard,1,3692,3692,Birmingham
2025-12-22,Accenture,Cloud Suite,4,2767,11068,Leeds
2025-04-17,Accenture,CRM Software,2,1429,2858,Edinburgh
2025-02-08,TCS,CRM Software,7,4564,31948,Leeds
2024-08-01,KPMG,Data Warehouse,6,2528,15168,Leeds
2025-06-18,Accenture,CRM Software,8,1688,13504,Leeds
2024-05-29,Barclays,AI Platform,6,2436,14616,Edinburgh
2025-11-19,Deloitte,CRM Software,6,4274,25644,Edinburgh
2025-02-01,PwC,AI Platform,5,2021,10105,Leeds
2025-03-01,Accenture,Analytics Dashboard,1,4406,4406,London
2024-05-10,EY,AI Platform,3,1322,3966,Leeds
2025-06-26,KPMG,CRM Software,5,4786,23930,Manchester
2025-02-18,Infosys,Cloud Suite,4,4433,17732,London
2025-08-17,Amazon,Cloud Suite,7,1057,7399,London
2024-12-17,Amazon,CRM Software,9,1860,16740,Edinburgh
2024-03-17,Barclays,Cloud Suite,8,811,6488,London
2024-03-07,KPMG,Cloud Suite,6,4377,26262,Birmingham
2025-10-04,HSBC,Cloud Suite,7,4707,32949,Leeds
2025-04-20,Deloitte,Cloud Suite,4,4474,17896,Manchester
2025-08-04,KPMG,Data Warehouse,7,3366,23562,London
2024-12-14,EY,CRM Software,9,4226,38034,Birmingham
2025-11-29,Infosys,Data Warehouse,7,4421,30947,Manchester
2024-02-07,Amazon,Cloud Suite,1,3572,3572,Birmingham
2025-01-15,TCS,AI Platform,2,4991,9982,Leeds
2024-02-01,Deloitte,Cloud Suite,2,1584,3168,London
2025-03-16,KPMG,Analytics Dashboard,2,2745,5490,Leeds
2025-11-24,PwC,Data Warehouse,3,997,2991,Manchester
2025-10-12,TCS,CRM Software,8,1305,10440,London
2025-06-16,Accenture,Data Warehouse,9,2045,18405,Birmingham
2025-10-06,Deloitte,CRM Software,5,2008,10040,Edinburgh
2025-01-24,HSBC,Cloud Suite,8,3070,24560,Manchester
2024-06-03,PwC,AI Platform,4,1398,5592,Leeds
2024-04-02,Microsoft,AI Platform,1,3560,3560,Manchester
2025-04-19,PwC,Analytics Dashboard,4,1757,7028,Birmingham
2024-10-18,Microsoft,Data Warehouse,9,1456,13104,Leeds
2025-04-09,Google,AI Platform,9,3282,29538,Birmingham
2025-11-22,Microsoft,Data Warehouse,8,2823,22584,London
2024-02-23,Deloitte,CRM Software,2,2429,4858,Birmingham
2025-09-16,Microsoft,CRM Software,7,2260,15820,Birmingham
2025-09-12,KPMG,AI Platform,5,1474,7370,Manchester
2025-07-29,Amazon,AI Platform,6,661,3966,London
2025-10-20,Barclays,Cloud Suite,5,4599,22995,Birmingham
2024-02-20,HSBC,CRM Software,7,3933,27531,London
2024-03-08,EY,Data Warehouse,9,3326,29934,Manchester
2025-10-28,Barclays,Cloud Suite,8,883,7064,Edinburgh
2024-10-03,Microsoft,AI Platform,6,3245,19470,Edinburgh
2024-08-07,Barclays,Data Warehouse,1,511,511,Birmingham
2025-11-22,Accenture,Data Warehouse,6,569,3414,Leeds
2024-07-19,EY,CRM Software,5,3830,19150,Manchester
2024-09-20,Accenture,AI Platform,9,1244,11196,Leeds
2024-01-02,PwC,AI Platform,5,1524,7620,Leeds
2024-11-26,Deloitte,Analytics Dashboard,7,1333,9331,Leeds
2025-01-11,Accenture,CRM Software,3,1558,4674,Leeds
2025-05-08,Amazon,AI Platform,5,4719,23595,London
2025-03-31,Infosys,Data Warehouse,7,4647,32529,London
2024-01-05,HSBC,AI Platform,1,2764,2764,Edinburgh
2025-02-04,KPMG,Cloud Suite,3,3597,10791,Leeds
2024-01-03,KPMG,Data Warehouse,2,2551,5102,London
2025-07-03,Google,Data Warehouse,6,700,4200,Leeds
2024-09-08,Accenture,Data Warehouse,5,1085,5425,Manchester
2025-11-27,Deloitte,CRM Software,5,859,4295,Leeds
2024-01-15,Deloitte,Analytics Dashboard,6,3741,22446,London
2025-08-16,Deloitte,Data Warehouse,6,2426,14556,London
2025-07-05,Microsoft,Analytics Dashboard,9,4774,42966,London
2025-06-18,EY,AI Platform,7,3373,23611,Birmingham
2024-01-30,HSBC,Analytics Dashboard,8,3705,29640,Manchester
2024-11-07,Amazon,Analytics Dashboard,6,3673,22038,Manchester
2025-01-12,Microsoft,CRM Software,8,2912,23296,Leeds
2025-04-13,Google,CRM Software,6,3227,19362,Edinburgh
2025-07-14,Accenture,Cloud Suite,4,1086,4344,London
2025-03-29,Microsoft,Cloud Suite,5,3411,17055,Leeds
2025-06-27,Deloitte,Data Warehouse,1,1054,1054,Birmingham
2024-09-21,KPMG,Analytics Dashboard,2,3184,6368,Leeds
2024-06-15,Google,AI Platform,3,2025,6075,Manchester
2025-12-27,Accenture,CRM Software,9,2458,22122,Leeds
2025-07-29,PwC,AI Platform,5,4594,22970,Birmingham
2024-02-05,Accenture,AI Platform,4,3895,15580,London
2025-10-09,KPMG,CRM Software,7,2361,16527,Birmingham
2024-04-19,HSBC,AI Platform,2,1198,2396,London
2025-02-13,Deloitte,Data Warehouse,5,924,4620,Leeds
2024-03-06,HSBC,Analytics Dashboard,1,3266,3266,Leeds
2025-03-22,KPMG,AI Platform,7,2151,15057,Edinburgh
2025-04-02,Deloitte,Cloud Suite,1,1289,1289,Edinburgh
2024-06-11,Deloitte,Data Warehouse,8,849,6792,Leeds
2025-10-31,EY,Cloud Suite,7,1629,11403,Manchester
2024-09-11,Barclays,Data Warehouse,1,1490,1490,Manchester
2024-02-15,Infosys,Cloud Suite,5,1876,9380,Birmingham
2024-08-13,Barclays,Analytics Dashboard,4,3387,13548,Birmingham
2025-06-21,Deloitte,CRM Software,5,1937,9685,London
2025-07-06,HSBC,Cloud Suite,2,1997,3994,London
2025-11-14,HSBC,Analytics Dashboard,8,4775,38200,Manchester
2025-06-07,Infosys,Data Warehouse,9,701,6309,Birmingham
2025-06-01,Accenture,CRM Software,6,2448,14688,Edinburgh
2025-11-24,Microsoft,Data Warehouse,5,3159,15795,Manchester
2025-08-20,EY,CRM Software,4,4699,18796,Birmingham
2024-10-29,PwC,CRM Software,2,2057,4114,London
2025-07-03,Amazon,CRM Software,2,1280,2560,London
2024-12-22,Barclays,AI Platform,7,3598,25186,Leeds
2024-06-08,Amazon,AI Platform,1,2757,2757,Leeds
2024-10-28,PwC,AI Platform,1,1439,1439,London
2024-01-09,HSBC,Cloud Suite,9,3232,29088,Leeds
2024-07-23,Microsoft,CRM Software,6,602,3612,Leeds
2024-03-26,HSBC,Data Warehouse,7,701,4907,Manchester
2024-03-29,HSBC,Data Warehouse,6,2054,12324,Birmingham
2024-08-17,Deloitte,Cloud Suite,7,4866,34062,Leeds
2024-03-09,Infosys,Cloud Suite,1,615,615,Birmingham
2025-07-16,TCS,CRM Software,3,859,2577,Edinburgh
2024-01-28,TCS,Analytics Dashboard,8,3416,27328,Leeds
2024-09-27,PwC,Data Warehouse,7,4177,29239,Manchester
2024-03-28,Barclays,Cloud Suite,3,4394,13182,Birmingham
2025-03-08,Barclays,Analytics Dashboard,6,2765,16590,Leeds
2025-07-03,Infosys,Data Warehouse,4,2045,8180,Manchester
2024-02-17,Infosys,Cloud Suite,4,4874,19496,Edinburgh
2024-11-23,Google,Cloud Suite,9,4555,40995,London
2025-06-12,Accenture,CRM Software,3,2376,7128,London
2025-08-06,Accenture,Cloud Suite,6,2720,16320,Leeds
2025-04-23,EY,Analytics Dashboard,2,4485,8970,Leeds
2024-04-27,EY,Cloud Suite,3,4506,13518,London
2024-09-06,Google,CRM Software,4,570,2280,Leeds
2025-07-24,Barclays,Data Warehouse,6,1537,9222,Birmingham
2024-04-21,Infosys,Cloud Suite,4,984,3936,London
2024-09-02,Accenture,AI Platform,3,3871,11613,Manchester
2025-08-17,Google,Data Warehouse,6,2288,13728,Manchester
2024-09-05,Microsoft,Data Warehouse,4,2417,9668,Edinburgh
2024-02-11,Amazon,CRM Software,2,3409,6818,London
2025-03-16,Accenture,CRM Software,7,4728,33096,Birmingham
2025-09-09,Microsoft,AI Platform,6,3414,20484,Edinburgh
2025-01-29,TCS,Cloud Suite,6,4129,24774,Manchester
2025-05-02,Barclays,Analytics Dashboard,2,1584,3168,London
2024-10-28,Accenture,AI Platform,7,4222,29554,Edinburgh
2024-10-23,Google,AI Platform,6,3747,22482,Manchester
2025-03-29,Deloitte,AI Platform,2,2574,5148,London
2025-11-25,Barclays,AI Platform,5,606,3030,Leeds
2025-12-01,EY,CRM Software,9,1295,11655,Birmingham
2025-02-23,Microsoft,Analytics Dashboard,3,2032,6096,London
2024-05-01,Deloitte,Analytics Dashboard,3,2115,6345,Manchester
2024-06-01,Deloitte,CRM Software,7,2827,19789,London
2025-04-09,Amazon,Data Warehouse,4,854,3416,Manchester
2024-05-03,TCS,AI Platform,4,2120,8480,Edinburgh
2025-05-17,PwC,Analytics Dashboard,3,929,2787,London
2025-04-17,Microsoft,AI Platform,6,919,5514,Birmingham
2025-03-03,Amazon,Cloud Suite,1,2065,2065,Manchester
2024-08-14,EY,Data Warehouse,6,2132,12792,London
2024-01-04,Google,Analytics Dashboard,9,2867,25803,Leeds
2025-05-15,Barclays,Cloud Suite,9,684,6156,Leeds
2024-06-28,TCS,CRM Software,1,554,554,Edinburgh
2024-03-17,Microsoft,Analytics Dashboard,5,2101,10505,Manchester
2025-12-11,Accenture,AI Platform,4,2590,10360,London
2024-08-15,PwC,Analytics Dashboard,3,3309,9927,Manchester
2024-11-02,Microsoft,Analytics Dashboard,8,2581,20648,Birmingham
2025-10-03,KPMG,Cloud Suite,7,4287,30009,Birmingham
2024-01-17,KPMG,AI Platform,7,2133,14931,Manchester
2024-04-13,Google,AI Platform,4,1694,6776,Leeds
2025-08-05,KPMG,Data Warehouse,1,624,624,Edinburgh
2024-04-16,EY,Analytics Dashboard,1,4325,4325,Leeds
2024-12-27,TCS,Analytics Dashboard,8,3561,28488,London
2024-05-31,KPMG,AI Platform,9,1623,14607,London
2024-05-10,HSBC,AI Platform,6,1542,9252,London
2025-09-09,Barclays,Data Warehouse,2,1883,3766,Edinburgh
2024-01-15,Infosys,Data Warehouse,2,1980,3960,Manchester
2025-06-14,Google,Data Warehouse,6,4710,28260,London
2024-12-17,Infosys,Data Warehouse,2,2186,4372,Manchester
2025-05-23,TCS,CRM Software,5,4009,20045,London
2025-05-22,KPMG,Data Warehouse,6,3964,23784,Leeds
2025-08-18,TCS,CRM Software,6,3704,22224,Leeds
2025-05-07,Accenture,Cloud Suite,2,1354,2708,Birmingham
2025-07-12,Barclays,AI Platform,2,739,1478,Manchester
2024-01-13,Amazon,Analytics Dashboard,5,3769,18845,Birmingham
2024-08-30,Infosys,Analytics Dashboard,7,4000,28000,Edinburgh
2024-06-10,PwC,AI Platform,6,1249,7494,Edinburgh
2024-09-29,Barclays,AI Platform,2,4495,8990,Edinburgh
2025-11-20,Accenture,AI Platform,5,2981,14905,Birmingham
2025-07-24,EY,Analytics Dashboard,3,2972,8916,Manchester
2024-10-10,KPMG,Analytics Dashboard,3,4011,12033,Leeds
2025-09-13,EY,AI Platform,3,2180,6540,Manchester
2025-09-10,KPMG,Data Warehouse,6,2066,12396,Edinburgh
2025-10-10,Barclays,Analytics Dashboard,1,4159,4159,Leeds
2025-03-11,Microsoft,Cloud Suite,7,755,5285,Leeds
2024-04-27,KPMG,AI Platform,1,3396,3396,Leeds
2025-09-03,TCS,AI Platform,1,2470,2470,Manchester
2024-07-16,Infosys,Data Warehouse,6,1148,6888,London
2024-10-31,PwC,AI Platform,6,918,5508,London
2025-03-13,HSBC,Data Warehouse,8,4721,37768,Manchester
2025-02-08,Microsoft,Data Warehouse,4,3202,12808,Leeds
2025-05-25,EY,Analytics Dashboard,6,4124,24744,London
2025-09-02,Google,Data Warehouse,5,3618,18090,Leeds
2024-05-16,KPMG,Analytics Dashboard,5,3640,18200,Manchester
2025-06-23,Google,CRM Software,8,4027,32216,London
2024-06-06,Deloitte,Analytics Dashboard,1,4653,4653,London
2024-12-10,KPMG,AI Platform,7,4972,34804,Birmingham
2024-05-24,Infosys,Cloud Suite,6,4186,25116,London
2024-12-23,HSBC,Cloud Suite,2,4402,8804,London
2025-07-21,Infosys,Cloud Suite,7,4058,28406,Edinburgh
2025-06-14,Google,Data Warehouse,2,2006,4012,Birmingham
2025-10-01,Amazon,Cloud Suite,1,1570,1570,Leeds
2025-09-06,Google,Analytics Dashboard,4,3472,13888,Birmingham
2024-02-18,PwC,CRM Software,2,4682,9364,Manchester
2024-10-08,Google,Data Warehouse,5,4642,23210,Leeds
2024-04-05,Accenture,AI Platform,4,1758,7032,Manchester
2024-10-31,Google,CRM Software,8,4002,32016,Edinburgh
2025-07-15,Amazon,AI Platform,6,2992,17952,Birmingham
2024-05-06,HSBC,CRM Software,4,651,2604,Birmingham
2025-04-24,Infosys,Cloud Suite,2,3930,7860,Edinburgh
2025-02-03,Infosys,Analytics Dashboard,7,3908,27356,Manchester
2025-08-16,TCS,Analytics Dashboard,3,3702,11106,Manchester
2025-04-27,Deloitte,AI Platform,4,2889,11556,Manchester
2024-08-03,TCS,AI Platform,2,1992,3984,Manchester
2024-01-27,HSBC,Data Warehouse,2,4874,9748,Leeds
2025-05-04,Amazon,AI Platform,3,2282,6846,London
2025-07-26,HSBC,Cloud Suite,7,4168,29176,Manchester
2025-04-07,Deloitte,Cloud Suite,3,3610,10830,Birmingham
2025-10-06,EY,Analytics Dashboard,7,3509,24563,Leeds
2025-07-25,Microsoft,Data Warehouse,6,3410,20460,Birmingham
2025-05-29,Barclays,Cloud Suite,8,3424,27392,Birmingham
2024-08-06,Amazon,CRM Software,7,1793,12551,Birmingham
2025-10-12,Accenture,Data Warehouse,2,3112,6224,Leeds
2024-09-30,Accenture,CRM Software,2,740,1480,Edinburgh
2025-12-11,Deloitte,Analytics Dashboard,4,4058,16232,Edinburgh
2024-08-28,TCS,Data Warehouse,8,637,5096,Leeds
2024-05-22,Google,Analytics Dashboard,2,3059,6118,London
2024-03-02,Google,Data Warehouse,4,2519,10076,Manchester
2024-06-17,Accenture,Data Warehouse,9,833,7497,Birmingham
2025-03-16,Deloitte,Data Warehouse,7,753,5271,Manchester
2024-11-30,Barclays,Data Warehouse,4,2666,10664,Leeds
2025-04-14,Barclays,AI Platform,2,1593,3186,London
2025-01-04,HSBC,Data Warehouse,5,1720,8600,Manchester
2025-07-05,Accenture,Data Warehouse,9,2063,18567,Birmingham
2025-08-11,Deloitte,Cloud Suite,8,1913,15304,Birmingham
2025-09-25,Amazon,Cloud Suite,5,4154,20770,Birmingham
2025-03-06,HSBC,Data Warehouse,3,1120,3360,London
2025-05-27,Barclays,AI Platform,8,3167,25336,Manchester
2024-10-23,Microsoft,Data Warehouse,9,1484,13356,Manchester
2024-11-12,Deloitte,CRM Software,9,3805,34245,Edinburgh
2024-04-29,TCS,AI Platform,9,3630,32670,London
2024-08-10,TCS,Analytics Dashboard,9,2035,18315,Leeds
2024-02-03,Infosys,Data Warehouse,7,4310,30170,Edinburgh
2024-04-02,EY,Data Warehouse,5,1488,7440,Birmingham
2025-04-12,HSBC,Data Warehouse,1,2577,2577,London
2024-10-24,Accenture,CRM Software,4,2995,11980,London
2024-10-28,Deloitte,Data Warehouse,5,576,2880,London
2025-05-29,HSBC,Analytics Dashboard,3,4170,12510,Manchester
2024-11-24,PwC,Cloud Suite,2,3986,7972,Leeds
2025-01-02,EY,Data Warehouse,3,1923,5769,Manchester
2025-06-09,Accenture,Data Warehouse,3,3422,10266,Manchester
2024-09-12,Infosys,AI Platform,3,816,2448,Manchester
2025-08-28,Accenture,Analytics Dashboard,3,811,2433,Edinburgh
2025-10-30,Barclays,Data Warehouse,1,935,935,Manchester
2024-09-08,Google,Analytics Dashboard,4,3207,12828,Edinburgh
2024-12-09,Google,AI Platform,5,1492,7460,Leeds
2025-05-16,Barclays,AI Platform,5,3161,15805,Birmingham
2024-08-19,TCS,Data Warehouse,5,4982,24910,London
2025-12-25,Barclays,Analytics Dashboard,4,4578,18312,Birmingham
2025-07-05,Google,Analytics Dashboard,8,864,6912,Birmingham
2024-11-30,TCS,AI Platform,5,2694,13470,Manchester
2025-10-31,Amazon,Cloud Suite,2,2393,4786,Birmingham
2024-04-10,Google,Analytics Dashboard,1,4778,4778,Edinburgh
2024-11-28,KPMG,Analytics Dashboard,3,1968,5904,Birmingham
2025-01-11,Barclays,Cloud Suite,3,653,1959,Leeds
2024-11-05,Barclays,Data Warehouse,3,1470,4410,London
2025-05-16,KPMG,AI Platform,3,1995,5985,Edinburgh
2024-08-28,Infosys,Data Warehouse,7,4658,32606,Edinburgh
2024-01-16,Barclays,Cloud Suite,4,978,3912,Manchester
2025-01-14,KPMG,AI Platform,3,1097,3291,London
2025-05-24,HSBC,CRM Software,1,3539,3539,Manchester
2024-09-13,Deloitte,Data Warehouse,7,2538,17766,Birmingham
2025-05-17,PwC,Cloud Suite,4,1841,7364,Manchester
2024-12-29,Google,Data Warehouse,1,4249,4249,Manchester
2025-10-09,HSBC,Analytics Dashboard,7,3646,25522,Manchester
2024-12-28,Microsoft,CRM Software,1,1026,1026,London
2025-05-13,Google,Data Warehouse,2,3173,6346,Manchester
2025-08-15,Amazon,Cloud Suite,3,3509,10527,Birmingham
2024-10-21,HSBC,Data Warehouse,3,588,1764,Manchester
2025-05-17,Accenture,Cloud Suite,5,2934,14670,London
2025-04-18,Infosys,Cloud Suite,1,4418,4418,Leeds
2024-03-08,TCS,Cloud Suite,2,2186,4372,Edinburgh
2025-07-12,PwC,AI Platform,6,4711,28266,Birmingham
2025-04-08,Microsoft,Analytics Dashboard,4,3938,15752,London
2025-10-03,Google,Analytics Dashboard,7,3936,27552,London
2024-10-24,Amazon,AI Platform,6,2476,14856,Leeds
2024-01-30,Google,Data Warehouse,4,2089,8356,Birmingham
2025-03-18,Google,Cloud Suite,2,1029,2058,Leeds
2025-11-01,HSBC,Data Warehouse,7,2752,19264,London
2025-11-20,Deloitte,Data Warehouse,3,4723,14169,Manchester
2025-04-03,Barclays,AI Platform,6,4275,25650,Edinburgh
2024-01-07,Barclays,Data Warehouse,7,2741,19187,Leeds
2024-01-01,Google,AI Platform,2,1894,3788,Birmingham
2025-08-27,Accenture,CRM Software,5,946,4730,Manchester
2024-01-08,Microsoft,AI Platform,8,3685,29480,Manchester
2024-04-17,EY,CRM Software,8,1119,8952,Edinburgh
2025-01-19,PwC,Cloud Suite,9,3873,34857,London
2025-02-08,PwC,CRM Software,1,2085,2085,Leeds
2025-05-24,Amazon,Data Warehouse,4,4860,19440,Birmingham
2024-07-11,Barclays,Cloud Suite,7,1304,9128,Leeds
2024-04-08,Deloitte,CRM Software,6,4952,29712,Birmingham
2024-03-21,HSBC,Cloud Suite,5,3028,15140,Edinburgh
2024-03-21,Infosys,Analytics Dashboard,2,727,1454,Manchester
2024-10-19,Accenture,AI Platform,1,2478,2478,Manchester
2025-01-22,Google,Cloud Suite,2,4035,8070,Edinburgh
2024-06-26,TCS,Data Warehouse,7,2121,14847,London
2024-02-11,KPMG,CRM Software,1,4758,4758,Leeds
2024-12-29,KPMG,AI Platform,3,959,2877,London
2025-06-22,KPMG,CRM Software,4,2790,11160,Edinburgh
2024-12-07,Deloitte,Cloud Suite,1,1883,1883,Leeds
2025-09-29,Google,Cloud Suite,2,2123,4246,Manchester
2024-03-03,Amazon,CRM Software,3,3919,11757,Leeds
2025-06-21,TCS,CRM Software,3,668,2004,Leeds
2024-05-26,HSBC,CRM Software,4,2949,11796,Manchester
2024-01-18,TCS,Analytics Dashboard,8,724,5792,Manchester
2025-06-04,TCS,CRM Software,2,3334,6668,Manchester
2025-03-22,Accenture,Analytics Dashboard,4,1977,7908,Birmingham
2025-06-27,PwC,AI Platform,8,619,4952,Manchester
2025-10-13,Amazon,Cloud Suite,4,2442,9768,London
2024-01-24,Google,CRM Software,4,2772,11088,Manchester
2025-01-09,Microsoft,Cloud Suite,1,2700,2700,Edinburgh
2025-03-20,Accenture,Data Warehouse,3,4579,13737,London
2024-07-30,EY,Analytics Dashboard,8,2878,23024,Edinburgh
2025-05-08,Barclays,CRM Software,8,4989,39912,Edinburgh
2025-12-15,Amazon,Analytics Dashboard,8,2357,18856,Edinburgh
2025-12-18,EY,CRM Software,5,4521,22605,Birmingham
2025-03-24,EY,Cloud Suite,2,1812,3624,London
2024-09-15,KPMG,Data Warehouse,6,3836,23016,London
2024-02-09,Barclays,Data Warehouse,2,2819,5638,Leeds
2025-05-24,EY,Analytics Dashboard,6,2802,16812,London
2025-12-22,Google,Analytics Dashboard,3,516,1548,Manchester
2024-07-03,Google,Cloud Suite,8,4127,33016,Leeds
2025-06-03,Amazon,Cloud Suite,8,1771,14168,Edinburgh
2024-09-28,HSBC,CRM Software,4,2213,8852,Manchester
2024-05-20,PwC,AI Platform,9,3679,33111,Manchester
2024-03-22,EY,Cloud Suite,7,4770,33390,Leeds
2025-04-07,Deloitte,Analytics Dashboard,2,4005,8010,London
2025-10-05,Amazon,Analytics Dashboard,1,2788,2788,Leeds
2025-04-15,Deloitte,Analytics Dashboard,9,4610,41490,London
2024-07-26,TCS,CRM Software,6,4510,27060,Edinburgh
2025-05-14,Deloitte,CRM Software,1,3156,3156,Birmingham
2025-01-23,HSBC,Cloud Suite,6,1138,6828,Edinburgh
2024-10-24,HSBC,Data Warehouse,5,2203,11015,Birmingham
2024-05-27,Deloitte,AI Platform,5,1025,5125,Birmingham
2025-03-11,Microsoft,Data Warehouse,9,2038,18342,London
2025-09-03,PwC,Data Warehouse,9,4084,36756,Leeds
2025-02-22,Accenture,Data Warehouse,2,961,1922,Manchester
2024-07-20,KPMG,AI Platform,8,2285,18280,Birmingham
2024-07-31,HSBC,CRM Software,6,1575,9450,Birmingham
2025-04-14,Deloitte,AI Platform,9,2935,26415,Leeds
2025-02-13,EY,CRM Software,6,2649,15894,Manchester
2024-01-25,Microsoft,AI Platform,2,4325,8650,Manchester
2024-11-27,Amazon,AI Platform,1,1330,1330,Leeds
2024-01-11,PwC,Analytics Dashboard,9,1371,12339,Birmingham
2024-08-28,Amazon,CRM Software,1,754,754,Birmingham
2025-09-05,Infosys,Cloud Suite,4,2339,9356,Manchester
2025-01-18,Accenture,Cloud Suite,5,4634,23170,Birmingham
2025-09-15,Amazon,Data Warehouse,7,3864,27048,Edinburgh
2025-08-27,Amazon,CRM Software,5,3274,16370,Manchester
2025-02-06,TCS,Cloud Suite,2,2329,4658,Edinburgh
2025-04-19,HSBC,Cloud Suite,2,2591,5182,London
2024-03-23,TCS,Data Warehouse,7,588,4116,Manchester
2025-11-03,Accenture,AI Platform,6,4249,25494,Leeds
2025-12-02,KPMG,Cloud Suite,3,1878,5634,London
2024-11-16,KPMG,AI Platform,5,2308,11540,London
2024-07-21,Amazon,Data Warehouse,9,4253,38277,Edinburgh
2024-10-13,HSBC,AI Platform,4,3043,12172,Leeds
2024-05-28,Infosys,Analytics Dashboard,2,1849,3698,Birmingham
2024-01-29,PwC,Cloud Suite,1,2622,2622,Edinburgh
2025-08-03,KPMG,Cloud Suite,4,807,3228,Leeds
2025-09-06,Deloitte,CRM Software,8,2944,23552,Manchester
2024-12-01,Amazon,Cloud Suite,6,2247,13482,Manchester
2024-08-18,Barclays,Analytics Dashboard,1,2779,2779,Leeds
2024-07-04,Amazon,Data Warehouse,6,1256,7536,Birmingham
2025-03-31,PwC,CRM Software,1,2464,2464,Manchester
2024-07-25,Google,AI Platform,3,1645,4935,Leeds
2024-07-14,EY,Analytics Dashboard,5,3852,19260,Birmingham
2025-12-30,KPMG,Data Warehouse,9,3631,32679,Manchester
2025-07-15,Google,CRM Software,7,4552,31864,Leeds
2024-10-15,Infosys,CRM Software,1,674,674,London
2025-08-01,Accenture,AI Platform,7,3695,25865,Leeds
2024-07-30,EY,AI Platform,2,1340,2680,Leeds
2025-03-13,Google,Data Warehouse,1,3375,3375,Leeds
2025-05-31,HSBC,CRM Software,1,2350,2350,London
2025-02-09,Amazon,Analytics Dashboard,4,2815,11260,Leeds
2024-09-22,TCS,Analytics Dashboard,8,3961,31688,Leeds
2025-09-06,Infosys,CRM Software,5,2096,10480,Birmingham
2024-10-29,EY,CRM Software,1,3370,3370,London
2024-06-13,Amazon,Analytics Dashboard,1,3364,3364,Manchester
2025-06-30,Accenture,Analytics Dashboard,5,2983,14915,Leeds
2025-09-07,Microsoft,Analytics Dashboard,4,2452,9808,Edinburgh
2025-10-17,Google,CRM Software,4,3419,13676,Birmingham
2024-01-25,PwC,Data Warehouse,5,1315,6575,Manchester
2024-06-23,Infosys,Cloud Suite,2,4217,8434,Manchester
2024-12-27,Deloitte,Cloud Suite,1,2525,2525,Leeds
2024-05-05,Deloitte,CRM Software,3,2104,6312,Edinburgh
2025-03-08,Deloitte,Data Warehouse,4,4864,19456,Leeds
2025-09-15,EY,Cloud Suite,7,3172,22204,London
2025-09-21,EY,AI Platform,7,3861,27027,Leeds
2024-12-25,Google,Analytics Dashboard,8,3201,25608,Birmingham
2025-02-25,Google,AI Platform,6,4450,26700,Edinburgh
2024-03-16,KPMG,CRM Software,2,4577,9154,Manchester
2024-09-15,Microsoft,Analytics Dashboard,4,4988,19952,London
2024-07-02,Deloitte,Data Warehouse,6,3258,19548,Manchester
2025-04-21,EY,AI Platform,6,2082,12492,Manchester
2025-05-13,Infosys,CRM Software,3,1030,3090,Leeds
2024-06-10,HSBC,Analytics Dashboard,5,575,2875,Edinburgh
2024-01-07,Amazon,Cloud Suite,9,3709,33381,Leeds
2025-08-25,PwC,Cloud Suite,9,731,6579,London
2025-09-10,Accenture,Data Warehouse,6,3279,19674,Birmingham
2024-05-30,Amazon,Data Warehouse,8,1838,14704,Leeds
2024-08-03,Google,Cloud Suite,1,3362,3362,Manchester
2025-05-25,Barclays,CRM Software,2,4637,9274,Leeds
2024-10-29,Accenture,Analytics Dashboard,6,3311,19866,Edinburgh
2024-12-15,Microsoft,Analytics Dashboard,6,3221,19326,Edinburgh
2024-05-02,Barclays,AI Platform,6,4461,26766,Edinburgh
2024-09-13,Accenture,CRM Software,5,4154,20770,Edinburgh
2025-05-07,EY,CRM Software,6,1107,6642,Birmingham
2024-02-25,Amazon,Analytics Dashboard,1,2404,2404,Birmingham
2025-10-20,Amazon,AI Platform,7,3621,25347,London
2025-01-15,Accenture,Cloud Suite,8,880,7040,Manchester
2024-06-10,PwC,Analytics Dashboard,1,1699,1699,London
2024-03-24,Microsoft,CRM Software,3,1939,5817,London
2025-03-20,Accenture,CRM Software,6,3255,19530,Birmingham
2024-08-25,Deloitte,AI Platform,1,724,724,Leeds
2024-07-12,EY,Data Warehouse,9,4196,37764,Edinburgh
2024-10-05,EY,Data Warehouse,5,909,4545,Edinburgh
2025-01-01,Google,Data Warehouse,1,2483,2483,Leeds
2024-01-04,Barclays,AI Platform,9,1101,9909,Leeds
2024-04-01,HSBC,Cloud Suite,3,3174,9522,London
2025-09-06,PwC,CRM Software,7,3811,26677,London
2024-02-02,PwC,AI Platform,8,4875,39000,Manchester
2024-05-31,PwC,CRM Software,9,1518,13662,London
2024-10-14,Infosys,CRM Software,1,1886,1886,London
2024-01-16,PwC,Analytics Dashboard,2,2663,5326,Edinburgh
2025-04-15,Google,AI Platform,8,3682,29456,Manchester
2024-01-12,Microsoft,CRM Software,3,2156,6468,Leeds
2025-06-28,Microsoft,Cloud Suite,5,4585,22925,London
2024-11-25,Microsoft,Analytics Dashboard,3,1616,4848,Edinburgh
2025-05-10,EY,AI Platform,5,1220,6100,Leeds
2024-06-30,Infosys,Data Warehouse,9,4526,40734,Manchester
2025-10-28,PwC,Cloud Suite,5,4222,21110,Birmingham
2024-12-13,Google,CRM Software,6,4911,29466,Leeds
2024-08-19,Amazon,Cloud Suite,9,3422,30798,Leeds
2024-01-22,Google,Data Warehouse,8,4705,37640,Manchester
2025-04-16,Deloitte,Cloud Suite,3,4979,14937,Edinburgh
2024-07-08,Accenture,Analytics Dashboard,6,3143,18858,Leeds
2024-07-30,Barclays,CRM Software,5,509,2545,Leeds
2025-01-15,Barclays,Analytics Dashboard,8,2941,23528,Edinburgh
2024-11-26,EY,AI Platform,3,4587,13761,Leeds
2024-03-25,HSBC,Analytics Dashboard,4,3764,15056,Edinburgh
2025-10-16,EY,Data Warehouse,3,3590,10770,Manchester
2025-05-30,Deloitte,Analytics Dashboard,5,3232,16160,London
2025-09-16,KPMG,CRM Software,9,4217,37953,Leeds
2025-01-06,PwC,Analytics Dashboard,1,2440,2440,Edinburgh
2025-12-20,HSBC,Data Warehouse,4,978,3912,London
2025-01-02,Deloitte,CRM Software,5,4952,24760,London
2024-06-27,Amazon,CRM Software,8,2342,18736,Manchester
2025-01-01,EY,CRM Software,2,2311,4622,Edinburgh
2024-05-25,TCS,AI Platform,3,4682,14046,Manchester
2025-05-11,Infosys,Cloud Suite,3,4131,12393,Manchester
2025-12-06,TCS,Analytics Dashboard,6,3001,18006,Birmingham
2024-09-18,Amazon,CRM Software,9,4319,38871,Manchester
2024-12-08,Barclays,Data Warehouse,4,4876,19504,Manchester
2024-09-09,EY,CRM Software,2,3165,6330,London
2024-03-19,PwC,AI Platform,5,2875,14375,London
2025-11-20,TCS,Analytics Dashboard,2,2939,5878,Leeds
2024-10-19,HSBC,CRM Software,9,1184,10656,Edinburgh
2024-10-23,Microsoft,Data Warehouse,2,1457,2914,Birmingham
2025-10-31,Microsoft,CRM Software,5,3594,17970,Edinburgh
2025-10-18,Deloitte,AI Platform,3,4493,13479,Edinburgh
2024-06-14,Barclays,CRM Software,7,1208,8456,Manchester
2025-08-02,Deloitte,Data Warehouse,4,4279,17116,Birmingham
2024-05-15,EY,AI Platform,1,2914,2914,Leeds
2024-09-04,Barclays,Data Warehouse,6,3543,21258,London
2024-01-16,Google,Analytics Dashboard,6,4308,25848,Manchester
2025-06-07,Barclays,Analytics Dashboard,1,3682,3682,Birmingham
2025-04-08,HSBC,AI Platform,3,2415,7245,Leeds
2025-07-04,HSBC,Data Warehouse,1,1876,1876,Birmingham
2024-01-29,Amazon,CRM Software,3,4959,14877,Birmingham
2024-11-09,EY,Data Warehouse,4,2029,8116,Edinburgh
2024-04-16,Amazon,AI Platform,3,1750,5250,Leeds
2025-08-10,Amazon,Cloud Suite,4,3269,13076,London
2024-03-17,Amazon,Data Warehouse,5,1630,8150,London
2025-03-10,TCS,AI Platform,5,2056,10280,Birmingham
2025-06-22,KPMG,CRM Software,7,1068,7476,Leeds
2024-06-13,Barclays,Data Warehouse,7,2772,19404,Leeds
2025-01-21,EY,AI Platform,2,2927,5854,Birmingham
2024-12-14,Amazon,CRM Software,6,3476,20856,Manchester
2024-05-14,KPMG,Analytics Dashboard,8,4799,38392,Birmingham
2025-11-29,Infosys,AI Platform,4,1860,7440,Birmingham
2025-01-13,KPMG,Cloud Suite,6,1407,8442,London
2024-08-22,HSBC,Cloud Suite,7,1556,10892,London
2025-08-29,HSBC,CRM Software,8,3335,26680,Manchester
2025-07-07,Microsoft,Cloud Suite,5,4930,24650,Edinburgh
2025-08-04,HSBC,Analytics Dashboard,3,828,2484,Birmingham
2024-12-04,Infosys,Cloud Suite,7,1533,10731,Manchester
2024-09-13,Barclays,CRM Software,2,2196,4392,Birmingham
2025-09-03,PwC,CRM Software,6,2103,12618,London
2024-09-17,HSBC,AI Platform,8,1000,8000,Manchester
2024-01-07,Deloitte,Data Warehouse,7,4174,29218,Birmingham
2025-02-21,Barclays,Data Warehouse,3,3065,9195,Manchester
2024-04-18,Amazon,Cloud Suite,5,713,3565,Leeds
2024-11-22,KPMG,AI Platform,5,1487,7435,Leeds
2025-05-18,Deloitte,Data Warehouse,9,3088,27792,Birmingham
2025-03-04,Deloitte,Analytics Dashboard,6,2387,14322,Leeds
2025-11-06,EY,AI Platform,9,2751,24759,Birmingham
2024-10-20,Microsoft,AI Platform,1,2302,2302,Manchester
2024-04-24,KPMG,CRM Software,8,2123,16984,London
2024-09-21,Infosys,AI Platform,9,4191,37719,Birmingham
2024-06-09,Infosys,Cloud Suite,3,672,2016,Edinburgh
2024-03-10,PwC,Data Warehouse,3,2610,7830,Edinburgh
2024-07-23,Deloitte,CRM Software,8,3602,28816,Leeds
2025-06-12,Amazon,CRM Software,9,3456,31104,Edinburgh
2025-02-01,Infosys,AI Platform,9,1338,12042,London
2025-09-03,Accenture,Cloud Suite,4,924,3696,Birmingham
2024-08-26,TCS,Cloud Suite,1,4546,4546,Birmingham
2025-10-08,TCS,Data Warehouse,9,921,8289,Birmingham
2025-09-25,HSBC,Cloud Suite,6,4439,26634,Edinburgh
2024-06-27,HSBC,Analytics Dashboard,6,4485,26910,London
2024-09-01,HSBC,Data Warehouse,6,2403,14418,London
2024-08-10,EY,Data Warehouse,2,1249,2498,Leeds
2024-01-03,Deloitte,Data Warehouse,3,2059,6177,Leeds
2024-04-08,Infosys,Data Warehouse,4,4663,18652,Birmingham
2025-12-29,EY,Data Warehouse,1,4116,4116,Edinburgh
2024-04-27,TCS,AI Platform,1,2733,2733,Edinburgh
2025-07-05,Microsoft,Data Warehouse,3,1808,5424,Edinburgh
2024-08-05,EY,Data Warehouse,1,2277,2277,Leeds
2025-09-01,Infosys,Data Warehouse,1,835,835,London
2024-10-11,Deloitte,Data Warehouse,2,1459,2918,London
2024-04-07,TCS,AI Platform,4,1598,6392,Birmingham
2024-01-23,HSBC,CRM Software,5,4687,23435,Edinburgh
2024-02-03,Barclays,Data Warehouse,4,4977,19908,Edinburgh
2024-06-04,PwC,Analytics Dashboard,5,549,2745,Manchester
2025-11-28,TCS,Data Warehouse,4,1615,6460,Edinburgh
2025-03-31,PwC,CRM Software,5,2551,12755,London
2024-10-07,KPMG,AI Platform,9,3315,29835,Birmingham
2025-10-14,Barclays,AI Platform,4,4858,19432,London
2025-07-03,Infosys,Analytics Dashboard,4,4294,17176,Birmingham
2024-02-14,Infosys,Cloud Suite,5,3829,19145,Edinburgh
2024-02-06,Microsoft,Data Warehouse,5,4896,24480,Manchester
2024-09-25,EY,Cloud Suite,7,3128,21896,Manchester
2024-12-19,TCS,Analytics Dashboard,4,4023,16092,London
2025-09-22,Deloitte,AI Platform,4,2625,10500,Edinburgh
2025-06-08,EY,CRM Software,5,516,2580,Manchester
2024-02-12,EY,Data Warehouse,4,2750,11000,Manchester
2025-12-26,Barclays,Data Warehouse,9,1102,9918,Leeds
2024-10-07,TCS,Analytics Dashboard,3,1300,3900,Birmingham
2024-05-21,Deloitte,Cloud Suite,6,4434,26604,Birmingham
2025-01-07,EY,Data Warehouse,3,4291,12873,Birmingham
2025-03-31,Microsoft,Cloud Suite,7,721,5047,London
2024-07-02,TCS,AI Platform,2,2660,5320,Edinburgh
2024-07-17,Barclays,CRM Software,7,2166,15162,London
2024-01-10,PwC,Analytics Dashboard,1,3668,3668,Birmingham
2024-11-13,KPMG,AI Platform,8,3200,25600,Birmingham
2025-01-09,EY,CRM Software,4,540,2160,Birmingham
2024-02-08,EY,CRM Software,8,4437,35496,Birmingham
2024-07-27,Microsoft,CRM Software,6,2076,12456,Birmingham
2025-09-24,Amazon,Cloud Suite,5,4757,23785,London
2025-07-17,HSBC,Data Warehouse,6,4453,26718,Leeds
2025-05-02,PwC,Data Warehouse,5,2134,10670,Leeds
2025-12-19,Google,Analytics Dashboard,8,4005,32040,Birmingham
2025-04-04,Google,CRM Software,7,2913,20391,Leeds
2024-08-26,HSBC,AI Platform,7,3967,27769,Birmingham
2025-09-18,Infosys,Cloud Suite,5,1893,9465,Edinburgh
2024-09-12,HSBC,CRM Software,4,2894,11576,Manchester
2024-12-07,KPMG,Data Warehouse,7,940,6580,London
2025-08-10,PwC,AI Platform,9,787,7083,Manchester
2025-03-14,Infosys,AI Platform,6,2705,16230,Manchester
2025-01-05,PwC,Data Warehouse,8,3260,26080,Birmingham
2024-06-18,KPMG,Data Warehouse,4,1526,6104,Manchester
2024-09-19,Deloitte,CRM Software,3,3664,10992,Birmingham
2025-06-16,PwC,Data Warehouse,4,2093,8372,Leeds
2024-05-09,KPMG,AI Platform,1,3491,3491,Manchester
2025-08-15,PwC,Cloud Suite,3,609,1827,Edinburgh
2025-05-19,KPMG,Data Warehouse,1,2542,2542,Birmingham
2025-01-31,Google,Analytics Dashboard,7,4384,30688,Edinburgh
2024-07-31,Deloitte,Analytics Dashboard,3,2666,7998,Edinburgh
2024-08-14,Infosys,CRM Software,4,4951,19804,Edinburgh
2025-05-01,Deloitte,Analytics Dashboard,3,2145,6435,London
2024-05-06,EY,Data Warehouse,7,3699,25893,Birmingham
2024-05-09,Deloitte,AI Platform,6,2895,17370,Edinburgh
2025-04-25,Accenture,Analytics Dashboard,7,4495,31465,London
2024-12-26,Barclays,Analytics Dashboard,1,4909,4909,Manchester
2024-01-21,Microsoft,CRM Software,1,902,902,Leeds
2025-09-04,Google,CRM Software,5,2234,11170,Edinburgh
2025-12-02,Microsoft,CRM Software,3,3701,11103,London
2024-05-13,Amazon,Analytics Dashboard,5,1841,9205,London
2024-07-08,EY,Analytics Dashboard,2,4549,9098,Leeds
2025-07-14,EY,Data Warehouse,6,4137,24822,Edinburgh
2025-10-10,KPMG,Cloud Suite,4,1092,4368,Leeds
2025-08-19,Amazon,Analytics Dashboard,3,3000,9000,Manchester
2024-07-16,PwC,AI Platform,8,799,6392,London
2025-05-12,PwC,Data Warehouse,4,706,2824,London
2024-10-20,TCS,Cloud Suite,7,4258,29806,Edinburgh
2024-06-27,Amazon,CRM Software,1,4873,4873,Birmingham
2025-06-12,Barclays,CRM Software,9,1860,16740,London
2024-11-10,Deloitte,CRM Software,4,2142,8568,Edinburgh
2024-03-17,Infosys,Analytics Dashboard,8,1970,15760,Leeds
2025-07-12,KPMG,CRM Software,3,1836,5508,London
2024-04-04,Infosys,Cloud Suite,8,3094,24752,Manchester
2025-10-17,EY,Cloud Suite,8,3204,25632,Leeds
2025-12-25,Accenture,Data Warehouse,8,2693,21544,London
2025-06-13,KPMG,CRM Software,2,2470,4940,Manchester
2025-12-15,Accenture,Cloud Suite,4,730,2920,Birmingham
2024-05-31,Barclays,Analytics Dashboard,5,1909,9545,Leeds
2025-06-16,HSBC,Data Warehouse,6,3438,20628,Edinburgh
2025-05-22,Amazon,Cloud Suite,1,1211,1211,London
2025-03-23,EY,Analytics Dashboard,4,1642,6568,Edinburgh
2025-06-04,Amazon,Cloud Suite,1,4322,4322,Manchester
2024-05-24,Amazon,Data Warehouse,3,1232,3696,London
2025-10-13,Barclays,AI Platform,1,4256,4256,Manchester
2025-02-02,Microsoft,Analytics Dashboard,8,2721,21768,Edinburgh
2024-05-20,Infosys,AI Platform,1,4838,4838,Edinburgh
2024-05-19,HSBC,Data Warehouse,4,4603,18412,Birmingham
2024-02-02,Accenture,Data Warehouse,1,4478,4478,Edinburgh
2025-10-20,PwC,Data Warehouse,2,954,1908,Leeds
2024-08-24,EY,CRM Software,2,1481,2962,London
2024-10-30,Microsoft,Cloud Suite,4,1099,4396,Birmingham
2025-06-12,Microsoft,Analytics Dashboard,8,3242,25936,Manchester
2025-01-01,Deloitte,Data Warehouse,3,2007,6021,Edinburgh
2025-05-09,Amazon,Analytics Dashboard,2,1539,3078,Manchester
2025-02-05,Barclays,Cloud Suite,7,688,4816,Manchester
2025-08-05,Accenture,Cloud Suite,5,4076,20380,Manchester
2024-01-22,Accenture,Cloud Suite,6,2524,15144,Manchester
2025-01-09,Deloitte,AI Platform,4,1039,4156,Manchester
2024-02-04,TCS,Data Warehouse,3,4037,12111,Edinburgh
2025-07-26,Deloitte,AI Platform,3,4786,14358,Leeds
2025-04-07,Accenture,CRM Software,7,3821,26747,London
2024-06-13,PwC,Cloud Suite,3,4544,13632,Birmingham
2024-08-30,Google,Cloud Suite,7,4814,33698,London
2025-03-05,Barclays,CRM Software,7,3517,24619,London
2025-11-20,Google,Analytics Dashboard,9,4240,38160,Edinburgh
2025-05-17,Microsoft,CRM Software,2,1502,3004,London
2025-03-30,Barclays,Cloud Suite,3,2791,8373,Birmingham
2024-08-25,Barclays,AI Platform,4,2084,8336,Leeds
2024-02-07,TCS,Analytics Dashboard,9,791,7119,Leeds
2025-09-10,Barclays,Cloud Suite,6,1723,10338,Edinburgh
2025-08-27,TCS,Cloud Suite,4,1922,7688,Manchester
2025-07-15,Accenture,CRM Software,8,958,7664,Edinburgh
2024-04-13,Barclays,CRM Software,4,3912,15648,Leeds
2024-03-24,Deloitte,Analytics Dashboard,8,2634,21072,Leeds
2025-01-01,Google,Analytics Dashboard,3,2444,7332,Birmingham
2025-04-30,KPMG,Data Warehouse,7,3317,23219,Birmingham
2025-02-24,TCS,Data Warehouse,9,3424,30816,Manchester
2025-08-21,Google,AI Platform,8,1762,14096,Edinburgh
2024-06-24,HSBC,CRM Software,5,3867,19335,Birmingham
2024-11-29,Microsoft,AI Platform,2,4718,9436,Birmingham
2025-09-09,TCS,Data Warehouse,7,3866,27062,Birmingham
2024-02-06,TCS,AI Platform,4,3457,13828,Edinburgh
2025-12-06,Microsoft,Cloud Suite,8,1552,12416,Birmingham
2025-10-19,Infosys,CRM Software,4,2241,8964,Leeds
2024-02-11,TCS,Analytics Dashboard,4,3847,15388,Edinburgh
2025-04-17,EY,Cloud Suite,4,2971,11884,Edinburgh
2025-05-30,HSBC,Cloud Suite,5,4383,21915,London
2024-02-11,HSBC,Analytics Dashboard,3,4295,12885,Leeds
2024-02-24,HSBC,AI Platform,5,3288,16440,Edinburgh
2025-07-28,Infosys,Cloud Suite,2,1520,3040,London
2025-02-14,TCS,Data Warehouse,6,978,5868,Edinburgh
2024-03-12,Barclays,Data Warehouse,4,789,3156,Leeds
2024-12-20,Google,Cloud Suite,8,4994,39952,Birmingham
2024-02-28,Accenture,Cloud Suite,1,4351,4351,Birmingham
2025-11-02,PwC,Cloud Suite,2,3120,6240,Edinburgh
2025-05-14,Barclays,Cloud Suite,4,2218,8872,London
2024-07-23,Infosys,Analytics Dashboard,1,997,997,London
2024-08-21,HSBC,CRM Software,4,4027,16108,Leeds
2024-12-04,TCS,Data Warehouse,4,1413,5652,Leeds
2025-09-15,Amazon,Data Warehouse,4,2249,8996,Leeds
2024-12-31,KPMG,CRM Software,6,3802,22812,Leeds
2024-01-28,Infosys,CRM Software,8,3662,29296,Birmingham
2024-06-07,KPMG,CRM Software,2,2637,5274,Edinburgh
2024-10-24,Barclays,Data Warehouse,3,2305,6915,Manchester
2025-02-16,Deloitte,Cloud Suite,2,3928,7856,London
2025-03-24,EY,Cloud Suite,7,2302,16114,Manchester
2025-04-11,Microsoft,Analytics Dashboard,8,4325,34600,Edinburgh
2024-08-31,Infosys,AI Platform,3,4238,12714,Edinburgh
2025-01-02,Accenture,AI Platform,6,3140,18840,Leeds
2024-02-28,Deloitte,Data Warehouse,2,4778,9556,London
2024-04-25,Accenture,CRM Software,4,3202,12808,Edinburgh
2024-11-13,Accenture,AI Platform,7,3365,23555,Leeds
2024-08-27,Infosys,CRM Software,2,2834,5668,London
2025-12-26,Infosys,AI Platform,1,3889,3889,Birmingham
2024-08-18,Microsoft,Analytics Dashboard,9,3191,28719,Leeds
2024-10-06,Amazon,AI Platform,2,3284,6568,Leeds
2024-09-22,Google,Data Warehouse,6,675,4050,Edinburgh
2025-07-25,Microsoft,Analytics Dashboard,1,3913,3913,Manchester
2024-03-24,HSBC,Analytics Dashboard,2,2440,4880,Edinburgh
2024-04-11,Deloitte,Analytics Dashboard,5,3338,16690,Birmingham
2025-06-09,Accenture,CRM Software,6,1554,9324,Birmingham
2024-12-20,KPMG,Data Warehouse,3,610,1830,Leeds
2025-11-25,HSBC,Data Warehouse,6,3434,20604,Leeds
2024-06-03,HSBC,Data Warehouse,7,2582,18074,Leeds
2025-10-16,PwC,CRM Software,6,4301,25806,Birmingham
2024-08-14,TCS,CRM Software,9,2091,18819,London
2024-01-18,Infosys,AI Platform,6,3011,18066,London
2024-05-11,HSBC,Cloud Suite,3,3476,10428,Leeds
2025-03-03,KPMG,Data Warehouse,2,3044,6088,Manchester
2024-09-14,EY,CRM Software,7,1698,11886,Leeds
2025-05-06,HSBC,Analytics Dashboard,3,1867,5601,Manchester
2024-03-31,Google,AI Platform,4,2783,11132,Leeds
2025-04-21,Google,CRM Software,9,3162,28458,London
2024-09-09,Barclays,Cloud Suite,9,4988,44892,Birmingham
2024-08-09,Amazon,Data Warehouse,9,1392,12528,Leeds
2024-01-20,Deloitte,Data Warehouse,3,2915,8745,Birmingham
2025-09-10,Amazon,Data Warehouse,6,4322,25932,Birmingham
2025-11-23,Microsoft,CRM Software,5,868,4340,Manchester
2024-10-13,TCS,Analytics Dashboard,4,3065,12260,Birmingham
2025-07-14,Microsoft,Data Warehouse,1,3564,3564,Leeds
2025-11-14,Google,Analytics Dashboard,6,1058,6348,Edinburgh
2025-05-03,KPMG,Analytics Dashboard,7,4522,31654,London
2025-08-09,Infosys,Cloud Suite,9,1300,11700,Edinburgh
2025-01-16,Microsoft,AI Platform,7,3989,27923,London
2025-09-21,EY,Data Warehouse,2,2528,5056,Birmingham
2024-11-29,Microsoft,CRM Software,5,3310,16550,London
2024-12-12,Accenture,Analytics Dashboard,8,4728,37824,Manchester
2025-09-05,TCS,Cloud Suite,8,4857,38856,Manchester
2025-05-08,EY,Analytics Dashboard,7,4368,30576,Manchester
2024-09-19,Deloitte,CRM Software,5,1938,9690,London
2024-02-14,Deloitte,AI Platform,9,2787,25083,Leeds
2025-12-02,Google,AI Platform,7,3268,22876,Manchester
2025-01-19,Deloitte,Analytics Dashboard,8,3811,30488,Edinburgh
2025-06-10,Microsoft,Cloud Suite,8,4878,39024,Manchester
2024-03-14,HSBC,Analytics Dashboard,4,738,2952,Edinburgh
2024-12-02,HSBC,AI Platform,2,1986,3972,London
2024-10-19,Google,Cloud Suite,7,2995,20965,Edinburgh
2024-09-21,KPMG,Data Warehouse,2,1742,3484,London
2025-11-02,Amazon,Data Warehouse,5,4150,20750,Leeds
2024-07-05,EY,AI Platform,3,3295,9885,Manchester
2024-08-29,Amazon,CRM Software,5,2660,13300,Edinburgh
2024-06-14,Microsoft,Data Warehouse,2,563,1126,Leeds
2025-02-28,Accenture,CRM Software,2,3014,6028,Leeds
2024-10-30,Google,AI Platform,8,861,6888,London
2025-12-16,TCS,AI Platform,2,1151,2302,Birmingham
2024-02-15,Google,CRM Software,5,2596,12980,Birmingham
2024-04-03,Deloitte,Analytics Dashboard,2,3063,6126,Edinburgh
2025-06-24,Infosys,CRM Software,4,1845,7380,Manchester
2025-09-10,Barclays,CRM Software,9,1031,9279,Edinburgh
2025-01-17,Deloitte,Data Warehouse,2,4216,8432,Leeds
2024-02-22,EY,Cloud Suite,3,1412,4236,Manchester
2025-08-02,Accenture,Analytics Dashboard,8,1692,13536,Edinburgh
2024-06-09,Infosys,Data Warehouse,9,698,6282,London
2025-01-23,Accenture,CRM Software,7,1091,7637,Leeds
2024-03-12,Barclays,Cloud Suite,8,4879,39032,Leeds
2024-06-23,Google,Data Warehouse,8,4510,36080,Leeds
2025-07-31,Amazon,Cloud Suite,1,1521,1521,Manchester
2025-02-24,TCS,AI Platform,9,1576,14184,Edinburgh
2024-12-13,PwC,Cloud Suite,8,4774,38192,Leeds
2025-01-11,Deloitte,AI Platform,5,3008,15040,Birmingham
2025-04-18,Amazon,CRM Software,7,818,5726,Birmingham
2025-02-15,EY,AI Platform,5,4824,24120,London
2024-09-20,KPMG,AI Platform,9,1654,14886,Edinburgh
2025-01-04,EY,Data Warehouse,3,1720,5160,Edinburgh
2024-08-07,Microsoft,Analytics Dashboard,2,4269,8538,London
2024-01-08,TCS,CRM Software,2,3672,7344,Manchester
2025-01-01,Accenture,CRM Software,3,4951,14853,Birmingham
2025-02-19,Infosys,Cloud Suite,6,1645,9870,London
2025-10-19,Microsoft,Cloud Suite,9,2331,20979,London
2025-11-04,Google,AI Platform,6,3543,21258,Edinburgh
2025-08-25,Deloitte,CRM Software,4,4528,18112,Manchester
2024-12-20,Amazon,Data Warehouse,3,2207,6621,Edinburgh
2024-08-31,Microsoft,Data Warehouse,5,2112,10560,Birmingham
2025-07-14,HSBC,Analytics Dashboard,4,4241,16964,Manchester
2025-01-15,PwC,Analytics Dashboard,9,794,7146,Birmingham
2024-08-16,PwC,Cloud Suite,4,3967,15868,Birmingham
2025-08-17,Infosys,Analytics Dashboard,8,3277,26216,Edinburgh
2025-01-12,Google,Cloud Suite,2,4221,8442,Birmingham
2025-07-27,Google,CRM Software,4,4571,18284,Edinburgh
2025-06-07,PwC,Analytics Dashboard,4,2658,10632,Manchester
2025-06-10,Deloitte,Cloud Suite,7,4109,28763,Edinburgh
2025-04-17,PwC,Cloud Suite,4,1621,6484,Birmingham
2025-01-09,Accenture,CRM Software,5,1157,5785,Edinburgh
2024-09-16,Deloitte,Cloud Suite,4,4409,17636,Leeds
2025-06-15,Infosys,Cloud Suite,2,3164,6328,Leeds
2025-12-14,Microsoft,CRM Software,3,2457,7371,London
2024-02-24,Infosys,Data Warehouse,6,4706,28236,Edinburgh
2025-08-10,KPMG,Analytics Dashboard,5,3947,19735,Birmingham
2024-03-03,Amazon,CRM Software,9,4248,38232,Manchester
2025-06-02,Infosys,Analytics Dashboard,7,2463,17241,Edinburgh
2025-07-21,HSBC,AI Platform,4,2839,11356,Birmingham
2024-07-02,PwC,CRM Software,5,3445,17225,London
2025-05-28,Accenture,Data Warehouse,5,4527,22635,London
2025-10-21,Microsoft,AI Platform,8,4342,34736,Leeds
2025-09-23,HSBC,Data Warehouse,5,1810,9050,Leeds
2025-10-10,Google,Analytics Dashboard,5,588,2940,Birmingham
2024-05-01,KPMG,AI Platform,8,4341,34728,Edinburgh
2024-01-24,HSBC,Cloud Suite,7,4426,30982,Birmingham
2024-01-30,Deloitte,Analytics Dashboard,4,1893,7572,Leeds
2025-01-29,PwC,Cloud Suite,7,4959,34713,Birmingham
2024-08-30,Accenture,CRM Software,8,2751,22008,Edinburgh
2024-06-05,Google,Cloud Suite,5,4563,22815,Leeds
2025-11-08,Amazon,AI Platform,6,753,4518,Manchester
2024-05-26,Barclays,Cloud Suite,4,4713,18852,Edinburgh
2025-07-03,Barclays,AI Platform,5,2281,11405,Manchester
2025-08-14,EY,AI Platform,1,500,500,London
2024-04-21,Barclays,Cloud Suite,6,2543,15258,Birmingham
2025-09-02,Microsoft,Analytics Dashboard,4,4457,17828,Edinburgh
2024-10-07,Amazon,Data Warehouse,8,3890,31120,Manchester
2024-01-14,Microsoft,Analytics Dashboard,6,4365,26190,Leeds
2025-11-08,HSBC,Data Warehouse,2,1964,3928,Leeds
2024-05-21,HSBC,Data Warehouse,2,2002,4004,Edinburgh
2025-04-12,TCS,CRM Software,4,3562,14248,Edinburgh
2025-06-02,Google,Cloud Suite,5,3053,15265,Manchester
2024-01-21,TCS,Analytics Dashboard,6,2466,14796,Edinburgh
2025-08-18,Accenture,AI Platform,8,1503,12024,Birmingham
2025-06-12,Amazon,AI Platform,6,4458,26748,Edinburgh
2025-11-18,PwC,CRM Software,7,4484,31388,Leeds
2025-01-19,HSBC,AI Platform,7,3940,27580,Edinburgh
2024-01-13,TCS,CRM Software,8,4667,37336,Leeds
2024-04-07,Google,Cloud Suite,5,4579,22895,London
2024-10-15,EY,AI Platform,2,3939,7878,Edinburgh
2025-05-26,Amazon,AI Platform,4,4913,19652,Birmingham
2025-12-02,HSBC,CRM Software,2,520,1040,Birmingham
2024-07-20,KPMG,Cloud Suite,5,565,2825,Manchester
2024-12-08,Amazon,Cloud Suite,2,4589,9178,Birmingham
2025-09-30,Accenture,Analytics Dashboard,1,1555,1555,Birmingham
2024-01-17,Barclays,Data Warehouse,1,3579,3579,Birmingham
2025-11-09,TCS,AI Platform,9,2969,26721,Manchester
2024-03-23,Google,Analytics Dashboard,3,824,2472,Birmingham
2024-02-20,Infosys,CRM Software,5,2511,12555,London
2025-06-28,Deloitte,Analytics Dashboard,9,3575,32175,Manchester
2024-02-29,Amazon,AI Platform,5,1623,8115,Edinburgh
2025-10-25,Microsoft,CRM Software,2,2770,5540,Edinburgh
2025-05-18,PwC,Analytics Dashboard,6,4857,29142,Edinburgh
2024-09-13,Microsoft,Data Warehouse,9,916,8244,Edinburgh
2024-02-07,EY,Analytics Dashboard,2,552,1104,Leeds
2025-04-05,Google,Analytics Dashboard,9,4530,40770,Birmingham
2024-02-06,PwC,Analytics Dashboard,7,4018,28126,Birmingham
2024-11-18,KPMG,CRM Software,1,984,984,Leeds
2024-06-12,Infosys,Cloud Suite,1,2209,2209,Birmingham
2025-10-30,Barclays,CRM Software,2,4845,9690,Edinburgh
2025-07-20,Infosys,Analytics Dashboard,3,2161,6483,London
2024-06-17,Infosys,CRM Software,2,4194,8388,Leeds
2024-06-18,Accenture,Data Warehouse,7,3512,24584,Edinburgh
2025-07-16,Accenture,Cloud Suite,1,1790,1790,Leeds
2024-04-16,Accenture,CRM Software,9,505,4545,Birmingham
2025-06-12,Microsoft,Cloud Suite,4,3910,15640,Manchester
2025-04-13,Infosys,AI Platform,3,2517,7551,Manchester
2025-12-19,Amazon,Cloud Suite,3,4034,12102,London
2025-04-10,KPMG,Analytics Dashboard,2,2134,4268,Edinburgh
2025-11-29,EY,Cloud Suite,5,4364,21820,Leeds
2025-01-11,Google,Data Warehouse,8,3633,29064,Edinburgh
2025-02-15,PwC,AI Platform,3,2334,7002,Manchester
2024-07-17,Amazon,Data Warehouse,7,2853,19971,Edinburgh
2024-01-12,PwC,Analytics Dashboard,8,1934,15472,Edinburgh
2025-12-13,Infosys,Analytics Dashboard,1,2455,2455,Edinburgh
2025-12-08,EY,Data Warehouse,1,1100,1100,Manchester
2025-10-12,Google,Cloud Suite,3,1642,4926,Leeds
2025-05-19,HSBC,CRM Software,5,1226,6130,London
2025-12-07,KPMG,Analytics Dashboard,6,1311,7866,Manchester
2024-12-02,Barclays,Cloud Suite,2,4537,9074,Birmingham
2025-11-05,TCS,Analytics Dashboard,4,1447,5788,Edinburgh
2025-10-05,Google,CRM Software,2,890,1780,Birmingham
2025-04-25,Amazon,CRM Software,1,2254,2254,London
2024-04-22,TCS,AI Platform,8,1022,8176,Edinburgh
2025-11-01,Barclays,Cloud Suite,6,647,3882,Edinburgh
2024-03-23,PwC,Cloud Suite,7,4120,28840,Edinburgh
2025-09-29,PwC,Data Warehouse,2,1723,3446,Edinburgh
2024-08-06,Deloitte,Analytics Dashboard,4,3523,14092,Manchester
2024-10-27,TCS,Data Warehouse,1,3885,3885,London
2024-01-26,EY,Cloud Suite,9,1857,16713,Leeds
2025-01-22,Infosys,CRM Software,8,4420,35360,Edinburgh
2024-02-20,Infosys,AI Platform,5,1860,9300,London
2024-12-31,TCS,Data Warehouse,6,757,4542,Leeds
2024-02-14,Google,Analytics Dashboard,6,4138,24828,London
2024-08-22,PwC,CRM Software,1,1917,1917,Manchester
2024-10-01,PwC,CRM Software,8,1150,9200,Manchester
2025-12-05,PwC,AI Platform,7,3781,26467,London
2024-11-17,PwC,Data Warehouse,9,2939,26451,Manchester
2024-06-17,Infosys,Analytics Dashboard,8,3802,30416,Manchester
2025-01-15,Amazon,AI Platform,3,4431,13293,Birmingham
2025-06-11,Barclays,Data Warehouse,8,1952,15616,Manchester
2025-03-05,Deloitte,Cloud Suite,9,3867,34803,London
2024-06-17,Infosys,Data Warehouse,7,2234,15638,Leeds
2025-08-10,Accenture,Analytics Dashboard,1,4167,4167,Edinburgh
2025-02-13,PwC,AI Platform,5,3939,19695,Edinburgh
2025-06-11,PwC,Cloud Suite,8,4495,35960,Manchester
2024-03-18,Microsoft,CRM Software,8,2947,23576,Edinburgh
2024-07-11,TCS,CRM Software,2,1001,2002,Birmingham
2024-09-17,PwC,Data Warehouse,7,2647,18529,Edinburgh
2025-04-05,Infosys,AI Platform,6,852,5112,Edinburgh
2024-04-26,Google,Cloud Suite,7,4605,32235,Leeds
2025-06-07,Accenture,Cloud Suite,4,3407,13628,Birmingham
2024-06-23,Accenture,AI Platform,3,3764,11292,Edinburgh
2025-06-13,Barclays,Analytics Dashboard,7,1511,10577,Manchester
2024-08-20,Barclays,Data Warehouse,2,4109,8218,London
2025-05-25,EY,AI Platform,2,4184,8368,Birmingham
2025-01-16,Microsoft,Data Warehouse,4,1963,7852,Birmingham
2024-02-08,Microsoft,Analytics Dashboard,4,668,2672,Manchester
2025-11-22,Microsoft,CRM Software,4,3672,14688,Edinburgh
2025-12-19,Infosys,AI Platform,7,4524,31668,Edinburgh
2025-06-14,Amazon,Cloud Suite,5,2941,14705,London
2025-04-17,Amazon,Data Warehouse,5,1464,7320,Edinburgh
2025-01-19,Barclays,Cloud Suite,3,961,2883,Manchester
2024-09-03,Accenture,AI Platform,3,1888,5664,London
2024-09-28,Microsoft,Analytics Dashboard,5,2246,11230,Birmingham
2024-07-07,TCS,Analytics Dashboard,6,1352,8112,Birmingham
2025-08-16,Accenture,Analytics Dashboard,1,2760,2760,Leeds
2025-01-13,KPMG,CRM Software,2,1068,2136,Birmingham
2025-10-11,Google,CRM Software,1,1217,1217,Manchester
2024-09-30,Infosys,Analytics Dashboard,2,2985,5970,Birmingham
2025-03-07,KPMG,Data Warehouse,5,4730,23650,Leeds
2024-08-07,KPMG,Cloud Suite,3,1821,5463,Edinburgh
2025-11-15,HSBC,AI Platform,5,4491,22455,Birmingham
2024-02-03,Microsoft,Cloud Suite,1,2670,2670,Birmingham
2025-04-06,Infosys,Analytics Dashboard,3,1210,3630,Birmingham
2025-10-26,Deloitte,Analytics Dashboard,3,2058,6174,Birmingham
2025-11-29,HSBC,Data Warehouse,2,2278,4556,Manchester
2025-11-14,Google,Analytics Dashboard,2,3082,6164,Manchester
2024-10-02,Infosys,CRM Software,8,3416,27328,Birmingham
2024-09-14,Barclays,Data Warehouse,8,2364,18912,Leeds
2025-05-15,Deloitte,Cloud Suite,3,2509,7527,Birmingham
2024-10-02,Barclays,CRM Software,4,4898,19592,Leeds
2024-12-10,Microsoft,Cloud Suite,6,3083,18498,Manchester
2024-04-05,HSBC,CRM Software,7,3131,21917,Edinburgh
2025-01-17,Barclays,CRM Software,8,3436,27488,London
2025-06-23,TCS,Data Warehouse,4,2919,11676,London
2024-02-06,Barclays,Analytics Dashboard,5,2035,10175,Manchester
2024-03-30,Barclays,AI Platform,7,2401,16807,Manchester
2024-05-02,Amazon,Analytics Dashboard,5,1018,5090,Edinburgh
2024-08-21,Accenture,Data Warehouse,5,3486,17430,Birmingham
2025-04-13,Microsoft,Analytics Dashboard,5,4973,24865,London
2024-09-30,PwC,AI Platform,9,4252,38268,Edinburgh
2024-09-26,EY,CRM Software,4,584,2336,Birmingham
2025-09-23,KPMG,Data Warehouse,8,4458,35664,London
2025-07-02,Barclays,Analytics Dashboard,8,1023,8184,Birmingham
2025-03-23,HSBC,AI Platform,4,827,3308,Leeds
2024-10-12,PwC,CRM Software,8,2541,20328,Leeds
2025-05-01,Deloitte,Data Warehouse,4,645,2580,Edinburgh
2025-05-17,TCS,Data Warehouse,3,4098,12294,London
2024-04-04,Deloitte,Analytics Dashboard,6,1404,8424,Leeds
2025-07-23,Barclays,Data Warehouse,3,1888,5664,Edinburgh
2025-01-13,EY,AI Platform,1,1176,1176,Birmingham
2024-07-01,PwC,Cloud Suite,2,2894,5788,Leeds
2024-05-16,KPMG,Cloud Suite,4,2521,10084,London
2025-05-17,Microsoft,Cloud Suite,9,2548,22932,Manchester
2024-03-04,EY,CRM Software,6,4100,24600,Edinburgh
2024-08-21,Amazon,CRM Software,7,983,6881,Edinburgh
2025-12-08,Barclays,Analytics Dashboard,5,1278,6390,Leeds
2025-09-19,Infosys,Cloud Suite,6,1559,9354,Birmingham
2025-11-25,Barclays,Analytics Dashboard,1,2733,2733,Edinburgh
2024-07-04,KPMG,CRM Software,7,2931,20517,Leeds
2024-11-21,Deloitte,Cloud Suite,6,2709,16254,Leeds
2024-10-26,Infosys,Data Warehouse,4,4509,18036,London
2025-08-08,Google,Data Warehouse,1,2536,2536,Birmingham
2024-09-12,PwC,Data Warehouse,8,769,6152,Leeds
2025-06-11,TCS,Data Warehouse,3,4688,14064,Edinburgh
2024-01-17,Microsoft,Cloud Suite,4,1248,4992,London
2024-05-23,Accenture,Analytics Dashboard,7,4041,28287,London
2025-10-29,EY,Data Warehouse,6,4897,29382,Edinburgh
2024-01-18,TCS,Cloud Suite,8,2446,19568,Birmingham
2024-02-02,Barclays,Cloud Suite,9,3288,29592,Edinburgh
2025-03-31,Barclays,Analytics Dashboard,9,3565,32085,Leeds
2025-07-23,EY,Data Warehouse,2,2918,5836,Leeds
2024-10-22,Microsoft,Cloud Suite,2,4084,8168,Leeds
2024-05-25,Deloitte,Cloud Suite,4,3522,14088,Manchester
2024-08-30,Amazon,Cloud Suite,5,4044,20220,Birmingham
2025-05-22,HSBC,Cloud Suite,6,4588,27528,Manchester
2024-12-03,HSBC,CRM Software,5,2503,12515,Birmingham
2024-12-22,Deloitte,Cloud Suite,5,4535,22675,London
2024-05-29,Barclays,AI Platform,8,3893,31144,Edinburgh
2024-04-19,Deloitte,Analytics Dashboard,3,1946,5838,Manchester
2024-08-22,Accenture,CRM Software,7,2159,15113,Leeds
2024-02-01,EY,Data Warehouse,5,1695,8475,Manchester
2024-10-05,Microsoft,CRM Software,9,1065,9585,Edinburgh
2024-12-02,Amazon,Data Warehouse,4,3388,13552,Leeds
2025-04-25,KPMG,Analytics Dashboard,1,2867,2867,Manchester
2024-04-23,Google,Cloud Suite,6,4828,28968,Edinburgh
2024-09-21,TCS,Cloud Suite,9,1141,10269,Leeds
2024-09-12,Amazon,Analytics Dashboard,3,2803,8409,Birmingham
2025-12-18,Amazon,Analytics Dashboard,8,4650,37200,London
2025-03-31,EY,Cloud Suite,5,4851,24255,Manchester
2025-07-01,TCS,Cloud Suite,5,4377,21885,Birmingham
2025-12-19,TCS,Cloud Suite,5,2536,12680,Birmingham
2025-09-21,Deloitte,AI Platform,8,2858,22864,Manchester
2025-11-13,Infosys,Analytics Dashboard,8,4226,33808,London
2025-05-04,Google,Cloud Suite,2,4517,9034,Edinburgh
2024-01-07,EY,Analytics Dashboard,4,1089,4356,Manchester
2024-08-20,Google,Cloud Suite,4,4651,18604,Manchester
2024-05-26,TCS,CRM Software,9,1966,17694,Leeds
2025-05-30,Deloitte,AI Platform,3,3408,10224,Edinburgh
2024-04-04,Amazon,Data Warehouse,2,1289,2578,London
2024-12-16,EY,CRM Software,3,1957,5871,London
2025-09-21,Infosys,Analytics Dashboard,9,4580,41220,Edinburgh
2024-01-11,HSBC,AI Platform,7,3898,27286,Manchester
2025-08-17,EY,Cloud Suite,9,4344,39096,Edinburgh
2024-11-06,Infosys,AI Platform,5,4610,23050,Leeds
2025-01-10,Deloitte,AI Platform,5,4291,21455,Manchester
2024-05-16,KPMG,Analytics Dashboard,3,1702,5106,Edinburgh
2024-10-19,Barclays,Cloud Suite,6,1861,11166,Birmingham
2025-07-31,Deloitte,Data Warehouse,1,1495,1495,Edinburgh
2024-07-04,Google,Cloud Suite,9,3695,33255,Leeds
2024-12-11,Accenture,CRM Software,1,823,823,Birmingham
2025-04-03,TCS,AI Platform,5,4536,22680,Birmingham
2024-11-26,Amazon,Analytics Dashboard,2,3598,7196,Edinburgh
2024-07-06,TCS,AI Platform,4,2253,9012,Edinburgh
2025-10-23,Amazon,Cloud Suite,3,2642,7926,Edinburgh
2025-07-04,Barclays,Analytics Dashboard,9,3111,27999,Manchester
2024-02-04,Barclays,CRM Software,2,3846,7692,London
2024-04-14,TCS,Cloud Suite,6,2843,17058,London
2024-12-20,Barclays,CRM Software,7,4746,33222,London
2025-07-30,Barclays,CRM Software,4,4239,16956,Birmingham
2025-04-06,Deloitte,Data Warehouse,7,503,3521,London
2024-01-26,Deloitte,AI Platform,5,3596,17980,Manchester
2024-09-24,Accenture,Analytics Dashboard,5,2911,14555,Birmingham
2024-04-26,EY,CRM Software,6,1076,6456,Manchester
2024-07-18,Amazon,Data Warehouse,4,2905,11620,Leeds
2024-09-08,Infosys,Data Warehouse,9,2801,25209,Edinburgh
2025-10-26,PwC,AI Platform,2,2411,4822,Edinburgh
2025-04-05,Google,Analytics Dashboard,6,4316,25896,Birmingham
2024-05-05,Barclays,CRM Software,8,3910,31280,Edinburgh
2024-12-24,Google,Data Warehouse,4,3089,12356,Birmingham
2024-04-15,Google,CRM Software,3,2057,6171,Leeds
2025-02-09,Barclays,Cloud Suite,7,2112,14784,Manchester
2025-03-27,Infosys,Data Warehouse,4,761,3044,London
2025-08-11,Google,Cloud Suite,6,1137,6822,Edinburgh
2025-09-12,Microsoft,Analytics Dashboard,9,1164,10476,Edinburgh
2025-10-24,Accenture,AI Platform,1,3091,3091,London
2025-03-10,Amazon,AI Platform,1,4952,4952,Manchester
2025-11-06,Barclays,AI Platform,4,4012,16048,London
2025-04-14,Microsoft,Data Warehouse,4,3517,14068,Birmingham
2024-05-09,Barclays,CRM Software,8,2450,19600,London
2024-08-11,Infosys,Data Warehouse,3,4223,12669,Leeds
2024-03-30,HSBC,AI Platform,1,1116,1116,Leeds
2024-03-12,Accenture,Cloud Suite,5,3676,18380,Edinburgh
2024-11-12,Amazon,Analytics Dashboard,3,1205,3615,Edinburgh
2025-02-26,EY,CRM Software,9,2434,21906,Birmingham
2024-09-28,Amazon,Data Warehouse,6,709,4254,Birmingham
2024-01-22,Microsoft,Analytics Dashboard,5,2453,12265,Birmingham
2024-05-22,KPMG,CRM Software,8,640,5120,London
2024-08-27,EY,AI Platform,2,3107,6214,London
2024-06-19,Barclays,AI Platform,4,3073,12292,Leeds
2025-03-13,KPMG,CRM Software,4,1213,4852,Leeds
2025-01-10,HSBC,Analytics Dashboard,4,1417,5668,Birmingham
2025-04-21,Accenture,Data Warehouse,6,1059,6354,Edinburgh
2024-11-24,Microsoft,Analytics Dashboard,1,2886,2886,Birmingham
2024-06-27,HSBC,Cloud Suite,1,2350,2350,Manchester
2024-01-30,HSBC,CRM Software,6,828,4968,Manchester
2025-03-09,TCS,CRM Software,9,3705,33345,Manchester
2024-12-30,EY,Data Warehouse,9,3317,29853,London
2025-01-22,EY,AI Platform,4,4898,19592,Birmingham
2024-11-01,Accenture,Data Warehouse,8,2523,20184,London
2025-02-15,KPMG,Data Warehouse,2,4651,9302,Leeds
2025-12-24,Amazon,Cloud Suite,4,2290,9160,London
2024-03-23,Barclays,AI Platform,1,1218,1218,Edinburgh
2024-11-01,Google,Data Warehouse,5,3096,15480,Manchester
2025-01-22,HSBC,Analytics Dashboard,9,3883,34947,London
2025-01-06,Google,Cloud Suite,5,1783,8915,London
2024-09-04,PwC,Data Warehouse,4,948,3792,Leeds
2025-09-11,Barclays,Cloud Suite,7,1171,8197,Edinburgh
2024-03-29,Google,AI Platform,9,4401,39609,Leeds
2024-03-07,Infosys,Analytics Dashboard,5,4015,20075,Manchester
2024-07-17,Deloitte,AI Platform,4,1669,6676,Edinburgh
2024-01-06,EY,Data Warehouse,4,1863,7452,Manchester
2024-04-09,Google,AI Platform,4,3273,13092,Edinburgh
2024-08-04,HSBC,Cloud Suite,3,3625,10875,Birmingham
2024-05-30,Google,CRM Software,3,1506,4518,Edinburgh
2025-07-19,PwC,Cloud Suite,2,4257,8514,London
2024-05-18,Deloitte,Cloud Suite,9,4199,37791,Leeds
2024-08-06,Microsoft,Cloud Suite,2,1392,2784,London
2025-04-14,TCS,Data Warehouse,5,1607,8035,Leeds
2024-01-26,Deloitte,Cloud Suite,7,4651,32557,Leeds
2024-12-04,Amazon,Analytics Dashboard,4,2657,10628,Leeds
2024-05-05,TCS,Analytics Dashboard,6,3768,22608,Edinburgh
2024-04-10,Amazon,CRM Software,7,3580,25060,Edinburgh
2025-12-18,Barclays,Data Warehouse,8,2069,16552,Edinburgh
2024-09-26,KPMG,AI Platform,6,3552,21312,Edinburgh
2024-03-27,Accenture,AI Platform,5,4689,23445,Manchester
2025-12-27,Microsoft,Data Warehouse,4,4653,18612,Edinburgh
2024-12-22,Infosys,Analytics Dashboard,5,4891,24455,Edinburgh
2024-04-10,TCS,Analytics Dashboard,2,2123,4246,London
2025-10-03,Deloitte,Data Warehouse,6,3286,19716,London
2025-07-10,Barclays,Data Warehouse,8,563,4504,London
2025-09-15,Barclays,AI Platform,5,3798,18990,Leeds
2025-11-27,Infosys,CRM Software,7,3228,22596,Edinburgh
2025-02-02,HSBC,Cloud Suite,4,3768,15072,Birmingham
2025-02-23,Amazon,Data Warehouse,2,4459,8918,London
2025-05-31,Google,AI Platform,8,3868,30944,Manchester
2024-11-26,Deloitte,Analytics Dashboard,6,1821,10926,Edinburgh
2024-11-07,Google,AI Platform,6,1033,6198,Birmingham
2024-04-14,Barclays,Cloud Suite,8,4985,39880,Leeds
2025-10-28,Google,AI Platform,4,4423,17692,Manchester
2024-06-01,Barclays,Data Warehouse,1,2104,2104,Edinburgh
2024-10-08,Microsoft,CRM Software,4,2336,9344,London
2025-11-11,Amazon,Analytics Dashboard,5,1882,9410,Birmingham
2024-11-24,Amazon,Cloud Suite,3,2704,8112,London
2025-01-30,HSBC,CRM Software,2,2059,4118,Edinburgh
2025-04-06,TCS,Analytics Dashboard,3,4804,14412,Birmingham
2025-07-20,Infosys,Data Warehouse,3,3050,9150,Leeds
2025-05-28,EY,Cloud Suite,4,2497,9988,Manchester
2024-03-23,Accenture,Data Warehouse,5,2142,10710,Leeds
2024-07-06,Amazon,Cloud Suite,5,1121,5605,London
2025-03-11,Accenture,CRM Software,9,4343,39087,Edinburgh
2025-03-12,EY,Data Warehouse,5,2121,10605,London
2025-03-09,Google,Analytics Dashboard,2,4553,9106,Birmingham
2025-11-30,Infosys,CRM Software,6,1110,6660,London
2024-08-14,PwC,Data Warehouse,7,702,4914,Manchester
2025-10-05,Microsoft,Analytics Dashboard,6,1389,8334,Birmingham
2025-11-28,TCS,Cloud Suite,3,4484,13452,London
2025-06-29,PwC,CRM Software,9,3483,31347,Leeds
2024-12-16,Infosys,Analytics Dashboard,9,4330,38970,Edinburgh
2024-11-22,EY,CRM Software,1,3287,3287,Birmingham
2025-02-21,Microsoft,AI Platform,8,937,7496,London
2025-09-09,TCS,CRM Software,9,906,8154,Edinburgh
2024-03-06,EY,Cloud Suite,9,2741,24669,Manchester
2025-10-19,Deloitte,AI Platform,8,1429,11432,Edinburgh
2025-12-04,TCS,CRM Software,4,1013,4052,Edinburgh
2024-05-11,EY,AI Platform,4,2957,11828,Birmingham
2025-09-24,PwC,Cloud Suite,8,4950,39600,Edinburgh
2024-07-23,Infosys,CRM Software,9,4030,36270,Edinburgh
2024-07-13,Google,AI Platform,4,1950,7800,Leeds
2025-10-19,Infosys,AI Platform,6,4448,26688,Birmingham
2025-07-16,Google,AI Platform,7,4972,34804,Leeds
2025-09-26,Microsoft,Cloud Suite,8,848,6784,Leeds
2025-08-16,Infosys,AI Platform,3,1617,4851,Birmingham
2025-02-10,KPMG,Data Warehouse,8,2879,23032,Edinburgh
2024-06-17,Microsoft,AI Platform,9,4593,41337,Edinburgh
2025-06-04,Amazon,Cloud Suite,3,2634,7902,Leeds
2025-11-28,KPMG,Cloud Suite,2,4597,9194,Leeds
2024-04-07,HSBC,AI Platform,8,870,6960,London
2025-08-21,Infosys,Cloud Suite,1,1423,1423,Manchester
2025-03-21,EY,Analytics Dashboard,5,2924,14620,London
2025-08-14,Accenture,AI Platform,3,2876,8628,Edinburgh
2025-03-29,EY,Data Warehouse,2,621,1242,Birmingham
2025-08-03,Amazon,Analytics Dashboard,3,3807,11421,Birmingham
2024-09-10,Microsoft,Analytics Dashboard,5,1748,8740,Edinburgh
2024-04-10,Barclays,Cloud Suite,2,1251,2502,Manchester
2024-06-13,PwC,CRM Software,5,3275,16375,Manchester
2025-01-10,TCS,Analytics Dashboard,1,1282,1282,Birmingham
2025-01-03,Infosys,AI Platform,3,4073,12219,Birmingham
2024-10-14,PwC,CRM Software,2,3683,7366,London
2024-11-26,Infosys,Data Warehouse,4,1968,7872,Manchester
2025-09-13,HSBC,Data Warehouse,1,1971,1971,Manchester
2024-09-07,KPMG,Cloud Suite,3,795,2385,Manchester
2024-11-23,KPMG,AI Platform,6,4124,24744,Leeds
2025-09-02,HSBC,CRM Software,4,3344,13376,Edinburgh
2025-11-01,Amazon,CRM Software,7,507,3549,Leeds
2025-09-03,Accenture,CRM Software,6,4120,24720,London
2024-12-16,Amazon,Cloud Suite,6,4946,29676,Birmingham
2024-09-26,Google,Data Warehouse,5,2711,13555,Leeds
2025-09-25,Google,Cloud Suite,4,1172,4688,Leeds
2025-04-15,HSBC,CRM Software,7,4875,34125,Edinburgh
2025-09-01,KPMG,Data Warehouse,7,1415,9905,London
2025-08-16,Barclays,Data Warehouse,6,2925,17550,London
2025-03-01,TCS,AI Platform,9,668,6012,Birmingham
2024-12-29,Infosys,AI Platform,3,2877,8631,Birmingham
2024-05-12,Barclays,AI Platform,1,1617,1617,Leeds
2024-10-21,Barclays,Data Warehouse,6,2166,12996,Edinburgh
2025-10-30,KPMG,Analytics Dashboard,9,521,4689,Birmingham
2024-08-29,HSBC,Cloud Suite,5,2554,12770,London
2025-08-01,Accenture,CRM Software,9,2287,20583,Edinburgh
2025-08-06,Accenture,AI Platform,4,2768,11072,Edinburgh
2024-06-29,HSBC,AI Platform,3,1376,4128,Edinburgh
2024-06-11,Infosys,AI Platform,1,1377,1377,London
2024-05-08,Amazon,Data Warehouse,9,2908,26172,Edinburgh
2024-08-02,Deloitte,CRM Software,3,4045,12135,Edinburgh
2024-09-18,EY,CRM Software,9,3082,27738,Leeds
2025-05-23,Infosys,Cloud Suite,3,786,2358,Birmingham
2024-08-18,Infosys,Data Warehouse,4,911,3644,Manchester
2025-10-17,Google,AI Platform,5,657,3285,London
2024-09-26,Infosys,Cloud Suite,8,2882,23056,London
2025-08-28,KPMG,Analytics Dashboard,8,4302,34416,London
2025-02-02,EY,CRM Software,3,1828,5484,Birmingham
2024-12-10,KPMG,AI Platform,7,3754,26278,Edinburgh
2024-09-29,HSBC,Cloud Suite,4,2748,10992,Edinburgh
2024-10-25,Accenture,Data Warehouse,2,1719,3438,Edinburgh
2024-12-25,PwC,CRM Software,2,3654,7308,Edinburgh
2025-04-18,Accenture,AI Platform,4,2243,8972,London
2025-07-30,TCS,CRM Software,6,1378,8268,London
2024-12-28,Barclays,CRM Software,4,2797,11188,Edinburgh
2024-03-13,Infosys,Data Warehouse,2,1769,3538,Birmingham
2024-09-27,KPMG,Data Warehouse,1,1691,1691,Birmingham
2024-01-30,Accenture,CRM Software,5,4062,20310,London
2024-09-04,Microsoft,CRM Software,1,3268,3268,Manchester
2025-01-16,Microsoft,Cloud Suite,1,2428,2428,Manchester
2025-02-22,Infosys,CRM Software,3,4252,12756,London
2024-02-11,HSBC,AI Platform,8,4334,34672,Leeds
2025-03-31,HSBC,CRM Software,5,3987,19935,London
2024-06-30,HSBC,Cloud Suite,6,2798,16788,Manchester
2024-08-05,Barclays,Analytics Dashboard,1,4682,4682,Manchester
2024-10-19,TCS,Data Warehouse,5,2350,11750,Leeds
2024-10-19,HSBC,AI Platform,2,1350,2700,Leeds
2024-05-22,Deloitte,Analytics Dashboard,2,723,1446,Leeds
2025-01-27,Microsoft,Data Warehouse,8,4892,39136,Birmingham
2025-05-02,Accenture,AI Platform,7,2787,19509,Manchester
2025-03-20,EY,Data Warehouse,5,3034,15170,Edinburgh
2025-02-14,TCS,AI Platform,4,803,3212,Birmingham
2024-04-27,Infosys,AI Platform,8,3194,25552,London
2024-05-06,HSBC,CRM Software,2,2369,4738,Manchester
2024-10-01,Google,CRM Software,4,3728,14912,Leeds
2024-07-02,Microsoft,AI Platform,9,597,5373,Manchester
2025-09-07,TCS,Analytics Dashboard,6,4527,27162,Manchester
2024-09-17,Microsoft,Data Warehouse,3,767,2301,Leeds
2024-03-13,Microsoft,Cloud Suite,6,4388,26328,Manchester
2024-09-15,Microsoft,AI Platform,6,4654,27924,Manchester
2024-09-22,Infosys,Cloud Suite,9,2904,26136,Manchester
2024-08-05,Barclays,Data Warehouse,2,4661,9322,Leeds
2024-11-08,Google,CRM Software,5,3980,19900,Manchester
2025-07-02,Amazon,AI Platform,3,2082,6246,Manchester
2025-03-21,PwC,Analytics Dashboard,9,3239,29151,Leeds
2024-03-09,Deloitte,AI Platform,9,4460,40140,Birmingham
2024-01-15,Accenture,Cloud Suite,8,4502,36016,Edinburgh
2025-07-03,HSBC,Analytics Dashboard,1,2079,2079,London
2025-10-27,Amazon,Analytics Dashboard,2,1267,2534,Manchester
2024-09-11,Deloitte,CRM Software,6,2600,15600,Manchester
2024-04-10,PwC,Data Warehouse,5,4597,22985,Manchester
2024-07-30,TCS,AI Platform,4,4609,18436,Manchester
2025-02-06,Deloitte,Data Warehouse,8,3273,26184,Birmingham
2024-03-14,KPMG,AI Platform,1,2403,2403,Leeds
2024-11-11,Amazon,AI Platform,3,1199,3597,Manchester
2024-06-23,TCS,Data Warehouse,1,2482,2482,London
2024-02-05,EY,CRM Software,8,4820,38560,London
2024-06-02,Microsoft,AI Platform,7,3120,21840,London
2024-07-16,EY,Data Warehouse,5,1794,8970,Manchester
2025-12-01,EY,Analytics Dashboard,2,4137,8274,Manchester
2024-10-22,Infosys,Cloud Suite,4,4876,19504,Leeds
2025-02-23,TCS,Data Warehouse,8,2949,23592,London
2025-02-28,HSBC,CRM Software,8,1014,8112,Leeds
2024-06-13,Amazon,Data Warehouse,3,1866,5598,Edinburgh
2025-04-05,Microsoft,CRM Software,9,2968,26712,Edinburgh
2025-09-08,HSBC,Data Warehouse,4,4252,17008,Leeds
2024-03-18,PwC,CRM Software,3,2359,7077,London
2025-10-23,Deloitte,Analytics Dashboard,4,4722,18888,Edinburgh
2024-02-13,Barclays,Data Warehouse,9,2285,20565,Edinburgh
2024-07-08,Barclays,CRM Software,6,3060,18360,Leeds
2025-05-03,EY,Cloud Suite,6,3317,19902,Birmingham
2024-01-07,EY,AI Platform,9,2150,19350,Edinburgh
2025-04-17,Barclays,Cloud Suite,1,3268,3268,Edinburgh
2025-10-18,HSBC,CRM Software,7,3018,21126,Birmingham
2025-10-11,Deloitte,AI Platform,1,1635,1635,Leeds
2024-10-22,KPMG,AI Platform,4,1375,5500,Leeds
2025-10-23,Deloitte,AI Platform,3,1128,3384,Leeds
2025-05-16,HSBC,CRM Software,5,1628,8140,Manchester
2024-10-07,Google,CRM Software,4,1174,4696,London
2024-07-21,EY,AI Platform,4,823,3292,Birmingham
2024-12-27,Barclays,AI Platform,4,1041,4164,London
2024-10-30,PwC,Data Warehouse,5,1929,9645,Manchester
2024-05-13,HSBC,AI Platform,3,2968,8904,Edinburgh
2024-07-06,TCS,Cloud Suite,1,4899,4899,London
2024-06-10,Accenture,Data Warehouse,3,2698,8094,London
2024-02-16,Accenture,Data Warehouse,4,2778,11112,Birmingham
2025-12-01,HSBC,Data Warehouse,4,2110,8440,Leeds
2025-07-27,KPMG,Data Warehouse,4,4725,18900,London
2025-03-21,TCS,Cloud Suite,7,4010,28070,London
2024-09-08,Deloitte,Data Warehouse,4,4156,16624,Birmingham
2025-11-24,KPMG,Cloud Suite,7,4209,29463,Birmingham
2024-01-07,PwC,Data Warehouse,2,2119,4238,Birmingham
2025-09-05,HSBC,CRM Software,6,992,5952,Birmingham
2025-06-19,HSBC,CRM Software,4,666,2664,Leeds
2024-04-03,HSBC,Data Warehouse,5,3843,19215,Birmingham
2024-05-11,Microsoft,AI Platform,3,3534,10602,Leeds
2024-10-16,HSBC,Analytics Dashboard,8,1567,12536,Manchester
2024-12-24,Barclays,Cloud Suite,5,4032,20160,London
2024-09-24,PwC,Cloud Suite,8,3015,24120,Leeds
2024-09-15,Infosys,CRM Software,4,4226,16904,Leeds
2025-10-18,Barclays,Analytics Dashboard,1,1616,1616,London
2025-08-19,PwC,CRM Software,7,1287,9009,Edinburgh
2024-04-26,Accenture,Data Warehouse,2,2991,5982,London
2024-10-23,EY,CRM Software,7,4557,31899,Birmingham
2024-12-27,Infosys,Cloud Suite,9,3203,28827,Birmingham
2024-12-21,Deloitte,AI Platform,5,2410,12050,Edinburgh
2025-06-26,PwC,Analytics Dashboard,7,4243,29701,London
2024-09-23,Deloitte,Data Warehouse,2,4124,8248,Leeds
2024-11-22,HSBC,CRM Software,7,2579,18053,London
2025-12-21,Infosys,Analytics Dashboard,2,4801,9602,Birmingham
2025-11-09,Amazon,Data Warehouse,1,4738,4738,Edinburgh
2024-07-19,HSBC,Analytics Dashboard,8,528,4224,Leeds
2024-05-29,KPMG,Data Warehouse,1,4514,4514,Edinburgh
2024-03-20,EY,AI Platform,4,2241,8964,Manchester
2025-06-01,Barclays,AI Platform,8,704,5632,Birmingham
2024-10-31,Microsoft,AI Platform,2,1485,2970,Edinburgh
2024-02-18,Accenture,Cloud Suite,4,1959,7836,Manchester
2024-08-18,Google,CRM Software,3,3273,9819,Leeds
2025-04-30,EY,AI Platform,9,3180,28620,London
2024-04-28,Accenture,Analytics Dashboard,9,1000,9000,Birmingham
2024-11-18,Microsoft,Data Warehouse,3,1503,4509,London
2024-06-03,HSBC,Data Warehouse,1,2128,2128,London
2024-06-11,Accenture,Analytics Dashboard,7,4854,33978,Leeds
2025-03-17,Barclays,Cloud Suite,5,1375,6875,Birmingham
2025-06-26,Accenture,CRM Software,9,4999,44991,Birmingham
2024-03-06,HSBC,Analytics Dashboard,3,1999,5997,Leeds
2024-04-10,Google,Data Warehouse,7,3015,21105,London
2024-08-29,Accenture,AI Platform,7,4958,34706,London
2025-02-11,Amazon,AI Platform,6,2018,12108,Birmingham
2024-07-24,Amazon,Analytics Dashboard,6,1671,10026,London
2024-08-12,Amazon,Data Warehouse,4,4387,17548,Edinburgh
2025-07-24,Deloitte,AI Platform,6,2477,14862,Edinburgh
2025-03-22,Deloitte,CRM Software,2,1136,2272,Birmingham
2024-04-28,KPMG,CRM Software,9,1567,14103,Leeds
2025-02-27,TCS,Analytics Dashboard,2,1780,3560,London
2024-12-26,Infosys,Data Warehouse,7,3081,21567,Manchester
2024-06-05,Amazon,Cloud Suite,4,961,3844,London
2025-12-09,Barclays,Data Warehouse,1,3483,3483,Leeds
2025-01-20,KPMG,Analytics Dashboard,5,3450,17250,Edinburgh
2024-02-21,Infosys,Analytics Dashboard,9,2431,21879,Manchester
2025-04-03,KPMG,CRM Software,3,4418,13254,Birmingham
2024-12-27,Amazon,Cloud Suite,4,554,2216,Leeds
2024-02-20,Accenture,AI Platform,9,3120,28080,Birmingham
2024-08-12,HSBC,Cloud Suite,1,1865,1865,London
2025-08-04,EY,Cloud Suite,9,4070,36630,Edinburgh
2024-12-05,EY,Data Warehouse,6,2704,16224,Birmingham
2025-07-28,Infosys,AI Platform,3,3499,10497,London
2024-12-22,Accenture,CRM Software,8,3019,24152,Leeds
2025-12-20,KPMG,Analytics Dashboard,2,4228,8456,Manchester
2025-04-18,Barclays,Data Warehouse,1,1113,1113,London
2024-11-23,Barclays,AI Platform,1,3512,3512,London
2025-06-22,Amazon,Data Warehouse,4,2027,8108,Edinburgh
2024-05-30,Accenture,AI Platform,3,3363,10089,Birmingham
2024-08-13,KPMG,Cloud Suite,7,4706,32942,Birmingham
2024-09-30,Infosys,Analytics Dashboard,7,2892,20244,London
2024-10-20,HSBC,Cloud Suite,4,2999,11996,Edinburgh
2025-09-22,HSBC,AI Platform,1,3207,3207,Edinburgh
2024-08-14,TCS,CRM Software,3,4704,14112,Manchester
2024-10-17,Google,Cloud Suite,7,2152,15064,Leeds
2024-01-29,Accenture,Analytics Dashboard,3,1432,4296,Edinburgh
2024-08-11,HSBC,Analytics Dashboard,8,966,7728,London
2025-06-05,Deloitte,CRM Software,2,3187,6374,Edinburgh
2025-10-24,Deloitte,AI Platform,4,3085,12340,London
2025-07-30,Infosys,Cloud Suite,5,2010,10050,Edinburgh
2024-10-24,KPMG,AI Platform,8,512,4096,Birmingham
2024-03-19,Accenture,Cloud Suite,9,748,6732,London
2025-01-21,Google,Data Warehouse,1,3729,3729,London
2024-08-14,HSBC,Data Warehouse,8,4313,34504,Manchester
2025-07-23,Amazon,CRM Software,3,1039,3117,Edinburgh
2024-05-07,HSBC,Data Warehouse,5,551,2755,Birmingham
2025-10-24,Barclays,Data Warehouse,9,2340,21060,London
2024-03-20,Google,Cloud Suite,5,1216,6080,Leeds
2025-06-12,TCS,CRM Software,9,2978,26802,Birmingham
2024-11-12,TCS,Data Warehouse,2,4939,9878,Birmingham
2025-03-14,Google,CRM Software,5,4738,23690,Leeds
2024-12-18,Deloitte,AI Platform,4,4421,17684,Manchester
2024-02-27,Amazon,CRM Software,4,1511,6044,Birmingham
2024-09-25,Deloitte,Analytics Dashboard,1,2216,2216,Edinburgh
2024-03-29,Microsoft,CRM Software,5,703,3515,Manchester
2025-07-26,Google,AI Platform,5,562,2810,Leeds
2024-08-26,TCS,CRM Software,1,1580,1580,London
2024-11-03,Microsoft,Cloud Suite,8,3872,30976,Leeds
2024-02-15,Amazon,AI Platform,1,3255,3255,Leeds
2024-09-24,Microsoft,CRM Software,9,4585,41265,Edinburgh
2025-05-24,EY,Cloud Suite,4,3475,13900,Leeds
2025-06-14,Barclays,AI Platform,9,1790,16110,Manchester
2025-03-07,PwC,Analytics Dashboard,3,1892,5676,Edinburgh
2025-09-15,Microsoft,Analytics Dashboard,6,1078,6468,Leeds
2024-07-21,Google,Analytics Dashboard,1,3170,3170,Edinburgh
2024-05-16,HSBC,Data Warehouse,8,4784,38272,Edinburgh
2024-04-12,Infosys,Data Warehouse,5,2720,13600,Edinburgh
2024-11-26,KPMG,AI Platform,3,4525,13575,Leeds
2025-07-01,Barclays,CRM Software,4,2730,10920,Edinburgh
2025-04-03,Infosys,Analytics Dashboard,9,706,6354,Edinburgh
2024-11-28,Accenture,AI Platform,6,2439,14634,Leeds
2024-09-29,Infosys,Cloud Suite,8,1549,12392,Edinburgh
2025-12-18,HSBC,Cloud Suite,9,2546,22914,Leeds
2025-07-22,Infosys,Cloud Suite,3,3245,9735,Edinburgh
2025-08-14,Amazon,CRM Software,1,2924,2924,Edinburgh
2024-06-25,Accenture,Cloud Suite,5,897,4485,Manchester
2024-08-12,Amazon,Cloud Suite,1,4426,4426,London
2025-03-13,Microsoft,Analytics Dashboard,7,2460,17220,Edinburgh
2024-12-07,Deloitte,AI Platform,5,1776,8880,Manchester
2024-11-29,TCS,Analytics Dashboard,8,688,5504,Leeds
2025-09-29,PwC,CRM Software,1,2344,2344,Birmingham
2024-02-16,EY,AI Platform,7,2717,19019,Manchester
2024-02-02,PwC,Data Warehouse,1,3506,3506,London
2024-12-07,TCS,Analytics Dashboard,3,2260,6780,Edinburgh
2024-11-16,Accenture,Cloud Suite,3,4054,12162,London
2025-12-12,Infosys,Analytics Dashboard,5,4424,22120,Edinburgh
2024-12-04,HSBC,CRM Software,4,935,3740,Manchester
2025-01-11,Google,AI Platform,5,4709,23545,Manchester
2024-06-20,KPMG,Analytics Dashboard,6,4466,26796,Edinburgh
2025-12-23,Amazon,Data Warehouse,3,2195,6585,Birmingham
2025-07-16,KPMG,Data Warehouse,9,3169,28521,Edinburgh
2024-01-09,KPMG,Analytics Dashboard,9,1905,17145,Leeds
2025-05-18,Microsoft,AI Platform,1,2363,2363,Manchester
2024-05-27,Deloitte,Data Warehouse,6,1437,8622,London
2025-05-15,Amazon,AI Platform,9,1703,15327,Birmingham
2025-06-01,Google,AI Platform,5,3011,15055,Manchester
2025-11-05,PwC,Data Warehouse,7,1501,10507,Birmingham
2024-10-29,Google,Data Warehouse,8,1138,9104,London
2025-07-05,TCS,AI Platform,7,3714,25998,Birmingham
2025-04-20,EY,CRM Software,8,4485,35880,Edinburgh
2024-10-03,PwC,Cloud Suite,5,1671,8355,Birmingham
2025-06-16,Accenture,AI Platform,7,4646,32522,London
2025-09-19,Accenture,Analytics Dashboard,3,850,2550,London
2024-10-11,HSBC,CRM Software,6,2773,16638,Birmingham
2025-03-16,Accenture,Data Warehouse,6,2230,13380,Leeds
2025-07-03,HSBC,Data Warehouse,2,703,1406,Edinburgh
2025-05-03,Infosys,Data Warehouse,2,4436,8872,Birmingham
2025-06-11,HSBC,Analytics Dashboard,9,4266,38394,Leeds
2025-10-10,TCS,Cloud Suite,8,4813,38504,Manchester
2024-07-04,Deloitte,Analytics Dashboard,8,2705,21640,Manchester
2024-06-03,TCS,Analytics Dashboard,7,821,5747,Birmingham
2025-07-15,Google,AI Platform,3,3463,10389,London
2024-01-05,EY,Analytics Dashboard,2,3040,6080,Leeds
2025-05-09,Microsoft,Data Warehouse,9,1334,12006,Edinburgh
2025-09-21,Infosys,AI Platform,1,3968,3968,London
2025-05-23,Amazon,Data Warehouse,5,2762,13810,Manchester
2024-07-18,Amazon,AI Platform,6,1357,8142,Birmingham
2025-03-20,EY,Data Warehouse,6,1880,11280,Leeds
2024-06-22,PwC,AI Platform,5,1833,9165,Edinburgh
2025-08-26,Barclays,Data Warehouse,4,2542,10168,Edinburgh
2025-05-02,Infosys,Data Warehouse,3,4440,13320,Edinburgh
2024-03-01,PwC,Cloud Suite,3,1858,5574,Birmingham
2025-10-01,Infosys,CRM Software,2,3871,7742,Edinburgh
2024-05-04,Google,AI Platform,8,4253,34024,Birmingham
2024-11-26,Barclays,Data Warehouse,5,911,4555,Manchester
2025-10-14,PwC,AI Platform,8,1102,8816,Manchester
2024-01-26,Microsoft,Data Warehouse,5,879,4395,Edinburgh
2025-01-17,Deloitte,Data Warehouse,1,4427,4427,Leeds
2024-01-25,KPMG,Data Warehouse,3,3941,11823,Manchester
2024-08-09,HSBC,Analytics Dashboard,1,3887,3887,Birmingham
2025-03-08,Accenture,Data Warehouse,4,1867,7468,Edinburgh
2025-05-19,Microsoft,Analytics Dashboard,8,1560,12480,Leeds
2024-08-04,Deloitte,Analytics Dashboard,3,3227,9681,London
2024-09-20,Google,Data Warehouse,7,3921,27447,Birmingham
2024-08-18,Accenture,CRM Software,1,950,950,Birmingham
2024-07-23,HSBC,AI Platform,7,2722,19054,London
2024-09-17,Accenture,CRM Software,5,2865,14325,London
2025-08-08,KPMG,Analytics Dashboard,6,1723,10338,Leeds
2025-10-04,PwC,Analytics Dashboard,2,1768,3536,Manchester
2025-09-20,HSBC,Data Warehouse,3,1237,3711,Edinburgh
2025-07-29,Barclays,Cloud Suite,2,4918,9836,Edinburgh
2024-12-12,KPMG,Analytics Dashboard,1,744,744,Birmingham
2025-12-23,TCS,CRM Software,5,1870,9350,London
2024-03-04,EY,AI Platform,8,4502,36016,Edinburgh
2025-05-31,Google,AI Platform,7,1394,9758,Manchester
2024-10-06,Microsoft,Analytics Dashboard,2,813,1626,London
2025-11-13,Google,Cloud Suite,2,4867,9734,Edinburgh
2024-01-16,Google,Cloud Suite,9,1489,13401,London
2025-02-19,Amazon,Analytics Dashboard,5,3897,19485,Birmingham
2025-07-13,KPMG,Data Warehouse,7,2351,16457,Leeds
2024-11-08,Barclays,Analytics Dashboard,6,4526,27156,London
2025-12-14,TCS,Data Warehouse,6,3716,22296,Leeds
2025-08-20,Google,CRM Software,6,3807,22842,Edinburgh
2025-11-25,Accenture,Cloud Suite,6,600,3600,Manchester
2025-01-11,Google,Analytics Dashboard,7,4126,28882,Birmingham
2024-12-08,EY,CRM Software,8,1002,8016,Edinburgh
2025-01-28,Microsoft,AI Platform,6,1909,11454,London
2024-11-14,HSBC,AI Platform,9,1999,17991,Edinburgh
2025-06-30,Google,Data Warehouse,5,666,3330,Leeds
2024-02-01,Google,Cloud Suite,8,2031,16248,London
2025-11-02,Google,Analytics Dashboard,2,4324,8648,London
2024-04-15,HSBC,Analytics Dashboard,6,584,3504,Leeds
2025-12-28,Microsoft,CRM Software,8,4665,37320,Manchester
2025-03-13,EY,Cloud Suite,3,648,1944,Manchester
2024-01-10,EY,Data Warehouse,6,4155,24930,Leeds
2025-06-11,Barclays,AI Platform,1,4465,4465,Birmingham
2025-03-09,Deloitte,AI Platform,6,1082,6492,Birmingham
2025-07-14,HSBC,Data Warehouse,4,1539,6156,London
2024-06-21,Amazon,Analytics Dashboard,7,1627,11389,Edinburgh
2025-12-07,TCS,CRM Software,4,1678,6712,Birmingham
2024-06-13,Infosys,CRM Software,8,712,5696,Edinburgh
2024-06-05,Deloitte,Analytics Dashboard,3,1701,5103,Leeds
2025-10-06,Microsoft,AI Platform,9,4820,43380,London
2025-05-11,Deloitte,AI Platform,1,3882,3882,London
2025-04-19,Amazon,Data Warehouse,9,4961,44649,Edinburgh
2025-08-12,Barclays,CRM Software,9,3506,31554,London
2025-11-23,EY,Cloud Suite,3,2172,6516,Birmingham
2025-03-07,Deloitte,Cloud Suite,5,4478,22390,Manchester
2024-04-14,Barclays,CRM Software,4,2697,10788,Manchester
2024-01-16,HSBC,AI Platform,3,3848,11544,Edinburgh
2025-06-19,Google,Analytics Dashboard,2,1721,3442,Edinburgh
2025-10-12,Amazon,Data Warehouse,4,1422,5688,Birmingham
2024-10-09,HSBC,AI Platform,8,4639,37112,Leeds
2024-10-26,Infosys,Cloud Suite,7,1212,8484,London
2025-09-28,EY,AI Platform,2,4377,8754,Birmingham
2025-06-15,PwC,CRM Software,1,3265,3265,Birmingham
2024-10-30,Infosys,CRM Software,2,3178,6356,Edinburgh
2025-08-06,KPMG,CRM Software,8,4538,36304,Edinburgh
2025-12-30,Microsoft,Analytics Dashboard,3,2667,8001,Manchester
2025-09-21,HSBC,Analytics Dashboard,1,1893,1893,London
2024-09-13,Google,Data Warehouse,1,3200,3200,Leeds
2024-06-06,HSBC,Cloud Suite,5,4879,24395,Leeds
2024-02-11,Infosys,CRM Software,6,3196,19176,Leeds
2025-05-07,HSBC,Data Warehouse,6,618,3708,Birmingham
2024-11-19,Amazon,Data Warehouse,5,3085,15425,Edinburgh
2025-05-20,Accenture,Data Warehouse,6,3547,21282,Edinburgh
2024-01-21,PwC,Cloud Suite,3,693,2079,Edinburgh
2024-10-06,EY,Cloud Suite,8,3019,24152,Leeds
2025-11-27,KPMG,AI Platform,8,1229,9832,London
2024-06-19,KPMG,Cloud Suite,5,624,3120,London
2025-01-19,Google,Data Warehouse,8,4701,37608,Birmingham
2025-09-28,Barclays,Analytics Dashboard,3,3024,9072,Birmingham
2025-12-22,Amazon,Analytics Dashboard,8,4960,39680,Edinburgh
2025-10-22,EY,AI Platform,1,2809,2809,Leeds
2025-10-07,HSBC,Data Warehouse,4,3304,13216,London
2024-11-20,Accenture,Data Warehouse,5,4034,20170,Birmingham
2025-11-20,PwC,Analytics Dashboard,1,4460,4460,Manchester
2025-07-25,PwC,CRM Software,4,1864,7456,Edinburgh
2025-01-12,Deloitte,AI Platform,3,930,2790,Manchester
2024-04-27,TCS,Analytics Dashboard,4,3865,15460,Leeds
2024-05-20,TCS,Data Warehouse,2,1360,2720,Edinburgh
2024-09-25,Amazon,Cloud Suite,3,636,1908,Leeds
2024-12-16,Deloitte,Analytics Dashboard,2,4674,9348,Birmingham
2025-07-22,Amazon,Analytics Dashboard,6,2561,15366,Birmingham
2025-10-20,HSBC,Analytics Dashboard,4,2349,9396,Manchester
2025-11-10,Amazon,CRM Software,4,1741,6964,Leeds
2025-10-19,Amazon,CRM Software,3,4777,14331,London
2024-08-20,TCS,CRM Software,5,1608,8040,Edinburgh
2025-02-10,Microsoft,Analytics Dashboard,5,2740,13700,Birmingham
2025-08-23,Google,Data Warehouse,6,2080,12480,Edinburgh
2025-03-28,HSBC,Analytics Dashboard,1,4137,4137,Manchester
2024-03-12,Microsoft,Cloud Suite,8,3202,25616,Birmingham
2025-06-05,Microsoft,Analytics Dashboard,4,2198,8792,Birmingham
2024-09-21,Microsoft,Cloud Suite,2,2912,5824,Edinburgh
2025-02-02,Microsoft,Analytics Dashboard,3,1341,4023,Leeds
2024-06-22,Barclays,CRM Software,8,3772,30176,Birmingham
2024-01-07,Barclays,AI Platform,5,3425,17125,Leeds
2024-05-24,HSBC,CRM Software,5,2099,10495,Leeds
2025-10-04,Microsoft,AI Platform,6,4301,25806,Manchester
2024-09-02,TCS,Cloud Suite,9,3395,30555,Leeds
2025-04-22,Amazon,Data Warehouse,4,1726,6904,Edinburgh
2025-02-11,KPMG,Analytics Dashboard,5,4017,20085,Manchester
2025-07-14,Google,Analytics Dashboard,4,3409,13636,Birmingham
2024-11-11,Google,Data Warehouse,1,1820,1820,Edinburgh
2025-12-10,PwC,CRM Software,5,1532,7660,Leeds
2024-03-17,KPMG,Analytics Dashboard,5,1935,9675,Manchester
2025-05-12,HSBC,AI Platform,2,2818,5636,Birmingham
2025-04-16,EY,Data Warehouse,7,2584,18088,Leeds
2024-02-24,TCS,Analytics Dashboard,9,2001,18009,Edinburgh
2025-12-16,PwC,Cloud Suite,7,3279,22953,Leeds
2024-07-30,Infosys,Cloud Suite,2,4250,8500,Manchester
2024-05-30,EY,Data Warehouse,4,1278,5112,Manchester
2025-04-05,Amazon,AI Platform,8,3730,29840,Edinburgh
2024-07-04,Google,Data Warehouse,5,4553,22765,Edinburgh
2025-01-18,Accenture,CRM Software,4,4494,17976,Leeds
2025-03-11,Deloitte,Cloud Suite,6,1305,7830,Leeds
2024-06-29,PwC,Cloud Suite,6,2887,17322,Birmingham
2025-05-09,Accenture,Analytics Dashboard,8,604,4832,Manchester
2024-11-23,Infosys,CRM Software,5,1774,8870,Manchester
2024-03-04,KPMG,Data Warehouse,4,2576,10304,Birmingham
2025-03-12,Barclays,CRM Software,1,4164,4164,Birmingham
2025-09-24,Infosys,Cloud Suite,5,2780,13900,Birmingham
2024-07-18,KPMG,CRM Software,9,4644,41796,Manchester
2024-02-09,KPMG,AI Platform,9,4806,43254,Manchester
2025-03-08,PwC,CRM Software,3,2022,6066,Manchester
2024-11-05,PwC,Analytics Dashboard,9,2149,19341,London
2025-04-02,Microsoft,CRM Software,3,4906,14718,Manchester
2024-11-26,Infosys,Data Warehouse,8,3619,28952,London
2025-07-21,Microsoft,Cloud Suite,8,4328,34624,Leeds
2024-09-29,HSBC,Analytics Dashboard,9,3271,29439,Manchester
2024-04-23,EY,Analytics Dashboard,3,1544,4632,London
2024-05-12,Microsoft,Cloud Suite,9,1761,15849,Manchester
2024-09-30,Barclays,AI Platform,1,4703,4703,Edinburgh
2024-11-19,PwC,Analytics Dashboard,9,3675,33075,Leeds
2024-11-27,Accenture,AI Platform,1,1560,1560,Leeds
2024-02-12,Amazon,Analytics Dashboard,5,3853,19265,Edinburgh
2025-07-06,KPMG,CRM Software,9,3547,31923,Edinburgh
2024-03-09,Infosys,CRM Software,5,800,4000,Birmingham
2025-09-19,KPMG,AI Platform,3,3582,10746,Birmingham
2025-10-20,Microsoft,AI Platform,3,4263,12789,Edinburgh
2024-06-08,Barclays,Cloud Suite,1,3506,3506,London
2024-06-15,Amazon,Cloud Suite,7,1364,9548,London
2024-09-29,Microsoft,Analytics Dashboard,3,2897,8691,Leeds
2025-11-25,Amazon,Analytics Dashboard,7,4498,31486,Leeds
2024-03-21,HSBC,Analytics Dashboard,4,3458,13832,Birmingham
2025-01-01,Accenture,Cloud Suite,8,2657,21256,Leeds
2024-10-16,TCS,Analytics Dashboard,3,2174,6522,Edinburgh
2024-12-03,PwC,Data Warehouse,1,2539,2539,Birmingham
2025-09-16,PwC,AI Platform,3,2201,6603,London
2024-11-15,Microsoft,CRM Software,4,2110,8440,London
2024-07-18,Barclays,Cloud Suite,8,1404,11232,Leeds
2024-04-22,Google,Cloud Suite,5,605,3025,Birmingham
2024-12-29,HSBC,Data Warehouse,6,1652,9912,Birmingham
2025-11-29,TCS,Analytics Dashboard,8,1460,11680,Leeds
2024-08-13,KPMG,AI Platform,5,2391,11955,London
2025-05-05,PwC,Cloud Suite,6,4360,26160,Manchester
2024-08-08,PwC,Data Warehouse,9,1940,17460,Leeds
2024-12-13,Barclays,Data Warehouse,6,1646,9876,Edinburgh
2025-06-29,Amazon,Analytics Dashboard,6,3875,23250,Edinburgh
2024-02-05,Barclays,AI Platform,9,2239,20151,London
2024-02-24,Infosys,CRM Software,1,2854,2854,Leeds
2024-02-05,HSBC,AI Platform,1,1542,1542,Birmingham
2024-12-28,KPMG,Analytics Dashboard,1,4794,4794,Manchester
2025-07-21,PwC,AI Platform,9,4072,36648,London
2024-06-18,Infosys,Cloud Suite,3,1838,5514,Leeds
2025-01-01,HSBC,Data Warehouse,6,3975,23850,Birmingham
2025-08-31,Barclays,CRM Software,1,4490,4490,Manchester
2024-03-14,KPMG,Cloud Suite,7,887,6209,London
2024-10-25,PwC,CRM Software,8,3713,29704,London
2024-06-18,Deloitte,Cloud Suite,4,4111,16444,Birmingham
2024-09-25,Infosys,Cloud Suite,5,2115,10575,Manchester
2025-11-02,KPMG,Analytics Dashboard,3,2806,8418,Leeds
2024-05-14,Amazon,Analytics Dashboard,1,3938,3938,Birmingham
2024-03-14,Deloitte,Data Warehouse,6,4008,24048,Manchester
2025-03-30,Google,Analytics Dashboard,7,3580,25060,Birmingham
2025-12-30,HSBC,CRM Software,8,3429,27432,Birmingham
2025-06-05,Accenture,Analytics Dashboard,8,3812,30496,London
2024-01-16,Amazon,Data Warehouse,9,1556,14004,Birmingham
2024-07-21,Google,Cloud Suite,7,2378,16646,London
2025-12-20,Microsoft,CRM Software,9,3419,30771,Birmingham
2025-07-24,TCS,Cloud Suite,8,3356,26848,Manchester
2025-03-10,Microsoft,Cloud Suite,8,1976,15808,Manchester
2024-01-15,TCS,Data Warehouse,3,3851,11553,London
2024-02-17,Microsoft,AI Platform,1,959,959,Birmingham
2025-06-13,TCS,Analytics Dashboard,4,952,3808,London
2025-07-31,HSBC,AI Platform,3,682,2046,Manchester
2024-08-23,PwC,AI Platform,7,2870,20090,Edinburgh
2025-09-03,TCS,AI Platform,7,2081,14567,Edinburgh
2025-08-02,Deloitte,Analytics Dashboard,6,695,4170,Edinburgh
2024-01-20,KPMG,AI Platform,3,1949,5847,Edinburgh
2025-06-07,Amazon,Data Warehouse,8,527,4216,Leeds
2024-03-26,TCS,AI Platform,6,4781,28686,Edinburgh
2025-07-11,KPMG,AI Platform,6,4812,28872,London
2024-09-13,HSBC,Data Warehouse,3,2744,8232,Manchester
2024-04-16,Deloitte,CRM Software,3,4165,12495,Leeds
2025-09-18,Amazon,CRM Software,4,2563,10252,Manchester
2025-02-28,EY,Cloud Suite,1,3090,3090,Edinburgh
2025-07-15,EY,AI Platform,6,3038,18228,London
2025-03-19,EY,Analytics Dashboard,7,4127,28889,London
2024-11-14,Barclays,Cloud Suite,6,3810,22860,London
2025-02-02,EY,Analytics Dashboard,5,2542,12710,Leeds
2025-09-01,KPMG,Data Warehouse,3,3793,11379,Manchester
2024-09-12,TCS,AI Platform,3,2061,6183,London
2024-10-15,Accenture,AI Platform,7,1393,9751,Leeds
2025-09-28,Infosys,Data Warehouse,6,4585,27510,Manchester
2025-11-23,Google,Analytics Dashboard,5,3376,16880,Birmingham
2025-03-12,TCS,Cloud Suite,3,3822,11466,Birmingham
2025-04-26,Barclays,AI Platform,8,3508,28064,London
2024-11-23,Barclays,Cloud Suite,9,4071,36639,Manchester
2024-01-13,Barclays,AI Platform,7,1492,10444,Edinburgh
2024-12-22,TCS,Cloud Suite,3,3753,11259,Leeds
2024-06-14,EY,AI Platform,5,4939,24695,Manchester
2024-04-14,EY,Cloud Suite,9,3067,27603,Birmingham
2025-08-20,EY,AI Platform,9,1838,16542,Edinburgh
2025-08-01,EY,CRM Software,9,3634,32706,Birmingham
2025-04-07,PwC,CRM Software,1,1542,1542,Edinburgh
2025-02-22,Deloitte,AI Platform,6,2377,14262,Leeds
2024-08-12,Infosys,Analytics Dashboard,9,725,6525,Edinburgh
2024-11-18,TCS,Data Warehouse,5,4602,23010,London
2024-09-23,Barclays,Cloud Suite,3,2327,6981,Edinburgh
2025-12-15,Amazon,CRM Software,1,4738,4738,Edinburgh
2025-07-18,Infosys,AI Platform,8,4824,38592,Leeds
2024-07-03,PwC,Cloud Suite,7,3280,22960,Manchester
2024-09-28,Barclays,Analytics Dashboard,8,902,7216,Birmingham
2025-09-18,Deloitte,AI Platform,5,2794,13970,London
2024-10-07,Deloitte,Data Warehouse,7,3438,24066,Leeds
2025-12-29,Deloitte,Data Warehouse,6,1421,8526,Birmingham
2025-03-06,HSBC,Analytics Dashboard,2,1666,3332,Manchester
2025-06-23,EY,Data Warehouse,5,827,4135,Leeds
2024-04-28,EY,Cloud Suite,5,733,3665,Edinburgh
2024-02-20,Amazon,Analytics Dashboard,5,2323,11615,Edinburgh
2024-09-30,EY,Data Warehouse,4,1976,7904,Edinburgh
2025-11-03,KPMG,Analytics Dashboard,3,4189,12567,London
2025-09-25,Deloitte,AI Platform,4,3478,13912,Edinburgh
2025-08-04,Barclays,CRM Software,2,3564,7128,London
2024-08-10,PwC,CRM Software,1,1922,1922,Edinburgh
2025-03-05,Infosys,Data Warehouse,7,2998,20986,Leeds
2024-02-11,Infosys,CRM Software,4,3264,13056,Leeds
2025-05-13,PwC,CRM Software,5,1164,5820,Leeds
2025-10-22,TCS,AI Platform,4,1744,6976,Birmingham
2025-12-27,Google,Data Warehouse,4,3617,14468,London
2024-01-23,PwC,CRM Software,9,2544,22896,Edinburgh
2025-12-08,Deloitte,AI Platform,6,547,3282,Birmingham
2024-03-22,Google,Analytics Dashboard,6,1067,6402,Birmingham
2024-07-07,TCS,Data Warehouse,5,3857,19285,London
2025-01-28,Google,Data Warehouse,7,4106,28742,Birmingham
2025-09-20,Microsoft,CRM Software,5,4981,24905,Birmingham
2025-03-25,TCS,Cloud Suite,7,4953,34671,Edinburgh
2025-12-02,Barclays,Cloud Suite,2,3929,7858,London
2024-10-14,PwC,Analytics Dashboard,8,1696,13568,Birmingham
2024-01-28,Accenture,Analytics Dashboard,3,1182,3546,Birmingham
2024-09-28,HSBC,Data Warehouse,1,2229,2229,Manchester
2024-01-19,EY,CRM Software,9,964,8676,Birmingham
2024-07-09,Barclays,CRM Software,3,2135,6405,Birmingham
2024-10-21,PwC,AI Platform,8,2085,16680,Edinburgh
2024-10-28,EY,Data Warehouse,5,694,3470,Manchester
2024-12-16,Infosys,AI Platform,8,3431,27448,Leeds
2025-08-02,Amazon,Cloud Suite,9,2360,21240,Manchester
2025-10-15,Barclays,Data Warehouse,9,3334,30006,Leeds
2025-09-12,Google,CRM Software,1,4103,4103,London
2024-10-03,Microsoft,CRM Software,3,1558,4674,Edinburgh
2024-10-20,Accenture,Analytics Dashboard,4,3478,13912,Leeds
2024-05-10,TCS,Cloud Suite,6,784,4704,Leeds
2025-09-18,PwC,Analytics Dashboard,3,547,1641,London
2024-08-06,TCS,Analytics Dashboard,3,3915,11745,Leeds
2024-03-11,PwC,Analytics Dashboard,5,4826,24130,Manchester
2024-03-22,Amazon,Cloud Suite,1,4261,4261,Manchester
2025-12-04,Accenture,AI Platform,7,4086,28602,Birmingham
2025-05-27,Microsoft,AI Platform,2,1242,2484,London
2025-08-10,EY,AI Platform,8,3010,24080,Birmingham
2024-04-03,Microsoft,Data Warehouse,3,3016,9048,Leeds
2024-03-31,TCS,Analytics Dashboard,7,2225,15575,Manchester
2025-11-28,Google,AI Platform,7,3047,21329,Leeds
2025-04-27,TCS,CRM Software,5,2661,13305,Leeds
2025-05-22,Amazon,CRM Software,3,3491,10473,Manchester
2024-07-27,Accenture,Analytics Dashboard,9,1358,12222,London
2025-09-26,Deloitte,Data Warehouse,6,2890,17340,Birmingham
2025-11-11,EY,CRM Software,8,687,5496,Birmingham
2024-08-03,Infosys,AI Platform,8,4033,32264,Edinburgh
2025-05-09,Infosys,Analytics Dashboard,8,2300,18400,London
2024-04-17,Barclays,AI Platform,6,2022,12132,Edinburgh
2025-07-03,Deloitte,CRM Software,9,4123,37107,Manchester
2025-10-03,HSBC,Cloud Suite,2,1989,3978,Edinburgh
2024-02-28,Accenture,CRM Software,1,4553,4553,Manchester
2025-07-02,Microsoft,CRM Software,7,3225,22575,Edinburgh
2025-10-23,TCS,AI Platform,1,4441,4441,Leeds
2024-08-11,HSBC,Analytics Dashboard,6,2386,14316,London
2025-08-03,TCS,AI Platform,8,1497,11976,London
2025-07-19,EY,CRM Software,7,1076,7532,London
2024-02-23,Barclays,AI Platform,5,1278,6390,London
2025-01-07,HSBC,Data Warehouse,4,3535,14140,Edinburgh
2025-07-15,Accenture,Cloud Suite,1,3645,3645,Edinburgh
2024-01-15,Amazon,Analytics Dashboard,8,4281,34248,Leeds
2025-03-09,Microsoft,Analytics Dashboard,4,2752,11008,Leeds
2025-10-12,Microsoft,AI Platform,1,563,563,Leeds
2024-12-17,TCS,CRM Software,7,2177,15239,Birmingham
2025-01-23,PwC,AI Platform,2,1901,3802,Edinburgh
2024-12-03,KPMG,Data Warehouse,2,3631,7262,Edinburgh
2025-05-23,Microsoft,Cloud Suite,7,2298,16086,Birmingham
2025-04-15,Microsoft,CRM Software,1,2338,2338,London
2025-12-15,EY,Cloud Suite,7,2544,17808,Birmingham
2025-04-20,EY,AI Platform,2,3519,7038,London
2025-01-22,Barclays,AI Platform,8,4520,36160,Birmingham
2025-08-26,Amazon,Data Warehouse,5,2556,12780,Edinburgh
2024-06-27,Deloitte,CRM Software,5,1947,9735,Birmingham
2024-12-29,Accenture,AI Platform,3,1273,3819,London
2025-01-04,HSBC,Analytics Dashboard,3,1637,4911,Birmingham
2024-02-07,Deloitte,AI Platform,4,3969,15876,Manchester
2024-04-27,HSBC,Analytics Dashboard,3,4072,12216,Leeds
2024-07-31,KPMG,Analytics Dashboard,1,4968,4968,Birmingham
2025-11-03,PwC,Analytics Dashboard,8,4196,33568,Leeds
2025-07-03,Google,CRM Software,7,3806,26642,Manchester
2024-11-23,Accenture,Analytics Dashboard,4,708,2832,Birmingham
2025-10-17,HSBC,Cloud Suite,4,1618,6472,Manchester
2024-09-14,Amazon,Data Warehouse,6,720,4320,London
2024-07-21,PwC,Data Warehouse,7,4564,31948,London
2024-03-17,Barclays,Analytics Dashboard,7,1705,11935,Edinburgh
2024-07-13,EY,CRM Software,1,2316,2316,Edinburgh
2024-08-23,Infosys,AI Platform,7,3201,22407,Edinburgh
2024-03-07,Google,Analytics Dashboard,1,1689,1689,Manchester
2025-03-13,PwC,Analytics Dashboard,9,3153,28377,Edinburgh
2024-02-21,PwC,AI Platform,3,873,2619,Leeds
2025-05-31,PwC,Cloud Suite,9,4345,39105,Edinburgh
2025-07-23,Infosys,CRM Software,8,990,7920,Manchester
2025-01-17,HSBC,Cloud Suite,6,4746,28476,Birmingham
2025-10-04,TCS,Analytics Dashboard,4,2786,11144,Manchester
2025-12-04,Amazon,Cloud Suite,3,1150,3450,Edinburgh
2024-11-09,PwC,Cloud Suite,8,668,5344,Birmingham
2025-08-04,HSBC,CRM Software,8,4468,35744,London
2024-08-14,Infosys,Cloud Suite,2,2229,4458,Leeds
2024-01-10,Amazon,CRM Software,5,3616,18080,Birmingham
2025-01-16,Microsoft,Analytics Dashboard,1,3399,3399,Birmingham
2024-02-18,Infosys,Data Warehouse,9,4332,38988,London
2024-08-04,KPMG,Analytics Dashboard,4,2418,9672,Manchester
2025-05-01,Infosys,Analytics Dashboard,9,1642,14778,London
2025-01-26,Google,AI Platform,1,1362,1362,Leeds
2024-05-11,HSBC,Cloud Suite,1,1529,1529,London
2024-06-18,Microsoft,Cloud Suite,7,3640,25480,Manchester
2025-06-22,Deloitte,Cloud Suite,6,2696,16176,Birmingham
2024-04-01,Microsoft,Data Warehouse,6,726,4356,Birmingham
2025-07-21,Microsoft,Analytics Dashboard,9,3171,28539,Manchester
2024-12-10,Google,Cloud Suite,3,3821,11463,Manchester
2025-12-26,TCS,CRM Software,3,4162,12486,Birmingham
2025-08-25,Barclays,AI Platform,6,1847,11082,Manchester
2024-07-09,KPMG,AI Platform,4,1315,5260,Manchester
2024-03-03,HSBC,CRM Software,6,4013,24078,Birmingham
2024-05-05,Amazon,CRM Software,3,4039,12117,Birmingham
2024-08-15,TCS,Cloud Suite,8,4882,39056,Birmingham
2024-01-26,EY,Cloud Suite,4,3989,15956,Leeds
2024-02-11,HSBC,CRM Software,3,3423,10269,Birmingham
2025-01-18,Deloitte,Cloud Suite,7,3506,24542,London
2024-04-04,TCS,CRM Software,2,2570,5140,London
2024-02-08,Microsoft,Analytics Dashboard,2,1191,2382,London
2024-01-22,HSBC,Analytics Dashboard,6,1419,8514,Birmingham
2024-05-18,Deloitte,Analytics Dashboard,9,1075,9675,Leeds
2025-02-27,EY,Analytics Dashboard,9,3866,34794,Manchester
2024-12-02,Deloitte,CRM Software,3,3696,11088,Manchester
2024-08-31,Microsoft,CRM Software,5,4137,20685,Edinburgh
2025-01-14,HSBC,CRM Software,7,3728,26096,Edinburgh
2024-10-14,Accenture,Analytics Dashboard,2,660,1320,Leeds
2025-02-05,Barclays,Data Warehouse,9,3022,27198,Manchester
2024-11-07,EY,CRM Software,2,2020,4040,Manchester
2025-09-18,Barclays,CRM Software,5,4767,23835,Manchester
2024-01-09,Infosys,Data Warehouse,1,3740,3740,Manchester
2024-12-08,EY,Cloud Suite,2,4127,8254,Leeds
2024-10-11,EY,Analytics Dashboard,6,699,4194,Leeds
2024-05-15,Accenture,Data Warehouse,4,4536,18144,Edinburgh
2025-10-28,Barclays,CRM Software,5,2352,11760,Manchester
2025-01-22,EY,CRM Software,6,2958,17748,Edinburgh
2025-07-13,Infosys,Data Warehouse,3,974,2922,Manchester
2025-08-26,HSBC,AI Platform,3,4365,13095,Manchester
2025-12-28,Google,Data Warehouse,7,3809,26663,Birmingham
2024-02-25,PwC,CRM Software,6,4633,27798,Edinburgh
2025-12-29,Google,Data Warehouse,6,2804,16824,Manchester
2024-07-27,Amazon,AI Platform,5,3403,17015,Manchester
2025-08-18,Deloitte,CRM Software,4,1738,6952,Birmingham
2025-10-19,KPMG,AI Platform,3,1402,4206,Manchester
2024-01-30,Amazon,Analytics Dashboard,9,1486,13374,Leeds
2024-12-03,Deloitte,CRM Software,6,2586,15516,London
2025-11-12,Accenture,Analytics Dashboard,6,4080,24480,Birmingham
2024-06-05,Microsoft,AI Platform,1,3402,3402,Birmingham
2025-03-31,TCS,Cloud Suite,8,3707,29656,Birmingham
2024-01-26,Google,Analytics Dashboard,9,3457,31113,Birmingham
2024-09-15,Amazon,Analytics Dashboard,2,2212,4424,Birmingham
2024-05-02,PwC,Cloud Suite,8,996,7968,Leeds
2024-02-09,Accenture,Cloud Suite,7,2331,16317,London
2025-06-02,TCS,AI Platform,2,2884,5768,London
2025-08-25,TCS,Data Warehouse,1,506,506,Birmingham
2024-12-15,Deloitte,Analytics Dashboard,2,4505,9010,Birmingham
2024-07-01,Amazon,CRM Software,4,3806,15224,Birmingham
2024-07-18,EY,AI Platform,5,1901,9505,Edinburgh
2025-06-29,Barclays,Cloud Suite,9,4585,41265,Manchester
2025-11-12,KPMG,Data Warehouse,9,2662,23958,Leeds
2025-05-07,Deloitte,AI Platform,4,1015,4060,Birmingham
2025-11-18,TCS,Cloud Suite,6,2840,17040,Manchester
2024-08-18,Google,Cloud Suite,9,1205,10845,London
2025-05-14,HSBC,CRM Software,2,1469,2938,Birmingham
2024-06-22,Google,CRM Software,6,2617,15702,Edinburgh
2024-12-06,Infosys,AI Platform,2,2541,5082,Birmingham
2025-09-18,Deloitte,Data Warehouse,2,3952,7904,London
2024-04-29,Accenture,AI Platform,6,4554,27324,Edinburgh
2025-08-12,Microsoft,Cloud Suite,9,4563,41067,London
2025-12-13,PwC,AI Platform,7,1649,11543,Leeds
2025-12-07,Amazon,Cloud Suite,4,955,3820,Leeds
2024-07-28,EY,Cloud Suite,8,1395,11160,Leeds
2025-07-29,PwC,Data Warehouse,6,559,3354,Manchester
2024-02-25,Microsoft,Data Warehouse,1,2294,2294,Manchester
2025-07-20,EY,Data Warehouse,8,3921,31368,London
2025-03-12,KPMG,AI Platform,1,1582,1582,Leeds
2024-08-12,EY,Analytics Dashboard,7,4585,32095,Manchester
2025-09-09,TCS,Data Warehouse,7,2882,20174,London
2024-01-03,KPMG,AI Platform,5,1404,7020,Leeds
2025-04-21,Microsoft,AI Platform,2,1528,3056,Birmingham
2024-12-10,EY,Data Warehouse,3,1887,5661,Manchester
2024-11-30,Infosys,Analytics Dashboard,3,3400,10200,Leeds
2025-09-25,Accenture,Data Warehouse,2,3947,7894,Edinburgh
2024-12-29,Microsoft,CRM Software,6,4688,28128,Manchester
2024-07-24,HSBC,Analytics Dashboard,3,1243,3729,Birmingham
2025-07-17,Barclays,Cloud Suite,7,4584,32088,Leeds
2025-07-23,HSBC,CRM Software,2,2064,4128,Leeds
2024-02-27,Amazon,Analytics Dashboard,7,3448,24136,Manchester
2025-01-07,EY,Cloud Suite,6,4762,28572,Birmingham
2025-08-29,Microsoft,CRM Software,7,1059,7413,Leeds
2024-09-28,EY,AI Platform,5,1420,7100,Edinburgh
2024-08-06,Microsoft,AI Platform,5,3161,15805,Edinburgh
2024-09-07,KPMG,AI Platform,4,3542,14168,London
2024-02-13,Amazon,Analytics Dashboard,2,4654,9308,Manchester
2025-08-16,Deloitte,AI Platform,6,3487,20922,Birmingham
2024-01-03,Accenture,Data Warehouse,3,3813,11439,Edinburgh
2025-08-09,Barclays,Analytics Dashboard,5,1184,5920,Birmingham
2024-07-15,Accenture,Analytics Dashboard,3,1796,5388,Birmingham
2025-09-16,Accenture,AI Platform,1,3074,3074,Manchester
2025-09-15,Deloitte,Analytics Dashboard,9,1827,16443,Manchester
2024-11-18,Amazon,AI Platform,6,2957,17742,Manchester
2025-08-24,Amazon,AI Platform,8,1982,15856,Manchester
2025-02-17,EY,Cloud Suite,7,4097,28679,Edinburgh
2024-04-27,Amazon,CRM Software,5,3597,17985,London
2025-06-21,Accenture,CRM Software,5,1818,9090,Manchester
2024-06-07,KPMG,Analytics Dashboard,9,2396,21564,London
2024-12-11,TCS,Cloud Suite,5,1539,7695,Birmingham
2024-04-27,TCS,AI Platform,2,2524,5048,Birmingham
2024-10-07,HSBC,CRM Software,2,4845,9690,Birmingham
2025-11-16,Barclays,AI Platform,4,2914,11656,London
2024-04-29,KPMG,Analytics Dashboard,8,2105,16840,London
2024-07-01,Google,AI Platform,5,3956,19780,London
2025-09-14,HSBC,Analytics Dashboard,4,1890,7560,Edinburgh
2025-09-09,HSBC,Analytics Dashboard,6,4776,28656,Manchester
2024-08-25,Accenture,Data Warehouse,4,4930,19720,London
2024-09-27,Accenture,Data Warehouse,2,1907,3814,Manchester
2025-01-11,KPMG,Data Warehouse,3,4727,14181,London
2025-05-15,Accenture,Data Warehouse,5,634,3170,Leeds
2025-02-10,KPMG,Data Warehouse,1,2272,2272,Edinburgh
2024-11-20,EY,Cloud Suite,7,3280,22960,Manchester
2024-06-27,KPMG,Data Warehouse,9,4472,40248,London
2025-03-02,PwC,AI Platform,7,4980,34860,Leeds
2025-02-28,TCS,CRM Software,6,1994,11964,Leeds
2024-02-22,Google,CRM Software,5,4536,22680,Manchester
2025-03-08,KPMG,Analytics Dashboard,7,1963,13741,Leeds
2024-02-27,Accenture,Cloud Suite,5,681,3405,London
2025-08-29,Deloitte,AI Platform,5,3154,15770,Leeds
2025-12-02,Deloitte,Analytics Dashboard,4,4830,19320,Edinburgh
2025-08-28,Accenture,Data Warehouse,5,4080,20400,Birmingham
2025-02-26,Barclays,Cloud Suite,6,3682,22092,Edinburgh
2025-11-09,Infosys,AI Platform,1,3292,3292,London
2024-07-06,Infosys,Cloud Suite,3,3011,9033,Birmingham
2025-06-22,Microsoft,AI Platform,1,815,815,Birmingham
2025-09-12,Barclays,Data Warehouse,8,1458,11664,London
2025-10-08,Infosys,AI Platform,2,2551,5102,Manchester
2024-11-23,HSBC,CRM Software,5,4408,22040,Birmingham
2024-04-03,Deloitte,CRM Software,4,3045,12180,Manchester
2024-04-21,Microsoft,AI Platform,8,4162,33296,Manchester
2025-08-08,Deloitte,AI Platform,1,1044,1044,London
2025-05-18,HSBC,CRM Software,4,4835,19340,Manchester
2024-01-31,TCS,Data Warehouse,8,2219,17752,London
2024-10-17,Accenture,Analytics Dashboard,2,4277,8554,London
2024-02-05,HSBC,Cloud Suite,9,1241,11169,Leeds
2025-03-17,Infosys,Cloud Suite,6,4960,29760,Edinburgh
2025-08-28,EY,Analytics Dashboard,5,764,3820,Leeds
2025-10-27,Barclays,Analytics Dashboard,3,881,2643,London
2024-05-22,HSBC,Analytics Dashboard,9,4157,37413,London
2024-07-10,Infosys,Data Warehouse,7,3359,23513,Manchester
2025-04-17,EY,Data Warehouse,8,2550,20400,Manchester
2025-05-18,Microsoft,Analytics Dashboard,8,3854,30832,Birmingham
2024-11-21,Accenture,AI Platform,6,3972,23832,Manchester
2024-12-27,KPMG,Data Warehouse,4,4092,16368,London
2024-03-29,Amazon,Analytics Dashboard,7,4818,33726,Manchester
2025-11-13,Deloitte,CRM Software,5,3658,18290,Edinburgh
2025-01-14,Accenture,CRM Software,8,3315,26520,Leeds
2025-01-18,Accenture,Data Warehouse,8,3401,27208,Birmingham
2025-04-05,Microsoft,AI Platform,4,2202,8808,London
2025-01-17,HSBC,AI Platform,9,2314,20826,London
2025-12-18,Accenture,Cloud Suite,6,1481,8886,Manchester
2025-12-29,EY,CRM Software,9,4994,44946,Leeds
2025-04-19,Accenture,Analytics Dashboard,5,1647,8235,Leeds
2025-09-12,TCS,Data Warehouse,1,3689,3689,Leeds
2024-09-07,Accenture,Cloud Suite,5,3697,18485,Birmingham
2025-08-23,EY,AI Platform,9,3928,35352,Manchester
2024-08-24,TCS,CRM Software,7,4407,30849,Leeds
2024-04-14,Accenture,CRM Software,1,990,990,Edinburgh
2024-06-16,Accenture,Data Warehouse,7,2404,16828,London
2025-09-18,EY,Data Warehouse,5,3250,16250,London
2024-09-18,KPMG,AI Platform,6,4792,28752,Edinburgh
2025-09-15,HSBC,AI Platform,3,4036,12108,Leeds
2024-07-15,Microsoft,Analytics Dashboard,2,3142,6284,Manchester
2025-06-21,Deloitte,Analytics Dashboard,4,3466,13864,London
2024-08-07,HSBC,Data Warehouse,1,4085,4085,Manchester
2024-02-01,Amazon,Cloud Suite,7,2213,15491,London
2025-11-02,HSBC,Data Warehouse,1,614,614,Manchester
2024-08-09,Barclays,Analytics Dashboard,5,925,4625,Manchester
2024-02-29,HSBC,Analytics Dashboard,8,1908,15264,Manchester
2024-02-11,Infosys,CRM Software,4,712,2848,Manchester
2024-09-24,Infosys,Analytics Dashboard,2,2258,4516,Birmingham
2025-10-22,Google,Cloud Suite,7,4721,33047,London
2024-11-13,TCS,CRM Software,6,1015,6090,Leeds
2025-11-10,Microsoft,Data Warehouse,4,3756,15024,Birmingham
2025-08-07,PwC,CRM Software,7,3655,25585,Edinburgh
2024-09-09,PwC,Cloud Suite,8,3089,24712,Edinburgh
2025-08-31,TCS,Cloud Suite,5,747,3735,London
2024-12-14,KPMG,Analytics Dashboard,6,4172,25032,Manchester
2025-08-08,Microsoft,CRM Software,6,3040,18240,Birmingham
2024-09-08,EY,CRM Software,7,4682,32774,Birmingham
2024-03-20,EY,Analytics Dashboard,2,3881,7762,Leeds
2025-04-29,Microsoft,AI Platform,7,1725,12075,London
2025-05-24,PwC,Analytics Dashboard,5,2082,10410,London
2025-11-20,Microsoft,CRM Software,3,2017,6051,Edinburgh
2025-06-30,EY,AI Platform,7,1996,13972,Leeds
2024-11-09,TCS,Data Warehouse,3,548,1644,Edinburgh
2025-04-07,Barclays,Cloud Suite,7,4160,29120,Birmingham
2025-05-10,Infosys,Cloud Suite,5,3317,16585,London
2024-06-24,HSBC,AI Platform,9,3857,34713,London
2024-09-16,PwC,Analytics Dashboard,4,2146,8584,Manchester
2024-02-06,HSBC,CRM Software,9,848,7632,Edinburgh
2025-06-26,PwC,Data Warehouse,6,3117,18702,Leeds
2024-06-29,KPMG,Cloud Suite,4,847,3388,Leeds
2025-02-18,Google,Data Warehouse,1,3100,3100,Manchester
2024-07-06,HSBC,Cloud Suite,4,663,2652,Birmingham
2025-09-27,Amazon,CRM Software,3,3158,9474,Edinburgh
2025-11-07,Microsoft,Analytics Dashboard,7,4719,33033,Leeds
2024-12-14,Amazon,Data Warehouse,3,1212,3636,London
2024-04-07,Amazon,CRM Software,1,1948,1948,London
2025-02-27,HSBC,Analytics Dashboard,6,1092,6552,Manchester
2024-03-27,KPMG,CRM Software,9,4792,43128,Leeds
2024-03-23,Infosys,CRM Software,6,2753,16518,Birmingham
2025-01-12,Infosys,Analytics Dashboard,4,4957,19828,Leeds
2025-10-19,Google,Data Warehouse,4,2226,8904,Edinburgh
2025-01-26,Barclays,Analytics Dashboard,9,4967,44703,London
2024-05-02,Amazon,AI Platform,7,1017,7119,London
2024-10-14,EY,Data Warehouse,9,1197,10773,Birmingham
2025-04-19,Amazon,CRM Software,1,1010,1010,Manchester
2024-07-31,Deloitte,AI Platform,3,1866,5598,London
2024-09-16,EY,Analytics Dashboard,5,1784,8920,Leeds
2024-04-15,Google,Data Warehouse,7,2245,15715,Edinburgh
2024-08-07,Amazon,Cloud Suite,2,1472,2944,Birmingham
2025-05-17,Amazon,Data Warehouse,8,1090,8720,Edinburgh
2025-01-04,Barclays,Data Warehouse,8,1189,9512,Edinburgh
2025-05-26,HSBC,Analytics Dashboard,3,2356,7068,Leeds
2024-04-24,KPMG,Cloud Suite,7,3487,24409,Edinburgh
2025-08-12,Infosys,Data Warehouse,6,1280,7680,Manchester
2025-07-09,Deloitte,Cloud Suite,9,3083,27747,Leeds
2025-02-05,TCS,CRM Software,2,3762,7524,Edinburgh
2025-11-07,Google,AI Platform,3,511,1533,Leeds
2024-10-28,Microsoft,Data Warehouse,7,4056,28392,London
2024-12-31,EY,Analytics Dashboard,1,660,660,London
2024-06-23,Microsoft,CRM Software,1,4354,4354,Birmingham
2025-03-27,Deloitte,Cloud Suite,5,946,4730,Leeds
2024-08-30,Barclays,CRM Software,6,878,5268,Edinburgh
2025-05-27,Barclays,CRM Software,8,2513,20104,Edinburgh
2024-01-12,Accenture,Data Warehouse,3,3523,10569,Manchester
2025-01-30,Deloitte,CRM Software,4,4576,18304,Leeds
2024-03-14,TCS,Cloud Suite,8,4519,36152,London
2024-11-10,Microsoft,AI Platform,3,2666,7998,Birmingham
2025-07-21,HSBC,Analytics Dashboard,5,3676,18380,Manchester
2025-08-14,PwC,Cloud Suite,3,4158,12474,Birmingham
2024-05-06,Barclays,Cloud Suite,9,3478,31302,London
2025-07-09,Google,CRM Software,8,4259,34072,Leeds
2024-09-13,Infosys,CRM Software,8,1305,10440,Edinburgh
2025-07-05,PwC,Data Warehouse,1,1111,1111,Edinburgh
2025-05-21,Deloitte,Analytics Dashboard,3,3311,9933,Birmingham
2024-07-09,Google,Analytics Dashboard,1,1886,1886,Birmingham
2025-11-10,HSBC,Analytics Dashboard,8,729,5832,Birmingham
2025-02-24,Deloitte,Data Warehouse,9,2922,26298,Birmingham
2024-11-28,Microsoft,Analytics Dashboard,5,1442,7210,Leeds
2025-07-19,Google,AI Platform,8,2234,17872,London
2024-01-16,Microsoft,Analytics Dashboard,7,1566,10962,Leeds
2024-10-10,KPMG,Cloud Suite,6,4980,29880,Leeds
2024-07-26,Deloitte,Cloud Suite,9,1207,10863,Birmingham
2024-12-25,EY,CRM Software,5,3064,15320,Birmingham
2025-10-23,TCS,CRM Software,4,2853,11412,Edinburgh
2024-10-19,PwC,Data Warehouse,3,4455,13365,Manchester
2025-05-21,KPMG,Cloud Suite,8,3251,26008,Edinburgh
2025-04-21,Google,Analytics Dashboard,4,749,2996,Edinburgh
2025-07-25,Accenture,Data Warehouse,6,1865,11190,Manchester
2025-04-24,TCS,Cloud Suite,9,3378,30402,Leeds
2024-03-19,Infosys,CRM Software,7,4179,29253,Manchester
2025-09-12,Infosys,AI Platform,3,4244,12732,London
2025-08-28,KPMG,CRM Software,4,3462,13848,Birmingham
2025-07-26,Barclays,AI Platform,1,4971,4971,Edinburgh
2025-08-17,Infosys,Cloud Suite,3,2507,7521,Manchester
2024-05-09,TCS,AI Platform,5,1128,5640,London
2024-11-21,Infosys,Analytics Dashboard,5,4474,22370,Leeds
2025-10-22,Accenture,Cloud Suite,1,1825,1825,Leeds
2024-08-08,Accenture,Analytics Dashboard,7,2843,19901,Birmingham
2024-10-18,TCS,Data Warehouse,6,848,5088,Birmingham
2025-03-25,Microsoft,Analytics Dashboard,9,1022,9198,Edinburgh
2025-04-05,Barclays,Data Warehouse,2,1768,3536,London
2025-08-31,EY,Cloud Suite,3,1252,3756,London
2025-03-22,Deloitte,AI Platform,2,4821,9642,Leeds
2024-12-26,PwC,Cloud Suite,4,1756,7024,Leeds
2024-06-07,TCS,CRM Software,4,3664,14656,Edinburgh
2025-02-07,KPMG,Data Warehouse,4,2341,9364,London
2025-10-28,Microsoft,AI Platform,4,4788,19152,Birmingham
2024-04-22,Infosys,AI Platform,8,1022,8176,Leeds
2025-12-17,Amazon,Data Warehouse,9,4094,36846,Manchester
2025-08-15,TCS,CRM Software,4,1799,7196,London
2024-10-23,Barclays,Analytics Dashboard,4,4090,16360,Manchester
2024-09-08,Barclays,Analytics Dashboard,8,2228,17824,London
2025-08-24,PwC,Cloud Suite,6,4943,29658,Edinburgh
2024-11-14,Barclays,AI Platform,7,1147,8029,London
2024-08-12,Accenture,AI Platform,3,3015,9045,Leeds
2024-06-11,Deloitte,CRM Software,8,4102,32816,Manchester
2025-04-25,EY,Analytics Dashboard,2,4747,9494,Birmingham
2024-04-02,Accenture,Data Warehouse,9,4512,40608,Manchester
2024-02-18,KPMG,CRM Software,7,1760,12320,Manchester
2025-01-02,Amazon,AI Platform,6,2574,15444,Birmingham
2024-09-21,PwC,Cloud Suite,7,3810,26670,London
2025-12-05,Amazon,Data Warehouse,2,2354,4708,Birmingham
2025-07-14,Infosys,Data Warehouse,2,2883,5766,Leeds
2025-05-31,Deloitte,Cloud Suite,6,2183,13098,Manchester
2025-04-05,TCS,Cloud Suite,6,2772,16632,Edinburgh
2024-09-13,Infosys,CRM Software,9,2763,24867,Birmingham
2024-10-09,TCS,CRM Software,7,671,4697,Edinburgh
2025-01-19,Infosys,Data Warehouse,4,3121,12484,Edinburgh
2024-11-30,Amazon,Analytics Dashboard,2,4892,9784,London
2025-05-03,TCS,Data Warehouse,2,4936,9872,Edinburgh
2024-11-01,Infosys,CRM Software,6,3832,22992,Manchester
2025-10-23,Barclays,Data Warehouse,2,1395,2790,London
2024-12-18,Infosys,Data Warehouse,6,3263,19578,Edinburgh
2024-01-31,TCS,Cloud Suite,8,3955,31640,Birmingham
2025-11-16,EY,AI Platform,8,3922,31376,Leeds
2024-10-09,TCS,CRM Software,7,2695,18865,Leeds
2025-01-04,TCS,Cloud Suite,3,2781,8343,Birmingham
2025-09-27,PwC,CRM Software,4,1810,7240,Manchester
2024-10-20,Deloitte,Data Warehouse,8,1833,14664,Edinburgh
2025-09-18,KPMG,Cloud Suite,6,4296,25776,Leeds
2025-07-30,Amazon,Analytics Dashboard,4,4917,19668,Leeds
2025-01-29,HSBC,Cloud Suite,7,4049,28343,Leeds
2025-02-15,Infosys,CRM Software,3,1104,3312,Birmingham
2024-12-22,Amazon,Analytics Dashboard,2,2778,5556,Manchester
2025-07-05,PwC,Analytics Dashboard,4,1424,5696,Birmingham
2024-02-27,KPMG,Cloud Suite,9,4962,44658,London
2025-02-10,Barclays,Analytics Dashboard,3,910,2730,Birmingham
2024-06-06,PwC,CRM Software,6,2312,13872,Birmingham
2025-09-12,PwC,Cloud Suite,3,2751,8253,Edinburgh
2024-10-28,Infosys,Analytics Dashboard,5,1228,6140,Manchester
2025-09-30,Accenture,Analytics Dashboard,2,2609,5218,Leeds
2025-05-19,EY,Analytics Dashboard,5,4558,22790,London
2024-09-29,PwC,CRM Software,5,2722,13610,Manchester
2024-08-03,Infosys,AI Platform,7,3383,23681,Birmingham
2024-10-06,EY,Analytics Dashboard,2,602,1204,Manchester
2025-09-28,HSBC,Analytics Dashboard,1,4006,4006,Manchester
2025-11-30,Infosys,Data Warehouse,1,4232,4232,Birmingham
2025-04-17,TCS,Cloud Suite,6,3029,18174,Birmingham
2024-04-20,Accenture,Cloud Suite,8,1650,13200,Birmingham
2024-02-11,Amazon,Cloud Suite,7,4470,31290,Leeds
2025-02-02,Barclays,CRM Software,6,1243,7458,Birmingham
2025-04-08,KPMG,AI Platform,2,4893,9786,London
2024-01-16,HSBC,Cloud Suite,4,606,2424,Birmingham
2024-12-02,Amazon,Analytics Dashboard,6,3357,20142,Edinburgh
2025-08-02,Amazon,Analytics Dashboard,9,4136,37224,London
2024-05-12,Barclays,Cloud Suite,7,4945,34615,Leeds
2025-03-30,Deloitte,Analytics Dashboard,3,1821,5463,Edinburgh
2024-10-06,Google,CRM Software,5,1911,9555,Leeds
2024-02-22,Accenture,AI Platform,6,860,5160,Leeds
2025-12-01,Google,CRM Software,4,4047,16188,Birmingham
2024-04-06,Google,AI Platform,2,2266,4532,Manchester
2024-11-28,PwC,CRM Software,3,3279,9837,Edinburgh
2024-08-31,Barclays,Analytics Dashboard,9,3209,28881,Manchester
2024-06-03,PwC,Cloud Suite,4,1547,6188,Birmingham
2024-10-18,Infosys,AI Platform,8,4420,35360,Leeds
2025-12-14,Accenture,AI Platform,3,1911,5733,Manchester
2025-04-19,HSBC,Data Warehouse,6,4178,25068,Leeds
2024-11-15,KPMG,Cloud Suite,8,3840,30720,Edinburgh
2024-01-25,HSBC,CRM Software,9,4769,42921,London
2025-01-28,Accenture,AI Platform,9,1818,16362,Leeds
2025-02-15,TCS,Data Warehouse,3,1824,5472,Edinburgh
2024-07-07,KPMG,Analytics Dashboard,3,2074,6222,London
2024-06-11,HSBC,Analytics Dashboard,4,2313,9252,Leeds
2025-01-24,EY,AI Platform,6,3900,23400,Edinburgh
2025-11-13,Accenture,Cloud Suite,2,658,1316,Leeds
2024-01-02,HSBC,Analytics Dashboard,6,4910,29460,Leeds
2025-12-16,EY,CRM Software,6,745,4470,London
2024-06-12,Accenture,AI Platform,9,4746,42714,Leeds
2025-05-01,TCS,Cloud Suite,1,1628,1628,Manchester
2024-03-05,EY,CRM Software,5,4289,21445,Edinburgh
2024-11-26,PwC,CRM Software,4,4866,19464,Edinburgh
2025-12-11,HSBC,Analytics Dashboard,5,3455,17275,Leeds
2025-07-11,HSBC,Data Warehouse,5,4643,23215,Birmingham
2025-04-21,Barclays,AI Platform,4,4105,16420,Birmingham
2025-03-21,Deloitte,Analytics Dashboard,8,4579,36632,Manchester
2024-04-14,PwC,Cloud Suite,5,1524,7620,Edinburgh
2025-06-21,EY,Data Warehouse,6,1007,6042,Edinburgh
2025-11-11,HSBC,CRM Software,8,4723,37784,Leeds
2024-09-25,KPMG,Analytics Dashboard,3,3046,9138,Leeds
2025-05-17,TCS,Analytics Dashboard,1,1571,1571,Edinburgh
2024-06-24,PwC,Analytics Dashboard,9,4742,42678,Manchester
2024-11-28,TCS,AI Platform,4,3906,15624,London
2025-02-14,Infosys,Data Warehouse,5,4009,20045,Edinburgh
2025-02-07,KPMG,Cloud Suite,2,879,1758,Leeds
2025-02-24,EY,Analytics Dashboard,2,4951,9902,Birmingham
2025-06-16,Deloitte,CRM Software,1,568,568,Birmingham
2024-02-21,Deloitte,Data Warehouse,7,1990,13930,Manchester
2025-12-30,Deloitte,Analytics Dashboard,4,3115,12460,Edinburgh
2025-06-04,Deloitte,AI Platform,5,3481,17405,Birmingham
2024-06-20,Infosys,Analytics Dashboard,4,4437,17748,Leeds
2025-02-12,Accenture,CRM Software,8,1858,14864,Birmingham
2025-11-20,EY,Data Warehouse,1,3666,3666,London
2024-06-16,Google,Analytics Dashboard,4,3594,14376,Manchester
2025-10-31,Accenture,AI Platform,6,3367,20202,London
2025-12-29,Barclays,Cloud Suite,8,2680,21440,Edinburgh
2025-11-25,Google,Cloud Suite,7,959,6713,Manchester
2025-04-26,Microsoft,AI Platform,2,1367,2734,Birmingham
2025-01-28,Amazon,Analytics Dashboard,9,3728,33552,Edinburgh
2024-12-04,Amazon,CRM Software,8,3353,26824,Birmingham
2024-05-19,TCS,Cloud Suite,1,4407,4407,London
2025-06-13,PwC,Data Warehouse,6,2210,13260,Leeds
2025-11-03,HSBC,CRM Software,9,3161,28449,Edinburgh
2025-09-09,Accenture,CRM Software,8,3924,31392,Edinburgh
2024-01-01,Google,CRM Software,8,3009,24072,Birmingham
2025-12-13,Microsoft,Analytics Dashboard,4,1060,4240,Manchester
2025-09-30,Amazon,AI Platform,1,2238,2238,Edinburgh
2024-10-11,Deloitte,Data Warehouse,3,1893,5679,Edinburgh
2025-01-29,Amazon,CRM Software,6,1429,8574,Birmingham
2025-01-14,Microsoft,AI Platform,7,1749,12243,Birmingham
2024-10-06,TCS,Cloud Suite,4,1477,5908,Edinburgh
2025-06-18,HSBC,CRM Software,9,1400,12600,Birmingham
2024-07-28,PwC,Analytics Dashboard,7,2209,15463,Manchester
2025-07-21,PwC,Cloud Suite,6,2000,12000,London
2025-05-13,KPMG,CRM Software,7,4344,30408,Leeds
2024-05-18,Google,Cloud Suite,7,3759,26313,Manchester
2025-08-01,HSBC,CRM Software,6,2010,12060,Birmingham
2025-02-20,HSBC,Data Warehouse,1,4906,4906,Leeds
2024-10-19,Deloitte,Data Warehouse,3,1979,5937,London
2024-08-23,HSBC,AI Platform,1,2282,2282,Birmingham
2024-01-30,Google,Data Warehouse,9,4833,43497,Birmingham
2024-11-14,Infosys,AI Platform,2,2137,4274,Edinburgh
2024-07-25,Google,CRM Software,5,1082,5410,Leeds
2024-05-15,Amazon,Cloud Suite,2,2898,5796,London
2024-08-02,Infosys,Data Warehouse,9,2553,22977,Leeds
2024-03-27,Google,Data Warehouse,3,3638,10914,Manchester
2024-09-04,TCS,CRM Software,3,4370,13110,Edinburgh
2025-12-25,Google,CRM Software,9,4710,42390,London
2024-07-29,EY,Cloud Suite,8,1946,15568,Birmingham
2024-05-06,EY,Analytics Dashboard,6,2096,12576,Birmingham
2025-05-14,Barclays,AI Platform,7,4558,31906,London
2024-04-16,TCS,CRM Software,9,4973,44757,London
2025-11-13,Amazon,Data Warehouse,2,1072,2144,Leeds
2025-07-14,Infosys,Data Warehouse,6,3746,22476,Birmingham
2025-05-23,TCS,Data Warehouse,7,1556,10892,Manchester
2025-04-27,EY,CRM Software,4,1693,6772,Birmingham
2025-12-03,Google,Data Warehouse,6,2981,17886,Manchester
2025-07-16,Microsoft,Cloud Suite,8,1354,10832,Manchester
2024-07-27,Barclays,Analytics Dashboard,8,2722,21776,London
2024-02-26,Google,AI Platform,3,4782,14346,Manchester
2025-09-21,HSBC,Data Warehouse,6,1314,7884,Leeds
2024-06-11,KPMG,AI Platform,8,1297,10376,Leeds
2024-02-23,PwC,Analytics Dashboard,8,3046,24368,Manchester
2025-03-06,Google,Analytics Dashboard,9,3906,35154,Birmingham
2024-05-15,KPMG,AI Platform,1,1862,1862,Birmingham
2025-06-08,TCS,CRM Software,8,1546,12368,Leeds
2024-10-16,Accenture,Analytics Dashboard,7,3831,26817,Leeds
2024-07-18,Barclays,AI Platform,2,3688,7376,Leeds
2024-06-03,Google,Analytics Dashboard,7,711,4977,London
2024-04-07,TCS,Analytics Dashboard,5,1301,6505,Leeds
2025-10-07,Amazon,Cloud Suite,6,3837,23022,Edinburgh
2024-05-18,TCS,Cloud Suite,8,2120,16960,London
2024-11-03,Deloitte,Analytics Dashboard,9,4155,37395,Edinburgh
2025-02-13,Barclays,AI Platform,9,4808,43272,Birmingham
2024-07-25,Microsoft,CRM Software,3,2713,8139,Edinburgh
2025-03-05,EY,AI Platform,4,2222,8888,Manchester
2024-11-03,Accenture,AI Platform,2,1599,3198,Birmingham
2024-05-30,TCS,AI Platform,5,1344,6720,Manchester
2024-05-05,TCS,Data Warehouse,7,715,5005,London
2025-08-08,HSBC,Analytics Dashboard,5,2007,10035,Birmingham
2024-11-02,Google,CRM Software,5,2661,13305,London
2024-05-04,Amazon,CRM Software,5,4753,23765,Manchester
2025-05-19,Deloitte,Cloud Suite,5,1640,8200,Leeds
2025-02-04,Accenture,Data Warehouse,9,1703,15327,Leeds
2025-10-16,TCS,CRM Software,1,2129,2129,Birmingham
2024-05-07,Microsoft,AI Platform,7,519,3633,Birmingham
2024-02-29,PwC,Cloud Suite,3,1056,3168,Edinburgh
2025-05-06,Barclays,Cloud Suite,8,3831,30648,Birmingham
2024-07-15,Infosys,CRM Software,8,4488,35904,Edinburgh
2024-06-08,Barclays,AI Platform,7,2975,20825,Manchester
2024-04-09,Infosys,Cloud Suite,2,1074,2148,London
2025-11-28,Infosys,CRM Software,5,4558,22790,Leeds
2024-12-14,PwC,AI Platform,5,882,4410,Birmingham
2024-03-22,Infosys,AI Platform,6,4982,29892,Leeds
2024-10-23,Amazon,AI Platform,2,3579,7158,Birmingham
2025-02-14,TCS,Analytics Dashboard,3,3950,11850,Edinburgh
2024-12-15,KPMG,Analytics Dashboard,9,3474,31266,Edinburgh
2025-10-28,Accenture,CRM Software,1,3954,3954,Leeds
2024-12-30,KPMG,AI Platform,4,3885,15540,Manchester
2025-01-21,Google,Data Warehouse,7,3867,27069,Edinburgh
2024-10-21,Infosys,CRM Software,8,1116,8928,Edinburgh
2024-11-06,Deloitte,Analytics Dashboard,8,2404,19232,Edinburgh
2025-04-19,PwC,AI Platform,3,2707,8121,London
2025-07-09,Amazon,Data Warehouse,8,2760,22080,Manchester
2025-01-29,Infosys,Analytics Dashboard,6,4020,24120,Edinburgh
2025-10-22,Amazon,CRM Software,7,978,6846,Birmingham
2024-08-11,HSBC,AI Platform,9,3416,30744,London
2024-04-23,EY,CRM Software,7,533,3731,Edinburgh
2025-12-08,Amazon,Data Warehouse,8,3382,27056,Edinburgh
2025-12-30,KPMG,Data Warehouse,4,3804,15216,Manchester
2024-01-01,Google,Data Warehouse,8,4438,35504,Manchester
2025-03-23,EY,Cloud Suite,2,3581,7162,Edinburgh
2024-04-13,Amazon,Cloud Suite,1,2745,2745,Edinburgh
2025-11-10,Microsoft,Cloud Suite,9,2049,18441,Leeds
2024-12-31,Deloitte,Cloud Suite,6,2856,17136,Leeds
2024-02-24,Amazon,Cloud Suite,7,3434,24038,Leeds
2024-08-20,Microsoft,AI Platform,5,3616,18080,Leeds
2025-11-11,EY,Data Warehouse,4,4851,19404,Manchester
2024-03-28,Google,Analytics Dashboard,2,4085,8170,Manchester
2024-05-08,Barclays,AI Platform,1,841,841,Birmingham
2025-09-19,PwC,AI Platform,6,1238,7428,London
2024-12-22,PwC,Cloud Suite,7,2237,15659,Birmingham
2025-06-18,Deloitte,Cloud Suite,1,2300,2300,Edinburgh
2025-10-30,KPMG,Cloud Suite,6,2497,14982,Edinburgh
2025-05-24,EY,Analytics Dashboard,5,3676,18380,Manchester
2025-08-03,Microsoft,Data Warehouse,8,2055,16440,Birmingham
2025-05-15,Barclays,Data Warehouse,2,2444,4888,London
2025-10-22,HSBC,Analytics Dashboard,9,1884,16956,London
2024-10-08,Accenture,Analytics Dashboard,8,3078,24624,Edinburgh
2025-07-21,HSBC,Cloud Suite,9,2042,18378,Leeds
2025-10-25,Google,Analytics Dashboard,6,1954,11724,Leeds
2025-11-09,EY,Cloud Suite,1,4920,4920,Manchester
2024-06-29,KPMG,Cloud Suite,5,765,3825,Leeds
2024-09-15,KPMG,Analytics Dashboard,4,1585,6340,Leeds
2024-04-25,Barclays,Data Warehouse,5,2654,13270,Birmingham
2024-12-24,Google,Cloud Suite,3,4304,12912,Leeds
2024-08-15,Deloitte,CRM Software,6,4632,27792,Leeds
2025-06-07,EY,Data Warehouse,4,3986,15944,Edinburgh
2024-12-13,Infosys,Analytics Dashboard,9,651,5859,Manchester
2024-02-07,Infosys,AI Platform,5,3485,17425,Leeds
2025-06-09,Barclays,Data Warehouse,8,4691,37528,Edinburgh
2025-06-05,Barclays,Analytics Dashboard,7,517,3619,London
2024-01-07,Microsoft,CRM Software,3,1378,4134,Manchester
2025-10-04,Deloitte,AI Platform,7,2109,14763,Leeds
2025-07-24,Microsoft,AI Platform,1,2636,2636,Edinburgh
2024-01-06,EY,AI Platform,4,1939,7756,Edinburgh
2024-04-21,TCS,Analytics Dashboard,1,4914,4914,Manchester
2024-03-15,TCS,Cloud Suite,9,4982,44838,Birmingham
2025-12-13,Infosys,Data Warehouse,6,3563,21378,Leeds
2025-08-27,HSBC,Data Warehouse,1,531,531,Birmingham
2024-10-31,Amazon,Data Warehouse,2,729,1458,Edinburgh
2024-12-23,KPMG,Analytics Dashboard,7,4480,31360,Manchester
2024-06-12,Amazon,CRM Software,3,4356,13068,London
2025-01-31,EY,Cloud Suite,4,732,2928,Leeds
2024-01-06,Google,Cloud Suite,8,4839,38712,London
2025-07-11,Deloitte,Analytics Dashboard,4,4682,18728,London
2025-09-24,KPMG,CRM Software,6,659,3954,Leeds
2024-03-22,Google,Cloud Suite,9,4344,39096,Manchester
2024-12-08,TCS,Data Warehouse,3,4130,12390,Birmingham
2024-04-25,PwC,Analytics Dashboard,8,4352,34816,Manchester
2025-10-03,Infosys,AI Platform,6,1468,8808,London
2025-11-08,Accenture,Data Warehouse,1,3735,3735,Leeds
2024-07-23,Microsoft,Cloud Suite,7,1995,13965,Birmingham
2025-01-28,EY,Analytics Dashboard,2,1735,3470,Birmingham
2024-05-26,Accenture,Analytics Dashboard,8,556,4448,Edinburgh
2024-10-31,Accenture,CRM Software,1,4956,4956,Edinburgh
2024-08-21,Microsoft,Cloud Suite,2,2257,4514,Leeds
2025-05-03,Amazon,Analytics Dashboard,5,4977,24885,Leeds
2024-06-01,PwC,Data Warehouse,2,1642,3284,Edinburgh
2025-03-14,PwC,CRM Software,2,1970,3940,Birmingham
2024-02-11,Infosys,AI Platform,3,2136,6408,London
2025-03-24,EY,CRM Software,3,3097,9291,Birmingham
2024-07-05,Deloitte,Analytics Dashboard,7,758,5306,Edinburgh
2024-11-06,KPMG,Analytics Dashboard,4,1768,7072,Leeds
2025-05-19,Amazon,Data Warehouse,9,4135,37215,Manchester
2025-01-12,Deloitte,Data Warehouse,8,2267,18136,Leeds
2025-12-28,Barclays,AI Platform,4,1287,5148,Edinburgh
2024-01-02,HSBC,Cloud Suite,8,4521,36168,Manchester
2024-02-27,TCS,Analytics Dashboard,9,3185,28665,Edinburgh
2025-12-26,Deloitte,CRM Software,6,2749,16494,Birmingham
2025-12-06,Google,Data Warehouse,5,3048,15240,Leeds
2025-04-12,TCS,Cloud Suite,6,4790,28740,Leeds
2024-02-16,Accenture,AI Platform,7,3084,21588,Manchester
2025-05-01,PwC,CRM Software,6,1307,7842,Leeds
2024-06-26,PwC,CRM Software,5,4996,24980,Edinburgh
2025-11-11,Microsoft,Data Warehouse,1,1822,1822,Edinburgh
2025-12-07,Barclays,AI Platform,6,4018,24108,Birmingham
2024-11-12,Accenture,Analytics Dashboard,4,3536,14144,Edinburgh
2024-03-12,EY,AI Platform,9,2445,22005,London
2025-06-18,Microsoft,Cloud Suite,7,2521,17647,Edinburgh
2025-05-31,Amazon,Analytics Dashboard,2,3073,6146,London
2024-08-05,EY,Analytics Dashboard,5,4282,21410,Manchester
2024-06-26,EY,Cloud Suite,7,3859,27013,Edinburgh
2025-06-08,Deloitte,AI Platform,6,4622,27732,London
2025-12-30,Barclays,CRM Software,5,4568,22840,Leeds
2025-07-20,Amazon,CRM Software,4,3045,12180,Manchester
2025-07-31,Google,Data Warehouse,4,2692,10768,Leeds
2025-06-01,KPMG,Data Warehouse,7,3676,25732,Manchester
2025-05-02,Barclays,Cloud Suite,1,842,842,Edinburgh
2024-12-26,KPMG,Data Warehouse,1,670,670,Manchester
2024-03-08,TCS,Cloud Suite,1,2698,2698,Manchester
2025-09-19,TCS,Analytics Dashboard,3,2319,6957,Birmingham
2025-01-05,Infosys,Data Warehouse,1,2554,2554,Edinburgh
2025-01-05,Amazon,CRM Software,3,3121,9363,London
2024-05-21,HSBC,Cloud Suite,8,1023,8184,Birmingham
2024-08-31,HSBC,AI Platform,9,2019,18171,Birmingham
2025-03-25,PwC,Data Warehouse,3,1435,4305,Edinburgh
2024-11-08,PwC,Data Warehouse,8,3887,31096,London
2025-12-29,Deloitte,Cloud Suite,4,4807,19228,Birmingham
2024-06-26,Google,Analytics Dashboard,9,2536,22824,Leeds
2025-03-06,Microsoft,CRM Software,1,4588,4588,Manchester
2024-06-19,TCS,Data Warehouse,7,1336,9352,Manchester
2024-04-19,Amazon,Cloud Suite,4,2553,10212,Birmingham
2025-11-23,Deloitte,AI Platform,9,2358,21222,Leeds
2024-04-09,Accenture,Cloud Suite,4,3652,14608,Birmingham
2024-10-02,Microsoft,Analytics Dashboard,5,1060,5300,Edinburgh
2024-09-16,KPMG,Data Warehouse,5,790,3950,Leeds
2024-03-03,KPMG,CRM Software,4,3027,12108,Edinburgh
2025-01-15,Amazon,Analytics Dashboard,8,3394,27152,London
2024-05-21,HSBC,Cloud Suite,9,3936,35424,Leeds
2025-07-18,Barclays,Data Warehouse,8,2450,19600,Birmingham
2025-04-03,HSBC,Cloud Suite,3,4443,13329,Birmingham
2024-07-31,PwC,CRM Software,9,1442,12978,Manchester
2024-09-04,HSBC,Analytics Dashboard,6,4112,24672,Leeds
2025-10-20,Amazon,Cloud Suite,3,1610,4830,Manchester
2024-12-09,HSBC,CRM Software,5,2063,10315,Edinburgh
2024-07-18,Microsoft,CRM Software,9,1883,16947,Birmingham
2024-06-05,Amazon,Analytics Dashboard,5,3186,15930,Birmingham
2024-12-15,Deloitte,AI Platform,6,955,5730,Manchester
2025-06-29,Infosys,Data Warehouse,3,4112,12336,London
2025-10-04,Infosys,AI Platform,8,1420,11360,Manchester
2025-02-13,Deloitte,Analytics Dashboard,7,2288,16016,London
2025-12-18,HSBC,Cloud Suite,8,834,6672,Leeds
2024-06-09,Barclays,Analytics Dashboard,7,1440,10080,Leeds
2024-12-26,Deloitte,CRM Software,8,3248,25984,Birmingham
2025-01-07,Deloitte,AI Platform,4,4166,16664,Manchester
2024-12-17,Google,Analytics Dashboard,5,4014,20070,Manchester
2025-12-02,PwC,Cloud Suite,6,2557,15342,Birmingham
2024-10-11,Amazon,AI Platform,3,2340,7020,Manchester
2025-08-09,Infosys,Data Warehouse,4,4736,18944,Birmingham
2024-03-24,PwC,Cloud Suite,3,3577,10731,Edinburgh
2024-03-27,EY,CRM Software,6,892,5352,Manchester
2025-11-16,Infosys,AI Platform,7,2705,18935,Birmingham
2024-08-24,Infosys,Analytics Dashboard,6,754,4524,Leeds
2024-02-01,Google,AI Platform,2,1756,3512,London
2024-08-02,KPMG,CRM Software,4,709,2836,Manchester
2025-03-01,Microsoft,CRM Software,8,4245,33960,Manchester
2025-06-06,Infosys,Analytics Dashboard,8,4066,32528,Birmingham
2025-12-05,Google,Data Warehouse,3,552,1656,Leeds
2025-08-30,Barclays,AI Platform,9,2854,25686,London
2025-05-23,Amazon,Cloud Suite,6,2969,17814,Leeds
2025-03-26,Infosys,Cloud Suite,8,768,6144,London
2025-11-08,Deloitte,AI Platform,9,4473,40257,London
2025-02-24,Amazon,CRM Software,4,2325,9300,Manchester
2024-07-07,Deloitte,Cloud Suite,3,944,2832,Birmingham
2025-08-27,Google,AI Platform,7,2327,16289,Leeds
2025-03-15,EY,AI Platform,9,4689,42201,London
2024-07-03,Infosys,Analytics Dashboard,5,1233,6165,London
2024-04-17,Infosys,Data Warehouse,7,2232,15624,Leeds
2025-12-12,Accenture,Data Warehouse,6,987,5922,Leeds
2024-07-07,KPMG,AI Platform,1,4896,4896,Leeds
2025-12-05,Google,CRM Software,5,977,4885,Edinburgh
2025-09-01,Infosys,Cloud Suite,9,4924,44316,Edinburgh
2025-10-27,Barclays,Cloud Suite,8,1654,13232,Birmingham
2024-10-12,PwC,Analytics Dashboard,8,4042,32336,Manchester
2024-06-18,Google,Analytics Dashboard,3,1608,4824,Leeds
2025-10-22,Amazon,CRM Software,9,1064,9576,Leeds
2024-10-28,HSBC,CRM Software,8,3225,25800,Birmingham
2024-04-02,TCS,AI Platform,1,4145,4145,Leeds
2025-04-18,Accenture,Data Warehouse,2,3766,7532,Manchester
2025-01-20,Microsoft,Data Warehouse,2,2079,4158,Leeds
2024-12-18,PwC,Cloud Suite,3,3987,11961,Leeds
2025-01-04,Google,CRM Software,8,1965,15720,Leeds
2025-07-27,Amazon,Analytics Dashboard,6,4430,26580,London
2024-06-21,Google,AI Platform,4,3481,13924,Edinburgh
2024-09-03,Amazon,Cloud Suite,7,4650,32550,Birmingham
2024-12-18,Accenture,AI Platform,7,4742,33194,Manchester
2025-10-17,Amazon,Analytics Dashboard,3,1697,5091,Manchester
2025-07-23,Google,AI Platform,2,3473,6946,Leeds
2024-04-03,PwC,Cloud Suite,8,4810,38480,London
2025-05-10,PwC,Cloud Suite,1,3580,3580,London
2025-01-14,TCS,AI Platform,8,4577,36616,Manchester
2025-02-20,Barclays,AI Platform,3,2886,8658,Birmingham
2025-12-02,HSBC,Analytics Dashboard,7,3758,26306,Manchester
2024-06-20,EY,Data Warehouse,7,4472,31304,London
2025-06-06,Accenture,CRM Software,2,4575,9150,London
2024-10-18,TCS,Data Warehouse,2,1863,3726,Edinburgh
2024-11-17,Deloitte,Data Warehouse,6,3252,19512,London
2024-05-28,KPMG,Analytics Dashboard,2,1607,3214,Birmingham
2024-03-06,EY,Analytics Dashboard,6,3706,22236,Leeds
2024-08-14,EY,Data Warehouse,5,4615,23075,Birmingham
2025-03-18,HSBC,CRM Software,6,2031,12186,Edinburgh
2025-07-01,Deloitte,Cloud Suite,7,2432,17024,London
2024-05-21,Barclays,AI Platform,4,4451,17804,Edinburgh
2024-09-01,TCS,CRM Software,8,1438,11504,London
2024-09-22,Infosys,Cloud Suite,3,1042,3126,Birmingham
2025-06-04,KPMG,Data Warehouse,4,3281,13124,Edinburgh
2025-07-30,Barclays,AI Platform,9,3348,30132,Leeds
2025-08-15,Google,Analytics Dashboard,2,3995,7990,London
2025-05-17,Barclays,Cloud Suite,6,1916,11496,Edinburgh
2025-05-31,KPMG,Data Warehouse,6,2007,12042,Birmingham
2025-05-09,Google,AI Platform,1,2301,2301,London
2025-03-21,HSBC,AI Platform,8,4371,34968,Birmingham
2025-11-03,Infosys,CRM Software,5,852,4260,Leeds
2025-12-07,EY,AI Platform,2,4036,8072,Birmingham
2024-05-11,Deloitte,Cloud Suite,5,2479,12395,Edinburgh
2025-06-15,HSBC,AI Platform,2,4735,9470,Leeds
2024-04-07,Barclays,Analytics Dashboard,9,2048,18432,London
2025-08-10,PwC,Data Warehouse,8,4852,38816,Birmingham
2024-05-27,PwC,CRM Software,6,2184,13104,Manchester
2025-09-06,Google,AI Platform,8,3414,27312,Manchester
2024-01-17,Accenture,CRM Software,4,1843,7372,Birmingham
2025-12-15,Infosys,Cloud Suite,2,3214,6428,Leeds
2025-01-29,HSBC,Cloud Suite,9,2252,20268,Manchester
2024-07-26,Accenture,Cloud Suite,4,1608,6432,London
2024-02-18,Accenture,Cloud Suite,2,1576,3152,London
2024-03-09,Microsoft,CRM Software,8,4027,32216,Edinburgh
2025-08-03,EY,AI Platform,9,3732,33588,Edinburgh
2025-07-30,Google,Analytics Dashboard,8,3321,26568,Leeds
2025-03-17,Accenture,Cloud Suite,3,2916,8748,Edinburgh
2024-05-09,KPMG,CRM Software,5,1301,6505,Birmingham
2024-07-26,Amazon,Cloud Suite,5,1670,8350,Manchester
2025-11-27,Barclays,CRM Software,4,2648,10592,Birmingham
2025-12-17,Infosys,Data Warehouse,6,2040,12240,London
2025-12-23,Google,Analytics Dashboard,1,4683,4683,Edinburgh
2025-04-20,Accenture,CRM Software,6,4890,29340,Edinburgh
2024-10-09,TCS,Data Warehouse,4,3437,13748,Manchester
2024-03-27,Barclays,Data Warehouse,2,4714,9428,Edinburgh
2024-11-08,PwC,AI Platform,5,2065,10325,London
2025-11-03,Google,Analytics Dashboard,8,2442,19536,Birmingham
2024-08-27,Google,AI Platform,1,3119,3119,Manchester
2025-02-05,Infosys,CRM Software,9,1642,14778,Manchester
2024-01-05,HSBC,AI Platform,8,641,5128,Edinburgh
2024-01-18,EY,Cloud Suite,6,2055,12330,Edinburgh
2025-09-01,Amazon,CRM Software,1,1170,1170,Birmingham
2025-05-13,EY,Analytics Dashboard,6,3929,23574,Manchester
2024-06-05,Infosys,AI Platform,9,1646,14814,London
2025-01-05,HSBC,Cloud Suite,6,1529,9174,London
2024-11-13,Deloitte,AI Platform,9,2587,23283,London
2025-01-09,Accenture,AI Platform,2,2837,5674,London
2024-11-22,Google,Data Warehouse,8,1832,14656,Manchester
2024-10-03,TCS,Cloud Suite,9,3949,35541,London
2024-04-21,Accenture,CRM Software,5,4716,23580,Edinburgh
2024-10-30,Microsoft,Data Warehouse,1,995,995,London
2024-07-03,PwC,AI Platform,8,4945,39560,London
2025-02-15,Accenture,AI Platform,4,4222,16888,Edinburgh
2025-05-16,Barclays,Cloud Suite,2,2015,4030,London
2025-06-10,Google,AI Platform,6,3503,21018,Leeds
2025-10-10,PwC,Data Warehouse,8,2390,19120,Birmingham
2024-04-08,Amazon,Cloud Suite,3,1777,5331,Leeds
2025-05-08,KPMG,Data Warehouse,3,1128,3384,Manchester
2025-05-31,TCS,Analytics Dashboard,1,3358,3358,Manchester
2024-12-04,KPMG,Cloud Suite,9,4419,39771,London
2024-08-07,Google,Analytics Dashboard,1,1016,1016,London
2025-09-15,Microsoft,CRM Software,4,996,3984,Leeds
2025-06-26,EY,Cloud Suite,2,1679,3358,Birmingham
2024-11-27,KPMG,Cloud Suite,7,2034,14238,Leeds
2025-08-15,Deloitte,Data Warehouse,5,1816,9080,London
2024-03-23,Barclays,Cloud Suite,7,3090,21630,London
2025-05-02,EY,CRM Software,9,3694,33246,London
2024-05-25,PwC,Cloud Suite,7,2700,18900,Manchester
2025-05-02,Infosys,Analytics Dashboard,9,578,5202,Edinburgh
2025-06-16,Accenture,CRM Software,9,3484,31356,Birmingham
2024-05-02,Google,Cloud Suite,8,2716,21728,Manchester
2024-11-25,Microsoft,CRM Software,2,4923,9846,Manchester
2025-02-22,Google,Analytics Dashboard,9,1288,11592,London
2024-10-21,KPMG,CRM Software,5,1015,5075,Leeds
2025-05-11,Accenture,Cloud Suite,9,1466,13194,Edinburgh
2025-07-28,TCS,Data Warehouse,7,1122,7854,London
2025-05-24,Amazon,Cloud Suite,9,1938,17442,Manchester
2025-01-28,Amazon,Cloud Suite,2,4000,8000,Birmingham
2025-08-13,PwC,Cloud Suite,6,2986,17916,London
2024-05-15,Infosys,Data Warehouse,6,4649,27894,Leeds
2025-02-06,Microsoft,CRM Software,4,4225,16900,Edinburgh
2024-04-07,Accenture,AI Platform,7,4022,28154,Birmingham
2025-11-05,Accenture,Data Warehouse,3,1345,4035,Manchester
2024-05-10,Deloitte,Cloud Suite,9,4115,37035,Manchester
2024-02-26,KPMG,Cloud Suite,9,689,6201,Leeds
2025-01-05,PwC,Analytics Dashboard,1,2466,2466,Manchester
2024-09-25,Google,Cloud Suite,6,3911,23466,Birmingham
2024-01-23,Google,Data Warehouse,3,2458,7374,London
2025-11-06,Barclays,Cloud Suite,3,4307,12921,Leeds
2025-06-25,Deloitte,CRM Software,7,1602,11214,London
2025-11-22,Amazon,CRM Software,6,1525,9150,London
2024-12-09,TCS,Data Warehouse,6,4499,26994,Edinburgh
2024-06-22,Google,AI Platform,5,4548,22740,London
2024-10-07,HSBC,CRM Software,2,3794,7588,Birmingham
2024-12-02,Barclays,Data Warehouse,6,994,5964,Birmingham
2024-07-01,Deloitte,CRM Software,3,2241,6723,Leeds
2025-05-16,TCS,AI Platform,2,2781,5562,Edinburgh
2025-07-31,EY,AI Platform,4,1210,4840,Birmingham
2025-03-28,KPMG,Analytics Dashboard,2,2317,4634,Edinburgh
2024-03-20,Accenture,Analytics Dashboard,3,2677,8031,Birmingham
2025-02-09,Accenture,AI Platform,8,1569,12552,Manchester
2024-05-12,Microsoft,CRM Software,9,2552,22968,Edinburgh
2025-12-06,HSBC,Cloud Suite,5,3347,16735,Manchester
2024-11-20,Deloitte,Analytics Dashboard,3,2758,8274,Birmingham
2025-08-06,Deloitte,AI Platform,1,2283,2283,Leeds
2025-03-12,Accenture,Analytics Dashboard,6,1017,6102,London
2025-03-05,Accenture,CRM Software,8,3941,31528,Leeds
2024-10-29,Barclays,AI Platform,2,2649,5298,Manchester
2025-08-25,Accenture,Cloud Suite,7,1377,9639,Edinburgh
2024-03-29,HSBC,AI Platform,9,2398,21582,Manchester
2024-09-04,TCS,CRM Software,8,4309,34472,Edinburgh
2025-07-01,Accenture,CRM Software,6,1480,8880,London
2025-06-28,Infosys,AI Platform,6,693,4158,Leeds
2025-06-04,Google,CRM Software,1,3873,3873,Manchester
2024-12-25,Infosys,CRM Software,2,3659,7318,Leeds
2024-03-23,HSBC,CRM Software,7,1395,9765,Manchester
2025-04-09,Infosys,CRM Software,7,1120,7840,Birmingham
2024-05-15,Accenture,AI Platform,1,3853,3853,Manchester
2025-06-27,TCS,Data Warehouse,7,949,6643,Manchester
2025-02-09,Accenture,Analytics Dashboard,2,4091,8182,Leeds
2024-09-27,TCS,Data Warehouse,7,1899,13293,Leeds
2025-10-30,Amazon,Cloud Suite,8,1223,9784,Manchester
2024-06-02,HSBC,Cloud Suite,4,4649,18596,Manchester
2024-12-14,Barclays,Data Warehouse,3,2989,8967,Birmingham
2025-07-19,Microsoft,AI Platform,5,4254,21270,Birmingham
2024-09-26,Infosys,Analytics Dashboard,2,2468,4936,Edinburgh
2024-08-23,KPMG,AI Platform,6,3009,18054,London
2025-08-07,Infosys,Data Warehouse,6,2289,13734,Leeds
2025-03-01,Barclays,CRM Software,2,3930,7860,Edinburgh
2025-12-05,Barclays,CRM Software,5,3388,16940,Manchester
2024-06-05,Microsoft,Cloud Suite,2,2323,4646,London
2024-12-10,Infosys,Cloud Suite,8,4881,39048,London
2024-02-24,Deloitte,Analytics Dashboard,1,4791,4791,Edinburgh
2025-03-23,TCS,CRM Software,4,785,3140,Manchester
2024-08-22,Barclays,Data Warehouse,3,2178,6534,Manchester
2024-12-07,Google,Analytics Dashboard,1,3425,3425,Manchester
2024-04-28,Accenture,CRM Software,4,2596,10384,London
2024-07-25,Google,Cloud Suite,4,1733,6932,Birmingham
2024-02-06,Accenture,Data Warehouse,5,629,3145,Edinburgh
2025-09-02,TCS,Analytics Dashboard,7,3575,25025,Birmingham
2024-06-02,Accenture,CRM Software,2,1338,2676,Edinburgh
2024-04-06,TCS,Cloud Suite,8,3366,26928,Birmingham
2025-08-21,Barclays,Cloud Suite,6,1824,10944,Edinburgh
2024-02-14,TCS,CRM Software,4,3903,15612,Birmingham
2024-11-13,Accenture,Analytics Dashboard,1,4561,4561,Leeds
2024-10-18,HSBC,Data Warehouse,6,1995,11970,Leeds
2024-03-05,Barclays,Analytics Dashboard,9,3642,32778,Edinburgh
2025-12-01,Accenture,Analytics Dashboard,9,4154,37386,London
2024-08-10,KPMG,CRM Software,6,4481,26886,Birmingham
2025-04-16,HSBC,CRM Software,3,3547,10641,Manchester
2024-02-24,KPMG,AI Platform,6,3959,23754,Birmingham
2024-07-26,Infosys,AI Platform,6,647,3882,Birmingham
2025-01-06,Barclays,CRM Software,2,1570,3140,Manchester
2025-05-13,Infosys,Data Warehouse,1,1422,1422,Birmingham
2024-02-23,EY,CRM Software,3,4328,12984,Leeds
2024-05-17,Accenture,Cloud Suite,4,1251,5004,Birmingham
2025-10-24,EY,Data Warehouse,1,1419,1419,Edinburgh
2024-05-03,EY,Analytics Dashboard,6,2266,13596,Manchester
2025-06-04,Accenture,CRM Software,3,3171,9513,Manchester
2024-11-23,Accenture,Analytics Dashboard,1,942,942,London
2024-04-04,Google,Cloud Suite,3,3888,11664,Birmingham
2025-10-09,Deloitte,CRM Software,8,3942,31536,Birmingham
2025-07-08,TCS,Cloud Suite,2,3402,6804,Manchester
2024-01-09,Google,Cloud Suite,1,941,941,Manchester
2025-08-12,EY,Cloud Suite,8,2328,18624,London
2025-05-26,Barclays,CRM Software,5,738,3690,Birmingham
2024-02-17,HSBC,Data Warehouse,5,2545,12725,London
2025-05-31,EY,CRM Software,4,4100,16400,Manchester
2025-05-14,TCS,Data Warehouse,9,4334,39006,Leeds
2024-12-24,Deloitte,Cloud Suite,8,763,6104,Manchester
2025-05-02,Infosys,CRM Software,5,4365,21825,Edinburgh
2024-11-24,Deloitte,CRM Software,3,3046,9138,Manchester
2025-03-10,Google,Data Warehouse,8,3867,30936,London
2024-06-22,Infosys,Cloud Suite,4,4751,19004,London
2024-01-14,EY,Data Warehouse,9,4028,36252,Edinburgh
2025-03-20,Infosys,Cloud Suite,1,2731,2731,Leeds
2025-08-02,HSBC,Cloud Suite,1,680,680,Manchester
2025-01-27,TCS,Data Warehouse,2,1786,3572,Birmingham
2024-05-25,Barclays,Cloud Suite,6,3111,18666,London
2025-10-22,Deloitte,Analytics Dashboard,8,3340,26720,London
2025-06-14,Barclays,AI Platform,7,2551,17857,Birmingham
2025-02-21,Accenture,Cloud Suite,1,1038,1038,Manchester
2024-02-13,EY,Data Warehouse,9,2868,25812,Birmingham
2025-08-02,PwC,AI Platform,5,514,2570,London
2024-11-25,Barclays,Analytics Dashboard,9,1747,15723,London
2025-09-28,EY,Data Warehouse,6,1680,10080,London
2025-07-23,HSBC,Analytics Dashboard,1,1926,1926,Leeds
2025-08-10,Amazon,Cloud Suite,1,2733,2733,Leeds
2024-03-19,Deloitte,AI Platform,7,4597,32179,Leeds
2024-03-06,Barclays,Cloud Suite,2,1071,2142,Leeds
2024-12-18,Google,Data Warehouse,6,4669,28014,Manchester
2025-03-01,Amazon,Analytics Dashboard,3,3175,9525,Birmingham
2024-06-28,Barclays,AI Platform,2,2813,5626,Leeds
2024-03-17,Barclays,Data Warehouse,1,3561,3561,Birmingham
2025-01-14,Amazon,Cloud Suite,5,1369,6845,Birmingham
2024-02-29,HSBC,CRM Software,6,1473,8838,Manchester
2024-02-04,Google,CRM Software,5,3943,19715,Manchester
2025-07-18,TCS,Cloud Suite,8,938,7504,Edinburgh
2025-07-12,EY,Analytics Dashboard,7,1487,10409,Manchester
2025-05-31,KPMG,CRM Software,7,527,3689,London
2025-05-12,Amazon,Cloud Suite,2,612,1224,Manchester
2024-01-14,Infosys,CRM Software,3,3668,11004,London
2025-05-02,Barclays,Data Warehouse,4,2736,10944,Manchester
2024-06-28,KPMG,CRM Software,7,3986,27902,London
2025-01-15,KPMG,AI Platform,9,2196,19764,Edinburgh
2024-08-27,Accenture,CRM Software,4,3488,13952,Birmingham
2024-07-25,Microsoft,Cloud Suite,8,901,7208,Birmingham
2025-07-26,Accenture,Cloud Suite,7,1559,10913,Edinburgh
2024-03-16,KPMG,Cloud Suite,3,2775,8325,London
2025-03-28,Google,Data Warehouse,5,3338,16690,Edinburgh
2025-05-04,Microsoft,AI Platform,1,4191,4191,Edinburgh
2025-11-16,KPMG,AI Platform,2,3660,7320,Manchester
2024-08-13,EY,Analytics Dashboard,6,2743,16458,London
2025-05-03,Accenture,AI Platform,3,2198,6594,Leeds
2025-09-15,Amazon,AI Platform,8,778,6224,Edinburgh
2025-11-07,Amazon,Data Warehouse,4,2283,9132,Leeds
2025-05-01,EY,Analytics Dashboard,1,1485,1485,London
2024-01-19,Amazon,Cloud Suite,7,4294,30058,Leeds
2025-10-21,Barclays,Data Warehouse,4,4151,16604,Manchester
2024-05-30,Barclays,Cloud Suite,5,734,3670,Birmingham
2025-11-05,Infosys,Cloud Suite,9,4075,36675,London
2025-05-04,Infosys,Analytics Dashboard,1,3110,3110,Leeds
2025-12-06,Microsoft,CRM Software,3,3879,11637,Manchester
2024-10-27,Barclays,CRM Software,2,2313,4626,Leeds
2024-06-29,Google,Cloud Suite,6,3801,22806,Leeds
2025-08-31,PwC,Analytics Dashboard,9,4934,44406,Birmingham
2024-10-08,TCS,CRM Software,6,4155,24930,Manchester
2024-11-09,Amazon,AI Platform,8,4842,38736,Manchester
2024-05-14,EY,Cloud Suite,8,660,5280,Leeds
2024-10-30,TCS,CRM Software,9,2408,21672,Birmingham
2025-08-16,Accenture,Data Warehouse,8,2954,23632,Edinburgh
2024-06-12,HSBC,CRM Software,8,3674,29392,London
2025-11-26,TCS,CRM Software,5,4645,23225,Manchester
2025-10-11,Infosys,Analytics Dashboard,4,1472,5888,London
2025-02-10,Accenture,CRM Software,7,784,5488,Birmingham
2025-09-03,TCS,Data Warehouse,4,3331,13324,London
2024-01-06,Accenture,AI Platform,4,3466,13864,Edinburgh
2025-08-10,Accenture,Data Warehouse,9,4659,41931,Manchester
2025-11-21,PwC,AI Platform,4,2523,10092,Manchester
2025-12-12,Deloitte,Data Warehouse,1,1338,1338,Manchester
2025-09-02,TCS,Data Warehouse,8,4003,32024,London
2025-02-11,Deloitte,AI Platform,6,2575,15450,London
2024-08-24,Barclays,CRM Software,6,3308,19848,Leeds
2024-07-23,EY,AI Platform,4,4219,16876,Birmingham
2025-11-06,Amazon,Analytics Dashboard,8,1308,10464,Manchester
2025-01-22,EY,AI Platform,4,1696,6784,Leeds
2025-03-28,Barclays,Data Warehouse,5,2653,13265,Leeds
2024-12-17,Amazon,Analytics Dashboard,4,3816,15264,Leeds
2025-07-28,Barclays,CRM Software,6,4897,29382,Birmingham
2025-10-07,Accenture,AI Platform,8,1050,8400,Leeds
2024-04-14,PwC,Data Warehouse,8,1445,11560,London
2025-08-08,Google,Cloud Suite,1,4660,4660,Edinburgh
2024-07-01,KPMG,Analytics Dashboard,4,2783,11132,London
2025-09-03,Barclays,Data Warehouse,7,1959,13713,Birmingham
2025-02-24,TCS,Data Warehouse,4,3898,15592,Leeds
2024-11-17,Google,Data Warehouse,4,2927,11708,Edinburgh
2025-11-16,Amazon,CRM Software,2,1784,3568,Edinburgh
2024-05-10,Accenture,Cloud Suite,2,2367,4734,Leeds
2025-10-01,HSBC,Cloud Suite,4,2064,8256,Birmingham
2025-04-25,EY,AI Platform,1,3811,3811,Birmingham
2025-11-02,Microsoft,CRM Software,1,1154,1154,Manchester
2024-06-29,TCS,CRM Software,8,2866,22928,Birmingham
2024-11-19,Google,Analytics Dashboard,6,3890,23340,Edinburgh
2024-02-10,Amazon,Cloud Suite,3,2727,8181,Edinburgh
2025-02-09,Infosys,Cloud Suite,6,748,4488,Edinburgh
2024-01-17,Microsoft,Data Warehouse,8,999,7992,Birmingham
2025-12-12,Amazon,CRM Software,5,4213,21065,London
2024-07-05,EY,Analytics Dashboard,2,2486,4972,Leeds
2025-04-01,Barclays,Cloud Suite,5,3548,17740,Birmingham
2024-09-25,Accenture,Data Warehouse,8,1647,13176,Birmingham
2025-03-17,EY,Cloud Suite,7,1486,10402,Manchester
2025-10-16,Infosys,Analytics Dashboard,8,4327,34616,Leeds
2025-07-15,Barclays,AI Platform,8,2276,18208,Manchester
2025-11-03,Deloitte,CRM Software,5,2920,14600,Edinburgh
2025-08-14,TCS,CRM Software,1,2864,2864,Leeds
2025-09-06,Deloitte,Data Warehouse,8,1859,14872,Birmingham
2025-08-22,Infosys,CRM Software,4,1643,6572,London
2024-10-29,TCS,CRM Software,9,4378,39402,Birmingham
2025-02-03,EY,Cloud Suite,7,681,4767,Edinburgh
2024-07-07,EY,Analytics Dashboard,2,2557,5114,Leeds
2025-06-14,Google,AI Platform,8,3331,26648,London
2024-07-06,KPMG,AI Platform,4,1700,6800,London
2025-02-18,KPMG,Cloud Suite,2,3483,6966,Edinburgh
2024-03-03,Microsoft,Data Warehouse,8,4191,33528,Manchester
2025-08-12,Google,AI Platform,8,4912,39296,London
2025-03-20,Microsoft,Data Warehouse,7,1346,9422,London
2025-08-07,EY,Data Warehouse,3,3629,10887,Manchester
2025-03-19,PwC,Data Warehouse,4,4181,16724,Birmingham
2025-03-17,TCS,CRM Software,1,1898,1898,Leeds
2024-11-05,Microsoft,Analytics Dashboard,7,2272,15904,Birmingham
2024-12-05,Amazon,Analytics Dashboard,5,4796,23980,Birmingham
2025-10-26,EY,Cloud Suite,2,3910,7820,Edinburgh
2025-06-16,KPMG,Cloud Suite,1,4083,4083,Birmingham
2024-11-22,Deloitte,AI Platform,9,2323,20907,Manchester
2025-02-19,EY,Analytics Dashboard,3,3425,10275,Birmingham
2025-07-24,Infosys,Cloud Suite,2,3477,6954,London
2024-08-01,Infosys,CRM Software,5,4375,21875,Manchester
2025-06-13,KPMG,Data Warehouse,1,3762,3762,Manchester
2024-01-24,PwC,CRM Software,7,2368,16576,Birmingham
2024-03-23,Barclays,AI Platform,5,3548,17740,Leeds
2025-01-04,Infosys,Data Warehouse,8,730,5840,Birmingham
2024-01-19,KPMG,AI Platform,3,4726,14178,Leeds
2025-06-26,Accenture,AI Platform,1,1442,1442,London
2024-12-20,EY,Analytics Dashboard,8,4896,39168,London
2024-07-21,HSBC,CRM Software,3,3501,10503,Leeds
2024-12-02,KPMG,Analytics Dashboard,9,4817,43353,Leeds
2025-02-12,Google,AI Platform,5,4713,23565,Birmingham
2025-01-10,Accenture,CRM Software,8,2544,20352,Leeds
2024-03-18,Amazon,AI Platform,4,4678,18712,London
2025-05-07,Barclays,AI Platform,9,4942,44478,London
2025-03-26,Deloitte,Cloud Suite,6,4442,26652,London
2025-03-12,Barclays,Data Warehouse,6,1152,6912,Edinburgh
2025-05-21,Google,CRM Software,4,788,3152,Manchester
2024-06-14,Accenture,CRM Software,2,1824,3648,Edinburgh
2025-06-07,EY,Data Warehouse,7,2382,16674,Manchester
2024-10-25,Deloitte,CRM Software,7,3551,24857,London
2024-12-25,PwC,Analytics Dashboard,4,4789,19156,Manchester
2024-06-17,Accenture,AI Platform,5,2662,13310,Leeds
2024-06-17,Barclays,Data Warehouse,5,1290,6450,Manchester
2025-10-15,PwC,Data Warehouse,9,1076,9684,Edinburgh
2025-05-10,Accenture,AI Platform,2,4724,9448,Manchester
2024-02-08,Accenture,Data Warehouse,9,849,7641,Edinburgh
2025-03-27,EY,Data Warehouse,8,1731,13848,London
2024-08-28,Microsoft,Cloud Suite,6,870,5220,London
2024-04-07,Google,CRM Software,8,2593,20744,Manchester
2024-01-31,Microsoft,Data Warehouse,4,3191,12764,Manchester
2025-12-01,Amazon,Data Warehouse,9,4730,42570,Birmingham
2024-09-16,TCS,Cloud Suite,3,2106,6318,Birmingham
2025-07-24,Amazon,CRM Software,2,2426,4852,Leeds
2024-06-24,Google,Data Warehouse,5,2009,10045,Edinburgh
2025-09-06,HSBC,AI Platform,1,3781,3781,Birmingham
2025-10-26,Infosys,Analytics Dashboard,7,2106,14742,Edinburgh
2025-10-25,Google,CRM Software,5,4303,21515,Manchester
2024-05-23,Infosys,Cloud Suite,9,3877,34893,Edinburgh
2025-04-23,Microsoft,Data Warehouse,9,2553,22977,Edinburgh
2024-06-16,PwC,Data Warehouse,2,2666,5332,Birmingham
2024-08-13,Deloitte,Analytics Dashboard,2,3145,6290,Manchester
2024-07-11,EY,Data Warehouse,6,2636,15816,Leeds
2024-09-06,Deloitte,Analytics Dashboard,1,2715,2715,Edinburgh
2024-06-21,Amazon,Analytics Dashboard,1,1957,1957,Birmingham
2025-06-26,EY,Cloud Suite,8,2808,22464,London
2025-07-19,TCS,CRM Software,1,2239,2239,Birmingham
2024-11-24,Google,CRM Software,4,1330,5320,Leeds
2025-12-09,Microsoft,Analytics Dashboard,5,721,3605,Birmingham
2024-12-15,Google,AI Platform,2,4809,9618,Edinburgh
2024-05-19,KPMG,CRM Software,9,2985,26865,Edinburgh
2024-01-13,HSBC,Cloud Suite,6,1360,8160,Leeds
2024-12-31,Infosys,Data Warehouse,9,3434,30906,Manchester
2025-07-13,PwC,Cloud Suite,5,1751,8755,Birmingham
2025-11-10,Infosys,Data Warehouse,5,590,2950,Edinburgh
2024-08-29,Barclays,AI Platform,3,1611,4833,Leeds
2024-05-24,PwC,Analytics Dashboard,6,4446,26676,Leeds
2025-10-18,Barclays,AI Platform,8,4150,33200,Birmingham
2025-04-06,Deloitte,Analytics Dashboard,7,973,6811,Birmingham
2025-01-02,Microsoft,Analytics Dashboard,5,4020,20100,London
2024-03-03,Microsoft,Cloud Suite,2,759,1518,London
2024-07-02,PwC,Cloud Suite,6,1091,6546,Leeds
2025-02-12,Accenture,Cloud Suite,5,3279,16395,London
2025-08-23,PwC,Data Warehouse,8,1239,9912,Manchester
2024-04-12,Accenture,CRM Software,1,2534,2534,Edinburgh
2024-11-08,KPMG,Cloud Suite,1,1635,1635,Manchester
2024-12-14,KPMG,Data Warehouse,5,3499,17495,Manchester
2025-09-17,Accenture,Data Warehouse,1,4649,4649,Birmingham
2024-04-18,Microsoft,AI Platform,3,3387,10161,Edinburgh
2024-08-01,TCS,Data Warehouse,1,2856,2856,Manchester
2025-06-11,Accenture,Data Warehouse,7,1508,10556,Manchester
2025-09-08,Google,Data Warehouse,4,1838,7352,Manchester
2025-04-15,Barclays,Analytics Dashboard,9,2306,20754,Birmingham
2024-07-12,Accenture,Data Warehouse,2,1524,3048,Birmingham
2025-10-06,Accenture,Analytics Dashboard,4,4216,16864,Leeds
2024-03-13,TCS,Analytics Dashboard,5,3039,15195,Leeds
2024-05-23,Google,AI Platform,7,4254,29778,Manchester
2024-10-23,Barclays,AI Platform,9,1971,17739,Leeds
2024-12-28,PwC,Cloud Suite,5,1059,5295,Edinburgh
2024-06-01,TCS,AI Platform,7,2311,16177,Leeds
2024-01-10,Infosys,Analytics Dashboard,3,4328,12984,Birmingham
2025-03-20,Barclays,AI Platform,7,3163,22141,Edinburgh
2025-10-11,KPMG,Data Warehouse,6,754,4524,London
2024-11-30,EY,Cloud Suite,5,2291,11455,Manchester
2025-11-08,Barclays,CRM Software,5,3339,16695,Manchester
2025-01-20,KPMG,AI Platform,3,1154,3462,Birmingham
2024-11-27,Barclays,Analytics Dashboard,1,3782,3782,London
2025-05-10,HSBC,Analytics Dashboard,8,1671,13368,Birmingham
2025-02-20,Microsoft,AI Platform,6,1055,6330,Manchester
2024-09-06,EY,Analytics Dashboard,7,1409,9863,Manchester
2024-01-12,EY,AI Platform,8,2497,19976,London
2025-06-21,Amazon,AI Platform,4,2215,8860,Manchester
2024-01-10,PwC,Cloud Suite,1,809,809,Leeds
2024-08-02,Google,Cloud Suite,1,1676,1676,Manchester
2024-09-29,Microsoft,CRM Software,1,4674,4674,Leeds
2024-11-22,TCS,CRM Software,3,4558,13674,Leeds
2025-02-27,TCS,Cloud Suite,6,977,5862,Edinburgh
2025-08-31,Microsoft,AI Platform,7,4768,33376,Leeds
2025-04-20,Microsoft,Analytics Dashboard,1,4720,4720,Birmingham
2025-01-30,Barclays,AI Platform,3,1100,3300,London
2025-07-11,Google,Data Warehouse,3,4725,14175,London
2024-08-08,KPMG,CRM Software,1,4221,4221,Leeds
2025-07-08,Accenture,Cloud Suite,1,1199,1199,Manchester
2025-02-11,TCS,CRM Software,4,607,2428,London
2024-05-31,Accenture,Cloud Suite,9,4622,41598,Birmingham
2024-04-09,PwC,AI Platform,9,4100,36900,Manchester
2024-08-17,Deloitte,Analytics Dashboard,4,4858,19432,Leeds
2024-09-05,Accenture,CRM Software,9,3562,32058,Edinburgh
2025-01-22,TCS,Data Warehouse,8,2040,16320,Manchester
2025-04-20,Barclays,AI Platform,9,801,7209,London
2024-08-21,KPMG,Cloud Suite,3,2332,6996,Birmingham
2025-10-20,Amazon,Analytics Dashboard,6,4281,25686,London
2024-06-21,Google,AI Platform,9,3493,31437,London
2024-02-23,Barclays,Data Warehouse,8,1738,13904,London
2024-07-07,Deloitte,AI Platform,4,682,2728,Birmingham
2025-07-01,EY,CRM Software,2,3532,7064,Birmingham
2024-08-05,Barclays,AI Platform,1,4938,4938,Birmingham
2025-12-24,Deloitte,Analytics Dashboard,7,2897,20279,Edinburgh
2024-01-15,Amazon,Data Warehouse,7,3971,27797,Leeds
2025-04-13,Deloitte,Data Warehouse,3,4409,13227,London
2024-01-16,Infosys,Cloud Suite,2,591,1182,Manchester
2024-09-26,EY,CRM Software,9,3621,32589,Birmingham
2025-04-19,TCS,AI Platform,8,4982,39856,Edinburgh
2024-10-15,Deloitte,Analytics Dashboard,8,1271,10168,Edinburgh
2024-06-20,Amazon,Data Warehouse,8,2098,16784,Edinburgh
2024-06-15,Google,CRM Software,2,4906,9812,Birmingham
2024-08-03,Amazon,Analytics Dashboard,4,1709,6836,Birmingham
2024-06-01,Amazon,Cloud Suite,6,1859,11154,Birmingham
2024-05-28,KPMG,Data Warehouse,3,1925,5775,Birmingham
2024-08-14,EY,Data Warehouse,5,3607,18035,Edinburgh
2025-04-22,TCS,Data Warehouse,2,2335,4670,Edinburgh
2024-03-30,EY,Data Warehouse,8,3448,27584,Birmingham
2025-01-28,Accenture,Data Warehouse,5,2647,13235,Manchester
2025-02-28,Accenture,CRM Software,6,3762,22572,Birmingham
2024-05-19,Infosys,CRM Software,1,2844,2844,Leeds
2024-07-18,TCS,Analytics Dashboard,5,4854,24270,Edinburgh
2025-06-27,HSBC,AI Platform,7,517,3619,Edinburgh
2025-09-24,Infosys,CRM Software,2,1787,3574,Leeds
2025-03-10,EY,Cloud Suite,9,3708,33372,Birmingham
2025-01-31,Microsoft,Data Warehouse,9,1240,11160,Edinburgh
2025-02-20,Amazon,Cloud Suite,7,4271,29897,London
2025-08-29,Accenture,AI Platform,3,3483,10449,London
2024-11-07,HSBC,CRM Software,3,3599,10797,Manchester
2025-06-18,Accenture,Analytics Dashboard,4,3169,12676,Birmingham
2024-04-15,Microsoft,AI Platform,9,561,5049,Manchester
2024-12-01,PwC,CRM Software,6,876,5256,Manchester
2024-07-26,HSBC,Analytics Dashboard,7,1286,9002,Edinburgh
2024-05-25,HSBC,Data Warehouse,5,4164,20820,Leeds
2024-08-10,Accenture,Data Warehouse,2,2811,5622,Leeds
2025-07-14,Microsoft,CRM Software,7,2486,17402,Birmingham
2025-11-09,KPMG,CRM Software,7,1257,8799,Manchester
2024-04-05,KPMG,Cloud Suite,7,3361,23527,Manchester
2024-11-23,HSBC,Analytics Dashboard,8,3095,24760,Manchester
2024-03-17,Deloitte,Data Warehouse,2,1949,3898,Leeds
2025-07-09,Accenture,CRM Software,1,1018,1018,Edinburgh
2024-12-28,KPMG,AI Platform,9,1069,9621,Manchester
2024-08-29,Deloitte,Cloud Suite,4,887,3548,Manchester
2025-03-17,Barclays,Data Warehouse,2,4344,8688,Birmingham
2024-02-14,PwC,Analytics Dashboard,4,2750,11000,Birmingham
2025-06-22,KPMG,Cloud Suite,8,4587,36696,Leeds
2024-07-23,Google,AI Platform,1,3179,3179,Birmingham
2025-02-20,PwC,CRM Software,5,2807,14035,Leeds
2024-07-10,Google,Analytics Dashboard,6,1917,11502,Manchester
2024-04-19,Accenture,CRM Software,6,2086,12516,Leeds
2025-08-06,PwC,AI Platform,3,4236,12708,Leeds
2025-03-19,Google,AI Platform,9,4206,37854,Leeds
2024-02-05,Amazon,Analytics Dashboard,5,3636,18180,Birmingham
2025-09-18,HSBC,CRM Software,8,2052,16416,Birmingham
2025-01-03,HSBC,Data Warehouse,9,4841,43569,Birmingham
2025-07-18,Accenture,CRM Software,7,971,6797,London
2025-07-14,Accenture,Analytics Dashboard,9,2686,24174,Manchester
2024-09-08,PwC,CRM Software,1,4162,4162,Edinburgh
2025-02-28,Google,CRM Software,6,4706,28236,Birmingham
2024-02-08,Google,Cloud Suite,2,3534,7068,Leeds
2024-03-08,Google,Analytics Dashboard,5,4400,22000,Leeds
2025-01-15,TCS,Data Warehouse,1,1658,1658,Manchester
2025-08-17,Deloitte,Analytics Dashboard,6,4338,26028,Leeds
2025-05-07,Google,Analytics Dashboard,2,4428,8856,London
2025-02-18,Google,CRM Software,4,4179,16716,London
2024-06-28,Google,CRM Software,9,3600,32400,Manchester
2025-11-17,HSBC,Data Warehouse,9,1543,13887,Leeds
2025-03-08,KPMG,AI Platform,4,1510,6040,Leeds
2024-08-20,Microsoft,Data Warehouse,1,4816,4816,Manchester
2024-01-26,Amazon,Cloud Suite,3,529,1587,Birmingham
2024-01-10,Amazon,Analytics Dashboard,5,2041,10205,Birmingham
2025-02-01,Accenture,Cloud Suite,6,1029,6174,London
2025-11-27,EY,Data Warehouse,3,2741,8223,Leeds
2025-12-22,Infosys,AI Platform,8,763,6104,Edinburgh
2025-06-02,HSBC,CRM Software,5,1696,8480,Leeds
2024-03-02,HSBC,Analytics Dashboard,4,2889,11556,Birmingham
2024-10-16,Amazon,CRM Software,5,2162,10810,Manchester
2025-10-21,Google,Cloud Suite,8,2961,23688,Manchester
2024-11-15,Accenture,Analytics Dashboard,5,2728,13640,Edinburgh
2024-03-01,TCS,AI Platform,6,2405,14430,London
2024-10-26,Google,Data Warehouse,4,4338,17352,London
2024-03-30,Infosys,Analytics Dashboard,6,1885,11310,Edinburgh
2025-12-19,Barclays,Data Warehouse,3,3609,10827,Manchester
2025-04-01,Barclays,AI Platform,6,1179,7074,Birmingham
2025-01-14,Microsoft,AI Platform,3,1881,5643,Manchester
2025-12-23,Infosys,CRM Software,9,875,7875,London
2025-12-13,Infosys,Analytics Dashboard,6,2033,12198,Manchester
2024-02-23,Infosys,CRM Software,9,3394,30546,London
2024-07-26,Accenture,AI Platform,6,3020,18120,Manchester
2025-04-30,Accenture,Cloud Suite,9,3352,30168,London
2024-03-09,KPMG,Analytics Dashboard,3,2306,6918,London
2025-03-05,HSBC,AI Platform,4,4772,19088,London
2024-08-24,Barclays,CRM Software,5,1135,5675,Leeds
2025-10-15,Google,AI Platform,5,511,2555,Birmingham
2024-06-17,Accenture,CRM Software,1,2996,2996,Manchester
2025-03-02,TCS,Data Warehouse,2,4821,9642,Leeds
2024-07-21,Microsoft,Analytics Dashboard,9,3181,28629,Manchester
2024-12-01,Accenture,Data Warehouse,8,3518,28144,Leeds
2024-09-18,TCS,Analytics Dashboard,2,1545,3090,London
2024-08-22,HSBC,Cloud Suite,8,1291,10328,Birmingham
2025-03-12,PwC,Data Warehouse,8,4960,39680,Edinburgh
2025-11-23,HSBC,CRM Software,2,4673,9346,Edinburgh
2025-08-29,Barclays,AI Platform,7,3218,22526,Birmingham
2024-04-03,EY,Data Warehouse,7,840,5880,Manchester
2025-07-20,Microsoft,Cloud Suite,2,1143,2286,Edinburgh
2024-01-01,Barclays,Data Warehouse,8,2564,20512,London
2024-07-28,Microsoft,CRM Software,2,1916,3832,Birmingham
2025-05-06,Microsoft,AI Platform,9,4156,37404,Leeds
2024-11-28,Microsoft,Analytics Dashboard,3,4272,12816,Manchester
2024-06-02,Microsoft,Analytics Dashboard,9,1307,11763,London
2025-08-18,Accenture,AI Platform,7,4542,31794,Leeds
2024-11-25,EY,AI Platform,3,2330,6990,Birmingham
2024-06-16,HSBC,Analytics Dashboard,5,2278,11390,Edinburgh
2024-07-08,Google,Cloud Suite,7,4763,33341,Leeds
2024-07-11,KPMG,Cloud Suite,3,3338,10014,London
2025-02-05,Microsoft,AI Platform,7,3970,27790,Leeds
2024-06-12,Accenture,CRM Software,5,3335,16675,Leeds
2025-06-03,EY,Analytics Dashboard,7,4128,28896,Edinburgh
2024-02-22,Amazon,Analytics Dashboard,6,2591,15546,Birmingham
2025-12-08,EY,AI Platform,7,1230,8610,Manchester
2025-03-13,Deloitte,Data Warehouse,4,3514,14056,London
2024-08-11,PwC,Cloud Suite,3,1758,5274,Manchester
2024-08-17,Amazon,Cloud Suite,4,2232,8928,Edinburgh
2025-04-06,Deloitte,CRM Software,6,832,4992,Leeds
2024-06-14,Amazon,AI Platform,6,4527,27162,Leeds
2025-01-24,Google,CRM Software,5,2187,10935,Birmingham
2024-04-06,Infosys,Cloud Suite,8,1002,8016,London
2024-03-05,KPMG,CRM Software,6,3989,23934,London
2025-09-24,Google,CRM Software,9,3883,34947,Leeds
2025-11-19,Barclays,Analytics Dashboard,4,4209,16836,London
2024-06-16,Accenture,Data Warehouse,8,4638,37104,Manchester
2025-05-29,Infosys,Analytics Dashboard,6,4809,28854,Leeds
2024-01-09,Google,AI Platform,3,804,2412,Birmingham
2024-10-10,Microsoft,AI Platform,1,2737,2737,Birmingham
2025-11-16,Microsoft,Analytics Dashboard,2,970,1940,Manchester
2025-05-09,Deloitte,Cloud Suite,3,3785,11355,London
2025-07-12,Microsoft,Cloud Suite,5,859,4295,Edinburgh
2024-09-01,Microsoft,Analytics Dashboard,5,1916,9580,Manchester
2025-08-09,Microsoft,AI Platform,4,3641,14564,Edinburgh
2025-09-14,Accenture,AI Platform,5,2374,11870,Edinburgh
2025-06-19,PwC,Cloud Suite,3,4030,12090,Birmingham
2024-01-30,Infosys,Analytics Dashboard,6,846,5076,Edinburgh
2024-04-28,Google,CRM Software,3,1083,3249,Edinburgh
2024-10-15,Accenture,CRM Software,5,3204,16020,Leeds
2024-05-27,Barclays,AI Platform,5,4101,20505,Edinburgh
2025-07-22,Amazon,Analytics Dashboard,9,1850,16650,London
2024-06-19,Infosys,CRM Software,8,2795,22360,Birmingham
2024-01-04,Deloitte,Cloud Suite,1,2152,2152,Edinburgh
2024-10-01,HSBC,CRM Software,1,3858,3858,Leeds
2024-03-19,PwC,CRM Software,3,4928,14784,Birmingham
2024-06-14,Deloitte,CRM Software,4,2592,10368,London
2024-08-14,Infosys,Data Warehouse,2,1396,2792,London
2025-09-05,KPMG,AI Platform,6,4250,25500,Manchester
2025-02-18,Barclays,Cloud Suite,9,3598,32382,London
2025-08-07,Deloitte,Analytics Dashboard,2,4114,8228,London
2025-12-25,Deloitte,Analytics Dashboard,6,3881,23286,Birmingham
2024-06-28,Google,CRM Software,2,2243,4486,Manchester
2024-07-01,Infosys,Analytics Dashboard,4,1341,5364,London
2024-12-30,Infosys,Cloud Suite,8,1784,14272,Birmingham
2024-07-14,PwC,Cloud Suite,8,2387,19096,Edinburgh
2025-09-23,Deloitte,AI Platform,3,2724,8172,Birmingham
2024-02-01,KPMG,Cloud Suite,4,2790,11160,Edinburgh
2024-11-21,PwC,Data Warehouse,4,3990,15960,Birmingham
2024-07-25,Amazon,Data Warehouse,2,2653,5306,Manchester
2024-01-18,EY,CRM Software,9,3178,28602,Edinburgh
2024-04-11,Amazon,Data Warehouse,2,1923,3846,Edinburgh
2024-12-15,Google,Data Warehouse,4,2191,8764,London
2024-11-23,HSBC,Cloud Suite,2,2847,5694,Manchester
2024-06-20,Accenture,CRM Software,4,584,2336,Leeds
2024-11-02,Microsoft,CRM Software,5,4822,24110,Edinburgh
2024-09-20,KPMG,Analytics Dashboard,8,4765,38120,Leeds
2025-08-28,PwC,Cloud Suite,5,4009,20045,London
2024-03-15,Accenture,Analytics Dashboard,2,687,1374,London
2024-05-18,Microsoft,Data Warehouse,1,2923,2923,Edinburgh
2025-01-22,Microsoft,Analytics Dashboard,8,1059,8472,Birmingham
2024-12-30,Deloitte,CRM Software,4,2568,10272,Edinburgh
2024-07-15,HSBC,AI Platform,3,659,1977,Manchester
2025-07-23,KPMG,CRM Software,5,2537,12685,London
2024-05-12,HSBC,Cloud Suite,9,1365,12285,Manchester
2025-01-19,EY,Cloud Suite,9,4530,40770,Leeds
2024-12-05,PwC,Data Warehouse,2,3576,7152,London
2025-10-01,Barclays,Cloud Suite,6,940,5640,Leeds
2024-08-28,KPMG,CRM Software,7,1703,11921,Manchester
2025-03-29,PwC,AI Platform,5,3762,18810,Manchester
2025-05-13,Microsoft,CRM Software,3,3320,9960,Leeds
2025-11-06,KPMG,Analytics Dashboard,4,1417,5668,London
2025-03-21,TCS,Data Warehouse,3,3928,11784,London
2025-07-14,HSBC,Analytics Dashboard,4,4218,16872,London
2025-08-23,Google,Data Warehouse,4,853,3412,Edinburgh
2025-09-11,Accenture,Analytics Dashboard,1,729,729,Birmingham
2024-11-11,Accenture,CRM Software,8,4673,37384,Manchester
2025-02-19,Deloitte,CRM Software,7,850,5950,London
2024-12-15,Amazon,Data Warehouse,4,1712,6848,Birmingham
2025-04-12,KPMG,Cloud Suite,8,3025,24200,London
2024-08-17,Amazon,AI Platform,2,3963,7926,Leeds
2025-10-31,EY,CRM Software,7,3092,21644,Birmingham
2024-12-04,Infosys,Data Warehouse,7,2021,14147,Edinburgh
2024-09-29,Accenture,Analytics Dashboard,1,1901,1901,Manchester
2024-04-30,Google,CRM Software,4,4747,18988,Edinburgh
2025-11-08,EY,Cloud Suite,7,3429,24003,Birmingham
2024-12-29,Google,AI Platform,3,2496,7488,Edinburgh
2024-06-07,Infosys,Analytics Dashboard,3,4962,14886,London
2024-09-18,Barclays,Cloud Suite,3,2652,7956,Birmingham
2025-12-20,Barclays,Analytics Dashboard,1,4643,4643,Leeds
2024-10-03,TCS,Cloud Suite,1,613,613,Manchester
2025-03-13,Accenture,Cloud Suite,9,1003,9027,Leeds
2025-08-09,Accenture,Analytics Dashboard,6,2819,16914,Birmingham
2025-04-24,PwC,CRM Software,9,3849,34641,Leeds
2024-04-25,Microsoft,CRM Software,2,3273,6546,London
2024-08-02,Amazon,CRM Software,5,4383,21915,Edinburgh
2025-01-14,TCS,Data Warehouse,1,2771,2771,London
2024-04-09,Accenture,Analytics Dashboard,4,1891,7564,Birmingham
2024-08-12,Infosys,CRM Software,9,1772,15948,Leeds
2025-09-17,HSBC,Data Warehouse,7,2906,20342,London
2025-02-11,Accenture,AI Platform,4,1755,7020,London
2025-09-09,TCS,Cloud Suite,3,900,2700,Manchester
2024-09-13,HSBC,AI Platform,6,3073,18438,Leeds
2024-12-23,Google,CRM Software,6,4685,28110,London
2024-03-12,TCS,CRM Software,2,4491,8982,Manchester
2024-05-15,HSBC,AI Platform,9,2001,18009,London
2024-01-07,Microsoft,AI Platform,2,1302,2604,Manchester
2024-10-04,PwC,Analytics Dashboard,1,1928,1928,Leeds
2025-11-24,PwC,Cloud Suite,6,2525,15150,London
2025-09-05,Microsoft,Cloud Suite,8,4003,32024,London
2025-09-30,Google,Cloud Suite,4,1985,7940,Leeds
2025-03-13,Barclays,CRM Software,9,4509,40581,Leeds
2024-03-26,EY,CRM Software,4,3628,14512,Leeds
2025-03-04,EY,CRM Software,7,4553,31871,Manchester
2024-01-21,PwC,AI Platform,1,2045,2045,Leeds
2025-07-10,EY,AI Platform,1,1909,1909,London
2025-08-30,Deloitte,Data Warehouse,1,3758,3758,Leeds
2024-05-17,KPMG,AI Platform,5,2761,13805,Manchester
2024-10-17,Accenture,Analytics Dashboard,2,3239,6478,Edinburgh
2024-10-22,Barclays,AI Platform,3,3729,11187,Birmingham
2025-01-06,Microsoft,Cloud Suite,7,2044,14308,Manchester
2025-01-01,KPMG,CRM Software,3,2650,7950,Birmingham
2024-11-20,HSBC,Cloud Suite,1,1945,1945,Edinburgh
2024-03-13,Accenture,CRM Software,1,4083,4083,London
2024-03-08,Google,Data Warehouse,5,2538,12690,Leeds
2025-12-09,Google,AI Platform,3,4068,12204,Birmingham
2024-04-16,KPMG,CRM Software,5,2294,11470,London
2025-12-15,PwC,CRM Software,9,3666,32994,London
2024-03-05,Amazon,Analytics Dashboard,5,4524,22620,Birmingham
2025-09-04,TCS,Data Warehouse,3,2620,7860,Leeds
2025-03-30,TCS,Data Warehouse,7,4609,32263,Birmingham
2024-02-19,Infosys,AI Platform,3,3605,10815,Manchester
2025-01-05,Barclays,AI Platform,2,3677,7354,Birmingham
2024-10-15,Barclays,Cloud Suite,3,1743,5229,Edinburgh
2024-02-28,Microsoft,Cloud Suite,6,612,3672,Leeds
2024-09-13,Amazon,AI Platform,3,2201,6603,Edinburgh
2025-08-18,Barclays,AI Platform,6,4281,25686,London
2024-07-16,TCS,AI Platform,3,3105,9315,Leeds
2024-01-16,Google,CRM Software,9,1975,17775,Manchester
2025-02-01,KPMG,CRM Software,3,2314,6942,Leeds
2024-09-29,EY,CRM Software,4,4525,18100,London
2025-09-20,Google,Analytics Dashboard,7,1843,12901,Leeds
2024-03-27,KPMG,Data Warehouse,4,1327,5308,Birmingham
2025-08-05,EY,Cloud Suite,1,3864,3864,London
2024-10-17,Amazon,Analytics Dashboard,3,4048,12144,London
2025-11-07,TCS,Cloud Suite,9,3839,34551,Leeds
2025-03-20,KPMG,Cloud Suite,7,701,4907,Manchester
2025-04-15,Microsoft,Analytics Dashboard,5,4473,22365,Edinburgh
2025-06-19,Microsoft,Cloud Suite,3,3183,9549,Leeds
2024-03-10,EY,Cloud Suite,4,4290,17160,Edinburgh
2025-01-12,Google,Data Warehouse,2,4096,8192,Manchester
2025-05-20,Amazon,Data Warehouse,5,4278,21390,Manchester
2025-08-12,Accenture,Data Warehouse,1,528,528,Manchester
2025-10-09,Infosys,Cloud Suite,1,4142,4142,Manchester
2025-12-04,KPMG,CRM Software,6,1677,10062,London
2024-02-15,Accenture,Data Warehouse,2,2974,5948,Leeds
2024-09-07,PwC,AI Platform,8,1669,13352,Birmingham
2025-01-02,Accenture,AI Platform,1,2230,2230,Leeds
2024-01-26,Accenture,AI Platform,9,2529,22761,Birmingham
2024-08-07,Google,Data Warehouse,1,1980,1980,Leeds
2025-05-06,Microsoft,Analytics Dashboard,5,3938,19690,Edinburgh
2024-06-10,EY,Data Warehouse,7,982,6874,Birmingham
2024-02-27,TCS,Data Warehouse,4,524,2096,Birmingham
2025-02-26,Barclays,CRM Software,6,1620,9720,London
2025-03-07,PwC,Data Warehouse,2,555,1110,Edinburgh
2025-09-18,KPMG,Analytics Dashboard,3,4783,14349,London
2024-07-09,Google,Analytics Dashboard,2,3821,7642,London
2024-02-10,KPMG,Data Warehouse,9,1324,11916,Leeds
2024-07-21,Deloitte,Cloud Suite,2,1247,2494,Manchester
2024-11-14,Microsoft,CRM Software,8,4047,32376,Leeds
2024-12-05,Microsoft,CRM Software,7,2523,17661,London
2025-01-05,Accenture,AI Platform,4,1868,7472,London
2024-09-09,TCS,Data Warehouse,2,2419,4838,Manchester
2025-05-12,Microsoft,Cloud Suite,6,3612,21672,Manchester
2024-09-14,PwC,Cloud Suite,7,2686,18802,Manchester
2025-10-13,Amazon,Data Warehouse,6,3892,23352,Birmingham
2024-06-23,Google,Analytics Dashboard,1,3032,3032,London
2024-02-27,Infosys,Cloud Suite,9,3154,28386,Leeds
2024-07-19,TCS,Analytics Dashboard,2,1734,3468,Edinburgh
2025-11-14,Barclays,Data Warehouse,1,1842,1842,Edinburgh
2025-11-27,Infosys,Cloud Suite,5,961,4805,Manchester
2025-11-30,Infosys,AI Platform,7,1015,7105,Birmingham
2025-08-28,Microsoft,Analytics Dashboard,4,3731,14924,London
2024-09-08,Accenture,Analytics Dashboard,1,666,666,Edinburgh
2025-03-27,Accenture,Data Warehouse,9,709,6381,London
2024-08-01,Accenture,Analytics Dashboard,8,803,6424,Edinburgh
2025-01-24,Microsoft,Cloud Suite,2,2974,5948,London
2024-11-25,KPMG,Analytics Dashboard,3,3911,11733,Leeds
2024-06-28,KPMG,Analytics Dashboard,6,1860,11160,Leeds
2024-05-05,HSBC,Cloud Suite,9,1799,16191,Manchester
2024-12-13,KPMG,Data Warehouse,7,2339,16373,Birmingham
2024-10-21,Microsoft,Analytics Dashboard,3,4298,12894,Birmingham
2025-02-05,Google,Analytics Dashboard,5,4352,21760,Manchester
2024-08-03,KPMG,Data Warehouse,4,2799,11196,London
2024-02-07,EY,CRM Software,6,784,4704,London
2024-12-31,TCS,Data Warehouse,8,3972,31776,Edinburgh
2024-07-10,PwC,Data Warehouse,8,3278,26224,Manchester
2024-09-07,KPMG,AI Platform,2,4330,8660,Birmingham
2024-02-14,Infosys,Analytics Dashboard,2,1972,3944,Birmingham
2024-10-04,Accenture,Analytics Dashboard,6,1450,8700,Edinburgh
2025-11-27,PwC,AI Platform,1,2184,2184,Edinburgh
2024-10-02,Amazon,Analytics Dashboard,1,3815,3815,London
2025-10-04,EY,AI Platform,5,4889,24445,London
2025-04-02,Infosys,CRM Software,4,4199,16796,London
2024-05-25,Infosys,Cloud Suite,5,4997,24985,Birmingham
2025-11-11,HSBC,AI Platform,5,3254,16270,London
2024-03-23,Infosys,Cloud Suite,5,2303,11515,Leeds
2024-03-21,Infosys,Cloud Suite,5,3468,17340,Birmingham
2025-05-08,TCS,Data Warehouse,5,824,4120,London
2024-11-09,PwC,Data Warehouse,7,1246,8722,Edinburgh
2025-09-11,Amazon,CRM Software,8,2702,21616,Manchester
2025-05-03,Accenture,Cloud Suite,3,3985,11955,Manchester
2024-08-27,Accenture,Analytics Dashboard,6,759,4554,London
2025-02-02,TCS,Analytics Dashboard,4,2286,9144,Edinburgh
2024-03-03,EY,Cloud Suite,3,2842,8526,Leeds
2024-06-10,Deloitte,Cloud Suite,8,1851,14808,Leeds
2024-02-11,KPMG,Analytics Dashboard,7,1908,13356,Leeds
2024-09-20,Amazon,Analytics Dashboard,8,1769,14152,Leeds
2025-01-09,Microsoft,Cloud Suite,6,567,3402,Manchester
2025-06-10,Microsoft,CRM Software,7,3569,24983,Birmingham
2024-10-17,Amazon,Data Warehouse,1,1763,1763,Birmingham
2024-10-09,Deloitte,CRM Software,2,3898,7796,Edinburgh
2025-04-21,Barclays,CRM Software,4,3596,14384,Edinburgh
2025-01-31,Deloitte,AI Platform,3,3095,9285,Birmingham
2024-07-16,Accenture,Data Warehouse,9,4151,37359,London
2024-04-19,Amazon,CRM Software,3,3336,10008,Birmingham
2025-02-24,Accenture,Cloud Suite,1,2265,2265,Manchester
2025-02-28,Microsoft,Data Warehouse,8,2801,22408,London
2025-06-15,EY,Cloud Suite,9,2176,19584,Edinburgh
2025-03-13,HSBC,Data Warehouse,6,2327,13962,London
2024-12-12,Accenture,Analytics Dashboard,4,3349,13396,Leeds
2024-05-20,HSBC,Data Warehouse,8,3929,31432,London
2025-11-27,TCS,AI Platform,2,3988,7976,Edinburgh
2025-01-22,KPMG,AI Platform,5,849,4245,Birmingham
2024-04-29,Barclays,CRM Software,7,4632,32424,Birmingham
2025-02-23,HSBC,Data Warehouse,7,2483,17381,Birmingham
2025-01-08,Accenture,Cloud Suite,9,1013,9117,London
2025-01-10,EY,Data Warehouse,4,2628,10512,Birmingham
2025-09-08,HSBC,Data Warehouse,8,3565,28520,London
2025-11-10,Google,Data Warehouse,6,3869,23214,Manchester
2024-09-16,Microsoft,Data Warehouse,4,4753,19012,Leeds
2024-06-06,TCS,Cloud Suite,9,2686,24174,Manchester
2025-12-20,Google,Analytics Dashboard,4,1956,7824,Leeds
2024-06-07,PwC,Cloud Suite,7,4281,29967,London
2024-08-26,Infosys,Data Warehouse,8,508,4064,London
2025-01-23,Google,Cloud Suite,6,2957,17742,Manchester
2025-07-05,TCS,Data Warehouse,6,4361,26166,Birmingham
2025-03-26,KPMG,CRM Software,9,4306,38754,Edinburgh
2025-01-02,Barclays,Analytics Dashboard,6,4579,27474,Leeds
2024-04-19,Infosys,CRM Software,9,4423,39807,Edinburgh
2024-04-04,Amazon,CRM Software,8,2507,20056,Manchester
2025-12-30,PwC,AI Platform,8,4742,37936,Manchester
2024-01-17,HSBC,CRM Software,4,2795,11180,Manchester
2024-07-31,Amazon,CRM Software,3,2377,7131,Leeds
2025-01-14,EY,CRM Software,6,4076,24456,Birmingham
2024-05-24,KPMG,Data Warehouse,7,2255,15785,Birmingham
2025-06-09,Microsoft,Cloud Suite,9,4402,39618,Manchester
2024-07-07,Infosys,AI Platform,2,3820,7640,Manchester
2025-01-25,Infosys,Analytics Dashboard,5,918,4590,Birmingham
2024-03-24,Google,CRM Software,9,4554,40986,Manchester
2024-08-08,Infosys,Analytics Dashboard,8,4174,33392,Manchester
2025-06-18,HSBC,Cloud Suite,6,2163,12978,Birmingham
2024-11-19,HSBC,Data Warehouse,5,1386,6930,Birmingham
2024-09-24,EY,CRM Software,4,2631,10524,Birmingham
2025-02-28,HSBC,Analytics Dashboard,7,3556,24892,Leeds
2025-01-07,KPMG,Data Warehouse,6,1489,8934,Birmingham
2024-04-02,Deloitte,Cloud Suite,8,4664,37312,London
2025-06-06,Google,AI Platform,1,714,714,Birmingham
2025-02-26,Amazon,Cloud Suite,7,1285,8995,Manchester
2025-10-27,KPMG,CRM Software,9,3612,32508,Manchester
2024-10-15,Infosys,Cloud Suite,3,2621,7863,London
2025-11-04,Barclays,Cloud Suite,2,1941,3882,Leeds
2024-07-29,Microsoft,Data Warehouse,7,620,4340,Edinburgh
2024-02-03,Barclays,AI Platform,6,4192,25152,Manchester
2024-01-14,KPMG,CRM Software,4,770,3080,Edinburgh
2024-02-22,Infosys,Cloud Suite,7,3339,23373,Manchester
2024-11-19,TCS,Analytics Dashboard,3,2583,7749,Edinburgh
2024-07-16,KPMG,Cloud Suite,6,2940,17640,Leeds
2024-02-13,Infosys,AI Platform,9,2510,22590,Manchester
2024-12-28,KPMG,Data Warehouse,1,3060,3060,Manchester
2024-07-22,Infosys,Data Warehouse,4,3903,15612,Birmingham
2024-05-08,TCS,Analytics Dashboard,2,4575,9150,Manchester
2024-06-25,Amazon,Analytics Dashboard,6,1946,11676,Birmingham
2024-11-15,Accenture,AI Platform,6,3529,21174,London
2024-09-01,Google,CRM Software,4,1378,5512,Manchester
2024-05-06,KPMG,CRM Software,4,4741,18964,Birmingham
2025-12-28,Infosys,Data Warehouse,9,1648,14832,Leeds
2024-09-06,Accenture,Cloud Suite,9,1117,10053,London
2025-05-27,Barclays,Cloud Suite,6,4659,27954,Manchester
2024-04-01,Infosys,Data Warehouse,1,4659,4659,Leeds
2024-08-06,Infosys,CRM Software,7,4537,31759,London
2024-02-14,Microsoft,CRM Software,6,2358,14148,London
2024-05-05,Infosys,Cloud Suite,7,2180,15260,Manchester
2025-05-22,Google,Cloud Suite,5,4728,23640,Birmingham
2024-11-13,Deloitte,CRM Software,3,2381,7143,Leeds
2025-05-03,Amazon,Data Warehouse,9,2851,25659,London
2025-07-09,EY,AI Platform,1,4625,4625,London
2024-12-06,Deloitte,Analytics Dashboard,3,1194,3582,Manchester
2024-12-05,KPMG,AI Platform,9,671,6039,Edinburgh
2024-09-28,Google,Cloud Suite,8,3044,24352,Edinburgh
2025-06-24,EY,Cloud Suite,2,4864,9728,Manchester
2025-10-30,KPMG,Analytics Dashboard,4,1574,6296,Edinburgh
2025-11-09,Amazon,CRM Software,8,3662,29296,Leeds
2024-07-07,EY,CRM Software,2,1845,3690,Birmingham
2025-05-04,HSBC,Data Warehouse,2,3231,6462,Leeds
2024-08-12,Google,Data Warehouse,7,2300,16100,Leeds
2024-03-19,Google,Data Warehouse,6,2877,17262,Leeds
2024-02-25,PwC,CRM Software,5,4343,21715,Birmingham
2025-06-10,TCS,Cloud Suite,7,880,6160,Edinburgh
2025-04-27,Amazon,Analytics Dashboard,2,1046,2092,London
2024-11-22,KPMG,Cloud Suite,8,3615,28920,Birmingham
2024-05-05,KPMG,Analytics Dashboard,1,1723,1723,Edinburgh
2024-02-10,PwC,Cloud Suite,7,2442,17094,Edinburgh
2024-12-27,HSBC,Data Warehouse,6,2348,14088,Leeds
2025-05-03,Accenture,CRM Software,8,1817,14536,Leeds
2024-04-08,TCS,AI Platform,9,857,7713,Manchester
2025-06-02,Amazon,AI Platform,3,3283,9849,Leeds
2024-06-29,Infosys,Cloud Suite,7,4438,31066,Leeds
2025-08-02,Accenture,Cloud Suite,2,4266,8532,Manchester
2025-04-25,EY,Cloud Suite,4,3508,14032,London
2025-08-31,Google,Analytics Dashboard,7,1908,13356,London
2025-08-04,Microsoft,Cloud Suite,3,4897,14691,Leeds
2025-05-21,Google,Data Warehouse,9,4100,36900,Leeds
2024-12-14,Google,AI Platform,1,3757,3757,Birmingham
2025-07-20,Amazon,AI Platform,6,1665,9990,Manchester
2024-05-28,Google,Cloud Suite,7,2575,18025,Leeds
2025-05-22,Barclays,Analytics Dashboard,6,2458,14748,London
2025-03-13,TCS,Cloud Suite,1,1077,1077,Birmingham
2024-05-03,HSBC,Data Warehouse,4,1718,6872,London
2024-10-18,Amazon,AI Platform,3,766,2298,Edinburgh
2025-01-10,Deloitte,AI Platform,2,4193,8386,Manchester
2025-03-08,EY,Cloud Suite,3,3330,9990,Manchester
2024-10-12,Amazon,Data Warehouse,1,1575,1575,Manchester
2024-10-06,Microsoft,AI Platform,7,771,5397,Leeds
2024-07-22,KPMG,Data Warehouse,6,1268,7608,Edinburgh
2025-12-04,TCS,Analytics Dashboard,6,964,5784,London
2025-03-04,KPMG,Cloud Suite,9,1999,17991,London
2024-01-26,PwC,Data Warehouse,7,4308,30156,Manchester
2025-02-01,Barclays,AI Platform,9,543,4887,Birmingham
2025-09-01,Deloitte,Analytics Dashboard,9,4392,39528,Leeds
2025-12-20,PwC,Cloud Suite,5,609,3045,Birmingham
2025-04-07,TCS,Analytics Dashboard,9,1136,10224,London
2024-07-11,PwC,Analytics Dashboard,2,4299,8598,Birmingham
2024-08-11,Accenture,AI Platform,1,2134,2134,Edinburgh
2025-05-10,Google,Cloud Suite,4,1268,5072,Leeds
2025-10-06,Microsoft,Data Warehouse,1,2528,2528,Manchester
2025-05-03,EY,AI Platform,8,2651,21208,Edinburgh
2024-02-29,KPMG,Analytics Dashboard,9,4705,42345,Edinburgh
2024-09-10,Google,Data Warehouse,8,1416,11328,London
2025-06-21,Microsoft,Analytics Dashboard,5,1737,8685,London
2024-11-07,Amazon,Analytics Dashboard,5,1261,6305,Manchester
2025-10-14,EY,Cloud Suite,4,1448,5792,London
2025-07-26,Amazon,CRM Software,4,1113,4452,Edinburgh
2025-02-04,Deloitte,Data Warehouse,3,717,2151,Leeds
2024-05-04,Amazon,Cloud Suite,4,1221,4884,Manchester
2024-06-28,Amazon,AI Platform,7,2276,15932,Birmingham
2024-01-10,Infosys,AI Platform,1,1775,1775,Edinburgh
2024-05-24,HSBC,Analytics Dashboard,6,1031,6186,Leeds
2024-07-29,Infosys,Cloud Suite,7,4985,34895,Edinburgh
2024-03-02,Barclays,CRM Software,9,3024,27216,Manchester
2024-02-21,Deloitte,Data Warehouse,7,3268,22876,Manchester
2025-10-11,Amazon,Cloud Suite,1,4674,4674,Birmingham
2025-02-14,Infosys,Cloud Suite,3,2153,6459,Edinburgh
2025-11-13,Microsoft,Data Warehouse,8,2174,17392,Edinburgh
2024-02-08,EY,CRM Software,1,4271,4271,Manchester
2025-04-07,Amazon,Analytics Dashboard,4,1006,4024,Leeds
2024-07-21,Google,Data Warehouse,7,1669,11683,Leeds
2025-02-27,EY,Data Warehouse,3,2897,8691,Manchester
2024-08-30,TCS,Data Warehouse,2,1084,2168,Birmingham
2024-05-08,TCS,Data Warehouse,9,3322,29898,Manchester
2024-05-21,Deloitte,CRM Software,5,2805,14025,London
2024-10-09,Microsoft,Cloud Suite,5,4606,23030,Birmingham
2025-11-25,Accenture,Data Warehouse,5,4567,22835,Edinburgh
2024-01-09,TCS,Analytics Dashboard,7,1741,12187,Edinburgh
2025-09-29,PwC,Analytics Dashboard,3,3761,11283,Manchester
2024-04-06,EY,Cloud Suite,8,4423,35384,London
2025-05-31,Deloitte,AI Platform,8,3057,24456,Edinburgh
2025-08-01,Microsoft,CRM Software,5,3332,16660,Edinburgh
2024-02-27,Infosys,AI Platform,4,2279,9116,Leeds
2025-08-23,Accenture,Cloud Suite,4,1373,5492,Birmingham
2024-05-01,HSBC,Data Warehouse,7,3416,23912,Leeds
2025-04-22,Amazon,Cloud Suite,6,1742,10452,London
2024-10-30,Infosys,Data Warehouse,2,4281,8562,London
2025-08-10,Deloitte,CRM Software,6,1093,6558,Manchester
2024-07-30,TCS,Data Warehouse,5,4311,21555,Birmingham
2024-12-01,HSBC,Cloud Suite,3,2539,7617,Edinburgh
2024-06-15,Barclays,Data Warehouse,4,812,3248,Birmingham
2025-06-26,TCS,Data Warehouse,6,1385,8310,Edinburgh
2024-04-08,EY,Analytics Dashboard,3,3533,10599,Leeds
2025-07-26,EY,CRM Software,4,761,3044,Manchester
2025-02-23,KPMG,Data Warehouse,8,1759,14072,London
2024-01-07,Barclays,Data Warehouse,2,3089,6178,Leeds
2025-08-23,HSBC,AI Platform,9,3387,30483,Edinburgh
2024-08-25,TCS,Cloud Suite,5,2286,11430,London
2024-01-08,KPMG,Analytics Dashboard,2,2319,4638,Birmingham
2024-02-15,HSBC,Cloud Suite,7,1161,8127,Edinburgh
2024-01-21,Barclays,Cloud Suite,1,4148,4148,Birmingham
2025-04-23,Infosys,Analytics Dashboard,9,3945,35505,Leeds
2025-05-14,Google,Cloud Suite,9,1387,12483,Leeds
2025-08-24,Deloitte,AI Platform,9,4903,44127,London
2024-11-02,PwC,AI Platform,3,4844,14532,Leeds
2025-03-18,TCS,Analytics Dashboard,3,1032,3096,London
2025-02-05,Google,CRM Software,1,3424,3424,Edinburgh
2025-07-10,Infosys,CRM Software,8,2962,23696,Birmingham
2025-01-09,PwC,Data Warehouse,5,3251,16255,Manchester
2025-03-14,PwC,AI Platform,6,3444,20664,Manchester
2025-11-19,PwC,Analytics Dashboard,3,3034,9102,Birmingham
2024-01-28,KPMG,CRM Software,6,2657,15942,London
2025-10-05,TCS,Data Warehouse,4,3236,12944,Birmingham
2024-09-03,EY,Cloud Suite,8,2672,21376,London
2025-08-03,KPMG,CRM Software,4,2326,9304,Birmingham
2025-04-20,Infosys,AI Platform,4,2191,8764,Birmingham
2024-04-12,Barclays,CRM Software,7,536,3752,London
2025-08-26,EY,AI Platform,5,752,3760,London
2025-08-15,Deloitte,Cloud Suite,9,3786,34074,Birmingham
2025-11-21,Amazon,Data Warehouse,7,930,6510,Birmingham
2024-03-08,Barclays,Data Warehouse,9,2760,24840,London
2024-05-12,HSBC,AI Platform,8,4184,33472,Edinburgh
2025-06-26,KPMG,AI Platform,4,3786,15144,Manchester
2025-02-25,HSBC,Analytics Dashboard,5,4026,20130,Edinburgh
2024-10-14,Amazon,Cloud Suite,9,3591,32319,Edinburgh
2025-05-05,Accenture,AI Platform,5,2985,14925,London
2025-02-01,Amazon,AI Platform,3,4315,12945,Manchester
2024-10-05,Amazon,CRM Software,2,1768,3536,Manchester
2025-07-09,HSBC,CRM Software,9,4020,36180,London
2025-08-05,TCS,Cloud Suite,1,670,670,Edinburgh
2025-01-06,TCS,AI Platform,9,1438,12942,Birmingham
2024-07-27,KPMG,AI Platform,9,2531,22779,Leeds
2025-03-16,Deloitte,Cloud Suite,4,4296,17184,Edinburgh
2025-12-08,Amazon,CRM Software,8,2252,18016,Edinburgh
2025-11-12,Deloitte,Data Warehouse,6,1757,10542,Manchester
2024-02-05,KPMG,AI Platform,3,2798,8394,Edinburgh
2025-11-01,Amazon,Data Warehouse,1,936,936,Manchester
2024-08-17,Amazon,AI Platform,5,2899,14495,London
2024-09-14,KPMG,Analytics Dashboard,5,2493,12465,Leeds
2024-10-19,KPMG,AI Platform,8,1036,8288,Birmingham
2025-11-08,HSBC,CRM Software,2,1351,2702,Manchester
2025-07-09,Microsoft,Data Warehouse,4,4823,19292,London
2024-08-20,TCS,Analytics Dashboard,6,2594,15564,Birmingham
2025-08-02,Deloitte,Analytics Dashboard,9,4202,37818,Manchester
2025-07-13,Google,AI Platform,6,3787,22722,Edinburgh
2025-11-18,Microsoft,Data Warehouse,1,1046,1046,Leeds
2025-02-01,Infosys,AI Platform,8,4131,33048,Manchester
2025-08-29,TCS,Analytics Dashboard,6,1927,11562,Leeds
2025-06-14,KPMG,Data Warehouse,2,506,1012,London
2024-07-24,Infosys,AI Platform,5,3443,17215,London
2025-11-02,TCS,Data Warehouse,4,1000,4000,Manchester
2025-05-01,EY,AI Platform,1,1108,1108,Leeds
2025-07-29,HSBC,Cloud Suite,4,4716,18864,London
2025-09-26,PwC,Data Warehouse,7,1175,8225,London
2025-09-22,Barclays,AI Platform,7,4318,30226,Birmingham
2025-01-06,Deloitte,Data Warehouse,3,3160,9480,Leeds
2025-09-26,Google,Analytics Dashboard,1,2184,2184,London
2025-01-03,Barclays,Data Warehouse,8,1413,11304,Leeds
2024-02-29,Microsoft,Data Warehouse,8,1251,10008,Edinburgh
2024-11-18,EY,Analytics Dashboard,2,3057,6114,Leeds
2025-03-16,Barclays,Data Warehouse,1,2257,2257,Manchester
2024-02-29,Barclays,Cloud Suite,1,1838,1838,Birmingham
2024-09-19,PwC,Analytics Dashboard,4,1062,4248,London
2025-07-07,Google,Analytics Dashboard,4,3547,14188,Birmingham
2024-04-15,Accenture,Cloud Suite,1,1688,1688,Manchester
2024-02-26,TCS,Data Warehouse,8,3300,26400,Leeds
2025-09-03,KPMG,Analytics Dashboard,3,2294,6882,London
2024-10-21,KPMG,AI Platform,8,3545,28360,Leeds
2024-06-24,KPMG,CRM Software,3,2217,6651,Leeds
2025-06-30,Infosys,Analytics Dashboard,7,2705,18935,Edinburgh
2024-04-25,Microsoft,Analytics Dashboard,2,2045,4090,Leeds
2025-07-25,Accenture,CRM Software,5,4473,22365,Birmingham
2025-03-11,Deloitte,Analytics Dashboard,5,1069,5345,Birmingham
2025-06-05,EY,CRM Software,4,2925,11700,Birmingham
2024-04-27,Barclays,AI Platform,9,1315,11835,Manchester
2024-01-04,PwC,Analytics Dashboard,5,1104,5520,Leeds
2025-06-18,Google,Analytics Dashboard,9,3614,32526,Leeds
2024-12-12,Accenture,Analytics Dashboard,8,3058,24464,London
2025-01-06,Google,Data Warehouse,9,2463,22167,Birmingham
2025-11-14,Infosys,Data Warehouse,6,4315,25890,Birmingham
2025-05-29,Barclays,AI Platform,9,2841,25569,Edinburgh
2024-07-11,PwC,Analytics Dashboard,4,3678,14712,Edinburgh
2025-06-22,Amazon,Data Warehouse,7,2249,15743,Birmingham
2024-08-05,Deloitte,AI Platform,3,1260,3780,Edinburgh
2024-12-11,Deloitte,AI Platform,4,1967,7868,Edinburgh
2025-01-14,Amazon,AI Platform,2,4193,8386,Leeds
2024-09-15,EY,AI Platform,2,2071,4142,Manchester
2025-09-03,HSBC,AI Platform,1,1115,1115,Birmingham
2025-01-27,Infosys,AI Platform,4,1619,6476,Leeds
2025-05-15,TCS,Cloud Suite,7,4111,28777,Birmingham
2024-01-06,Barclays,Cloud Suite,2,2459,4918,Birmingham
2025-07-27,TCS,Data Warehouse,9,1794,16146,Manchester
2025-12-18,TCS,Cloud Suite,3,3749,11247,Edinburgh
2025-07-09,Barclays,Data Warehouse,7,3086,21602,Birmingham
2024-02-08,Microsoft,AI Platform,3,4843,14529,Manchester
2024-12-24,Barclays,Analytics Dashboard,1,2671,2671,London
2025-02-06,TCS,Data Warehouse,1,4762,4762,London
2025-11-29,EY,CRM Software,9,3048,27432,Edinburgh
2024-06-07,TCS,Analytics Dashboard,8,964,7712,Leeds
2025-10-27,EY,Cloud Suite,6,1298,7788,London
2024-08-14,Amazon,Data Warehouse,6,4373,26238,Leeds
2024-12-29,Amazon,CRM Software,2,3331,6662,London
2025-05-15,Google,Analytics Dashboard,4,2274,9096,Birmingham
2025-03-15,Google,AI Platform,2,3720,7440,Birmingham
2025-10-05,EY,AI Platform,4,3239,12956,Manchester
2025-03-04,Microsoft,CRM Software,4,1416,5664,Leeds
2025-01-23,HSBC,Analytics Dashboard,3,1439,4317,Edinburgh
2024-03-28,Accenture,Analytics Dashboard,5,1990,9950,Manchester
2024-04-22,Accenture,CRM Software,8,2072,16576,Leeds
2024-12-10,Deloitte,CRM Software,1,3913,3913,Manchester
2024-08-22,KPMG,CRM Software,4,1643,6572,Birmingham
2024-04-03,Google,Data Warehouse,7,3989,27923,Leeds
2025-08-08,EY,AI Platform,8,4525,36200,Manchester
2024-02-26,Deloitte,Analytics Dashboard,7,3268,22876,Leeds
2024-12-26,Accenture,Cloud Suite,6,4420,26520,Birmingham
2024-03-30,EY,Data Warehouse,8,2227,17816,London
2024-02-25,Amazon,Analytics Dashboard,7,3860,27020,Edinburgh
2025-02-24,Deloitte,CRM Software,4,4369,17476,London
2025-03-19,Microsoft,Data Warehouse,4,2224,8896,Birmingham
2025-02-11,Google,CRM Software,5,2313,11565,Manchester
2024-12-12,HSBC,Data Warehouse,4,4749,18996,Birmingham
2025-11-29,TCS,Data Warehouse,9,3612,32508,Leeds
2025-01-01,Google,CRM Software,9,4305,38745,Edinburgh
2024-04-12,Amazon,Analytics Dashboard,3,2622,7866,London
2024-01-01,HSBC,CRM Software,2,4612,9224,Birmingham
2025-03-14,PwC,Cloud Suite,9,3686,33174,Birmingham
2025-06-26,KPMG,Cloud Suite,5,3365,16825,Birmingham
2025-05-24,HSBC,Analytics Dashboard,9,2275,20475,London
2025-08-29,KPMG,CRM Software,4,3764,15056,London
2025-05-11,Microsoft,AI Platform,2,1632,3264,London
2025-04-14,Google,Cloud Suite,5,3960,19800,Leeds
2025-03-18,Deloitte,Cloud Suite,8,1176,9408,Leeds
2025-08-17,Amazon,Analytics Dashboard,3,3434,10302,Manchester
2025-09-11,Google,Cloud Suite,8,3010,24080,Manchester
2025-08-14,Microsoft,Data Warehouse,1,4745,4745,Manchester
2025-01-29,Barclays,Data Warehouse,7,511,3577,Birmingham
2025-01-19,Accenture,AI Platform,7,2473,17311,London
2025-05-12,EY,Data Warehouse,7,4328,30296,Birmingham
2024-11-03,KPMG,CRM Software,9,3938,35442,London
2024-06-15,Accenture,CRM Software,2,1728,3456,Birmingham
2024-06-19,Accenture,Analytics Dashboard,2,4319,8638,Leeds
2025-11-12,EY,Analytics Dashboard,4,4614,18456,Birmingham
2025-11-17,Amazon,Data Warehouse,4,4421,17684,Manchester
2024-04-10,PwC,AI Platform,3,575,1725,Edinburgh
2025-12-04,Infosys,CRM Software,7,1799,12593,Leeds
2025-11-10,PwC,AI Platform,4,4963,19852,Manchester
2025-03-24,Infosys,AI Platform,2,4239,8478,Leeds
2025-09-05,KPMG,AI Platform,3,4810,14430,London
2025-07-05,EY,Analytics Dashboard,5,2698,13490,Birmingham
2024-02-26,Amazon,AI Platform,2,2981,5962,Birmingham
2024-08-29,Deloitte,Analytics Dashboard,5,2378,11890,Manchester
2025-06-24,Google,Cloud Suite,2,1071,2142,Edinburgh
2025-02-08,Accenture,AI Platform,4,1156,4624,Manchester
2024-03-20,HSBC,AI Platform,3,1204,3612,Edinburgh
2025-11-08,Accenture,AI Platform,3,4994,14982,Edinburgh
2025-01-23,KPMG,Analytics Dashboard,9,3648,32832,London
2025-08-30,KPMG,Data Warehouse,7,1561,10927,London
2024-12-23,KPMG,Analytics Dashboard,9,4722,42498,Edinburgh
2024-08-16,PwC,Data Warehouse,1,4680,4680,Manchester
2024-01-27,TCS,Data Warehouse,6,2118,12708,Manchester
2024-05-31,EY,Cloud Suite,9,4737,42633,Leeds
2024-01-15,Microsoft,Cloud Suite,5,2684,13420,Leeds
2024-08-06,Google,Data Warehouse,3,3705,11115,Birmingham
2025-12-10,Microsoft,AI Platform,2,4561,9122,Birmingham
2025-04-28,HSBC,Cloud Suite,6,1950,11700,Edinburgh
2025-09-23,KPMG,Data Warehouse,4,856,3424,Leeds
2024-10-26,Barclays,AI Platform,8,3799,30392,Leeds
2024-08-21,Infosys,CRM Software,3,2235,6705,London
2024-07-15,TCS,Cloud Suite,1,2251,2251,Birmingham
2024-10-12,Amazon,Analytics Dashboard,1,4788,4788,London
2025-11-01,Barclays,CRM Software,4,3085,12340,Leeds
2025-09-14,PwC,Data Warehouse,2,733,1466,Birmingham
2025-05-17,Accenture,CRM Software,4,1999,7996,London
2025-06-27,EY,Analytics Dashboard,5,1945,9725,Edinburgh
2025-09-03,KPMG,CRM Software,1,4474,4474,London
2024-04-08,Barclays,AI Platform,4,1129,4516,Birmingham
2025-11-11,Google,Data Warehouse,6,3934,23604,Leeds
2025-10-25,Accenture,AI Platform,6,3287,19722,Leeds
2024-05-20,Microsoft,CRM Software,4,3534,14136,London
2024-01-16,Deloitte,CRM Software,1,4369,4369,Leeds
2024-02-15,Microsoft,Cloud Suite,3,3072,9216,Birmingham
2025-07-10,Infosys,Analytics Dashboard,8,4493,35944,Leeds
2024-07-19,Google,CRM Software,5,3037,15185,London
2025-02-16,Accenture,Data Warehouse,4,903,3612,Leeds
2025-08-18,Infosys,AI Platform,9,2069,18621,Edinburgh
2024-07-26,TCS,Data Warehouse,4,3878,15512,Edinburgh
2025-07-23,KPMG,CRM Software,6,3543,21258,Manchester
2025-12-12,HSBC,Cloud Suite,2,4934,9868,Manchester
2024-03-27,EY,Cloud Suite,1,2175,2175,Edinburgh
2024-09-10,EY,AI Platform,2,872,1744,Manchester
2025-02-21,Infosys,AI Platform,6,2303,13818,Edinburgh
2024-11-28,TCS,Cloud Suite,4,1832,7328,Birmingham
2024-06-23,Accenture,Data Warehouse,6,2296,13776,Birmingham
2024-05-09,HSBC,Analytics Dashboard,6,1054,6324,Edinburgh
2025-11-20,Accenture,Analytics Dashboard,8,1033,8264,London
2024-01-03,Infosys,Data Warehouse,8,3331,26648,London
2024-03-12,Microsoft,Analytics Dashboard,2,1958,3916,Leeds
2024-03-24,PwC,AI Platform,3,4526,13578,London
2025-09-20,TCS,Data Warehouse,5,3471,17355,London
2025-04-12,HSBC,CRM Software,6,3216,19296,Manchester
2025-09-22,Amazon,CRM Software,6,3627,21762,Manchester
2024-04-05,Amazon,Analytics Dashboard,7,1242,8694,Manchester
2025-05-06,HSBC,Cloud Suite,1,1282,1282,London
2025-08-09,Microsoft,Data Warehouse,5,3849,19245,Birmingham
2024-03-25,Amazon,Cloud Suite,6,2886,17316,Leeds
2024-08-16,KPMG,Analytics Dashboard,7,1229,8603,Edinburgh
2024-10-12,TCS,Data Warehouse,8,4788,38304,Edinburgh
2025-12-04,Deloitte,CRM Software,7,4855,33985,Leeds
2025-09-07,TCS,AI Platform,6,538,3228,Edinburgh
2025-04-15,Amazon,Data Warehouse,4,2624,10496,Manchester
2024-08-19,Google,Data Warehouse,3,3757,11271,Edinburgh
2024-09-25,HSBC,Analytics Dashboard,2,3098,6196,Leeds
2024-08-29,Microsoft,Cloud Suite,6,2199,13194,London
2024-07-08,Amazon,Data Warehouse,8,4126,33008,Manchester
2025-08-20,Deloitte,Cloud Suite,7,1012,7084,Manchester
2025-05-07,HSBC,Analytics Dashboard,2,4307,8614,Birmingham
2025-11-01,HSBC,CRM Software,2,601,1202,London
2024-10-25,HSBC,CRM Software,4,4894,19576,London
2024-01-24,KPMG,Data Warehouse,5,2701,13505,London
2025-03-09,Barclays,Analytics Dashboard,4,4436,17744,Manchester
2025-09-25,TCS,Cloud Suite,6,4507,27042,Birmingham
2025-01-11,EY,Analytics Dashboard,7,2543,17801,Manchester
2025-10-04,Infosys,AI Platform,8,1447,11576,London
2025-04-08,TCS,Data Warehouse,8,3035,24280,London
2025-01-26,HSBC,AI Platform,9,2444,21996,Birmingham
2025-06-28,Amazon,AI Platform,7,684,4788,London
2024-08-11,HSBC,Data Warehouse,6,1077,6462,Manchester
2025-01-12,Amazon,CRM Software,1,1341,1341,Leeds
2024-06-04,HSBC,Data Warehouse,6,1913,11478,Edinburgh
2025-10-24,HSBC,Cloud Suite,2,3741,7482,Manchester
2025-10-22,EY,Cloud Suite,5,2060,10300,Leeds
2024-03-01,KPMG,Analytics Dashboard,9,2717,24453,Edinburgh
2024-02-01,HSBC,Data Warehouse,6,2637,15822,Leeds
2024-02-05,HSBC,Data Warehouse,1,1748,1748,Manchester
2024-09-25,Accenture,Analytics Dashboard,5,3693,18465,London
2025-01-23,HSBC,Cloud Suite,5,1515,7575,Manchester
2024-02-08,TCS,Cloud Suite,6,2435,14610,Manchester
2025-03-20,Infosys,Analytics Dashboard,1,1858,1858,Manchester
2025-12-14,PwC,Analytics Dashboard,6,1692,10152,London
2024-05-03,Barclays,Cloud Suite,9,1542,13878,Leeds
2024-08-13,Infosys,Data Warehouse,4,4477,17908,London
2024-03-20,HSBC,Data Warehouse,8,1040,8320,Manchester
2025-09-22,Accenture,AI Platform,7,904,6328,Leeds
2025-03-05,Microsoft,CRM Software,5,4174,20870,Birmingham
2024-03-03,Microsoft,Analytics Dashboard,1,924,924,Birmingham
2024-01-09,PwC,CRM Software,5,1533,7665,Edinburgh
2025-12-06,EY,Analytics Dashboard,4,2319,9276,Manchester
2025-05-26,PwC,Cloud Suite,9,983,8847,London
2024-12-23,Deloitte,Analytics Dashboard,3,1690,5070,London
2025-11-10,TCS,CRM Software,8,3909,31272,Birmingham
2024-02-25,Amazon,Cloud Suite,8,551,4408,Edinburgh
2024-09-18,Infosys,CRM Software,4,2877,11508,Birmingham
2024-08-28,Google,Cloud Suite,8,1728,13824,Birmingham
2024-07-29,Barclays,Cloud Suite,6,1416,8496,London
2024-10-23,Deloitte,Analytics Dashboard,4,4945,19780,Birmingham
2025-10-11,Amazon,AI Platform,3,2387,7161,Birmingham
2025-07-09,Google,Data Warehouse,7,2518,17626,Edinburgh
2025-09-13,Google,Cloud Suite,5,3669,18345,Birmingham
2025-01-04,Accenture,CRM Software,8,1666,13328,Birmingham
2025-10-03,Google,CRM Software,5,4187,20935,Edinburgh
2024-10-23,Microsoft,Cloud Suite,2,2206,4412,Birmingham
2024-04-10,Google,Analytics Dashboard,4,3013,12052,London
2025-03-19,Deloitte,CRM Software,5,2514,12570,Manchester
2024-04-29,HSBC,AI Platform,8,4731,37848,Edinburgh
2024-12-19,Accenture,AI Platform,1,3128,3128,Leeds
2025-07-27,Accenture,CRM Software,3,3992,11976,Leeds
2024-02-03,HSBC,Cloud Suite,9,2955,26595,London
2024-10-23,Microsoft,AI Platform,4,1905,7620,Manchester
2025-09-08,Amazon,Analytics Dashboard,3,4633,13899,Leeds
2025-09-22,PwC,CRM Software,1,2726,2726,Leeds
2024-12-20,Microsoft,AI Platform,6,987,5922,Manchester
2025-08-15,PwC,Analytics Dashboard,3,2980,8940,Birmingham
2025-02-18,KPMG,Data Warehouse,5,1198,5990,London
2025-12-06,TCS,AI Platform,7,1532,10724,Leeds
2025-03-14,Deloitte,Cloud Suite,9,2283,20547,London
2025-12-15,Deloitte,CRM Software,2,2813,5626,Leeds
2024-07-23,Infosys,Data Warehouse,4,561,2244,Edinburgh
2025-04-04,Infosys,CRM Software,6,2459,14754,London
2025-11-21,PwC,Data Warehouse,2,4461,8922,London
2025-08-31,TCS,Cloud Suite,6,3461,20766,Edinburgh
2025-08-02,Barclays,Data Warehouse,3,2631,7893,Leeds
2024-09-08,Deloitte,CRM Software,4,1833,7332,London
2025-03-01,Barclays,AI Platform,8,2452,19616,London
2025-10-31,EY,AI Platform,8,2274,18192,London
2024-08-30,PwC,Cloud Suite,6,652,3912,London
2025-02-27,Microsoft,AI Platform,7,4844,33908,Birmingham
2024-05-25,Google,CRM Software,7,3645,25515,Leeds
2025-12-27,KPMG,Cloud Suite,7,4582,32074,Leeds
2024-01-31,Google,Cloud Suite,2,2876,5752,Birmingham
2025-11-18,TCS,Data Warehouse,3,1437,4311,Leeds
2024-02-04,Amazon,CRM Software,7,2018,14126,Birmingham
2024-02-08,Infosys,AI Platform,2,3175,6350,London
2025-08-23,HSBC,Data Warehouse,8,3745,29960,London
2024-04-22,TCS,Analytics Dashboard,5,2059,10295,London
2024-04-22,PwC,AI Platform,9,3271,29439,Leeds
2024-01-24,KPMG,Data Warehouse,7,2216,15512,Manchester
2025-08-03,KPMG,Cloud Suite,5,549,2745,Edinburgh
2024-03-14,Accenture,Cloud Suite,2,2122,4244,Leeds
2024-12-21,EY,Data Warehouse,6,653,3918,Birmingham
2025-01-19,HSBC,AI Platform,9,3549,31941,Leeds
2025-07-31,Amazon,Analytics Dashboard,3,2111,6333,Manchester
2024-02-07,Accenture,Data Warehouse,9,2498,22482,Leeds
2025-07-10,HSBC,Cloud Suite,1,1212,1212,Manchester
2024-08-02,PwC,Data Warehouse,6,4269,25614,Leeds
2025-10-31,Amazon,Cloud Suite,4,4772,19088,Leeds
2024-02-06,TCS,AI Platform,2,3471,6942,Leeds
2024-12-19,Deloitte,Cloud Suite,1,1701,1701,Birmingham
2024-10-03,PwC,Cloud Suite,6,1637,9822,London
2025-11-20,Amazon,CRM Software,8,1451,11608,London
2024-07-19,Barclays,AI Platform,1,4858,4858,Manchester
2024-03-10,HSBC,CRM Software,6,1400,8400,Edinburgh
2024-01-10,Barclays,Cloud Suite,7,2422,16954,London
2025-10-11,Google,Analytics Dashboard,8,3981,31848,Manchester
2025-01-12,TCS,Data Warehouse,5,3415,17075,Birmingham
2025-02-13,TCS,Cloud Suite,1,1170,1170,Manchester
2024-01-25,Deloitte,Data Warehouse,4,907,3628,Birmingham
2025-03-09,KPMG,AI Platform,5,1219,6095,Leeds
2025-02-21,Deloitte,AI Platform,2,3788,7576,Edinburgh
2025-10-31,Microsoft,CRM Software,2,3153,6306,Edinburgh
2024-06-12,Amazon,Analytics Dashboard,6,3243,19458,Edinburgh
2024-07-02,Accenture,Analytics Dashboard,3,1196,3588,Birmingham
2025-01-14,TCS,Data Warehouse,1,3232,3232,Leeds
2024-08-12,TCS,AI Platform,8,2913,23304,Manchester
2024-09-04,TCS,Analytics Dashboard,8,1236,9888,Edinburgh
2024-06-19,KPMG,AI Platform,3,1558,4674,Edinburgh
2025-01-18,Amazon,Cloud Suite,1,4181,4181,London
2025-04-29,Amazon,Cloud Suite,3,2267,6801,Edinburgh
2025-05-03,KPMG,AI Platform,4,2395,9580,Edinburgh
2024-06-05,Barclays,Data Warehouse,5,3375,16875,London
2024-05-06,TCS,Analytics Dashboard,4,1140,4560,Edinburgh
2024-06-27,EY,AI Platform,3,1918,5754,Birmingham
2025-01-22,Amazon,AI Platform,1,3067,3067,Manchester
2025-09-12,Deloitte,Cloud Suite,5,2958,14790,Edinburgh
2024-01-11,TCS,CRM Software,6,2645,15870,Manchester
2025-10-29,Deloitte,CRM Software,3,2190,6570,Manchester
2025-05-22,TCS,Analytics Dashboard,4,1186,4744,Birmingham
2024-01-18,PwC,Cloud Suite,6,1685,10110,London
2025-01-18,Microsoft,Cloud Suite,4,2021,8084,Leeds
2024-02-12,KPMG,Analytics Dashboard,5,3770,18850,Manchester
2025-03-02,EY,Data Warehouse,7,2655,18585,Leeds
2024-12-18,Google,Analytics Dashboard,5,2493,12465,Birmingham
2025-03-05,Microsoft,AI Platform,1,1951,1951,Leeds
2024-04-27,EY,Cloud Suite,1,2943,2943,Edinburgh
2024-11-29,EY,Data Warehouse,1,3209,3209,Manchester
2024-01-11,HSBC,Data Warehouse,6,738,4428,Manchester
2024-10-17,PwC,AI Platform,1,2589,2589,Birmingham
2024-07-16,Amazon,AI Platform,1,783,783,Leeds
2024-01-11,PwC,AI Platform,5,4071,20355,Leeds
2025-07-29,Barclays,Analytics Dashboard,2,1308,2616,Leeds
2025-01-02,Infosys,Analytics Dashboard,7,3568,24976,Birmingham
2025-03-25,Infosys,Cloud Suite,8,2444,19552,Leeds
2025-01-15,Infosys,Data Warehouse,8,4872,38976,Manchester
2025-12-27,PwC,CRM Software,2,3990,7980,Leeds
2024-03-17,Infosys,Cloud Suite,1,4979,4979,Manchester
2024-08-29,Deloitte,Analytics Dashboard,7,4883,34181,London
2024-05-06,Microsoft,Analytics Dashboard,2,4553,9106,Manchester
2024-05-08,Accenture,Cloud Suite,7,839,5873,London
2025-07-21,EY,Cloud Suite,6,3838,23028,London
2025-03-08,Barclays,Analytics Dashboard,4,2797,11188,Birmingham
2025-02-18,Infosys,Cloud Suite,6,2009,12054,Edinburgh
2024-01-06,PwC,Analytics Dashboard,9,2080,18720,Manchester
2025-06-21,EY,CRM Software,5,2323,11615,Edinburgh
2024-10-08,Deloitte,Data Warehouse,4,3601,14404,London
2025-05-31,Barclays,Cloud Suite,3,1917,5751,Manchester
2025-09-09,HSBC,Data Warehouse,8,3328,26624,Manchester
2024-07-20,PwC,Cloud Suite,9,3105,27945,Manchester
2024-02-09,PwC,AI Platform,3,3633,10899,Birmingham
2024-06-22,TCS,CRM Software,3,2149,6447,Leeds
2024-05-22,Amazon,CRM Software,3,2458,7374,Leeds
2024-08-21,KPMG,Cloud Suite,8,3703,29624,Birmingham
2025-01-02,Accenture,AI Platform,7,4580,32060,Manchester
2025-06-13,Microsoft,Analytics Dashboard,2,1315,2630,Birmingham
2024-08-03,EY,Analytics Dashboard,6,1054,6324,Manchester
2025-10-02,Amazon,Analytics Dashboard,7,758,5306,Edinburgh
2024-07-19,KPMG,Data Warehouse,1,1265,1265,London
2025-01-12,KPMG,AI Platform,4,1883,7532,Leeds
2024-04-08,EY,AI Platform,9,1950,17550,Edinburgh
2025-11-25,PwC,CRM Software,4,2867,11468,Manchester
2025-03-26,Google,CRM Software,7,2044,14308,Leeds
2024-02-14,Deloitte,Data Warehouse,8,740,5920,Manchester
2024-04-04,Amazon,AI Platform,9,2865,25785,Edinburgh
2025-07-15,Amazon,Cloud Suite,4,2917,11668,London
2024-01-12,Infosys,Cloud Suite,7,1871,13097,Birmingham
2025-11-21,Microsoft,CRM Software,1,4348,4348,Edinburgh
2025-05-29,Barclays,Cloud Suite,3,1902,5706,Birmingham
2025-02-15,HSBC,AI Platform,7,1633,11431,Edinburgh
2025-08-24,Amazon,AI Platform,9,1821,16389,Birmingham
2025-07-14,Amazon,Cloud Suite,6,4078,24468,London
2024-01-27,TCS,AI Platform,8,978,7824,Manchester
2025-10-23,Microsoft,Data Warehouse,4,4400,17600,Manchester
2025-07-07,Deloitte,Cloud Suite,9,1898,17082,London
2024-10-29,KPMG,Cloud Suite,5,3730,18650,Manchester
2025-12-30,Google,AI Platform,3,1764,5292,Leeds
2024-07-30,Infosys,CRM Software,5,1883,9415,Birmingham
2024-05-15,TCS,CRM Software,3,3901,11703,Manchester
2025-05-18,TCS,Analytics Dashboard,4,3661,14644,Edinburgh
2025-01-11,Accenture,AI Platform,8,3986,31888,Edinburgh
2025-08-20,Amazon,AI Platform,7,842,5894,Leeds
2025-09-22,Accenture,CRM Software,5,2005,10025,London
2025-01-13,TCS,Cloud Suite,9,1270,11430,Manchester
2024-03-11,TCS,AI Platform,6,1731,10386,Edinburgh
2024-05-20,PwC,Analytics Dashboard,3,4347,13041,Edinburgh
2025-08-04,Amazon,Analytics Dashboard,3,4094,12282,Birmingham
2024-12-06,Deloitte,Analytics Dashboard,8,1751,14008,London
2024-12-30,Barclays,Cloud Suite,4,3783,15132,Manchester
2024-05-30,TCS,CRM Software,7,3455,24185,Edinburgh
2025-10-03,Microsoft,Cloud Suite,8,561,4488,Manchester
2025-05-07,Amazon,Data Warehouse,4,1755,7020,Manchester
2024-04-11,Accenture,Cloud Suite,9,1646,14814,Birmingham
2024-01-04,PwC,Analytics Dashboard,1,4349,4349,London
2025-12-16,TCS,Data Warehouse,2,2003,4006,Leeds
2025-06-25,Google,Data Warehouse,7,2913,20391,Leeds
2025-12-14,HSBC,CRM Software,4,1417,5668,Birmingham
2024-04-19,Google,Cloud Suite,3,3054,9162,Leeds
2024-12-15,PwC,Data Warehouse,7,843,5901,Leeds
2025-06-04,KPMG,Data Warehouse,1,3318,3318,Birmingham
2025-10-23,HSBC,Data Warehouse,9,1730,15570,Edinburgh
2024-02-21,TCS,CRM Software,1,521,521,Birmingham
2024-01-11,Accenture,Cloud Suite,6,4100,24600,Leeds
2024-07-03,HSBC,Analytics Dashboard,9,636,5724,Edinburgh
2024-10-05,EY,Data Warehouse,7,1006,7042,Manchester
2025-12-08,Microsoft,Data Warehouse,9,3514,31626,Leeds
2024-10-28,PwC,Data Warehouse,1,3522,3522,Edinburgh
2025-01-24,Infosys,AI Platform,5,3396,16980,Birmingham
2024-09-07,EY,Cloud Suite,4,3489,13956,London
2024-10-10,PwC,Analytics Dashboard,4,735,2940,Leeds
2024-04-09,PwC,Cloud Suite,4,2583,10332,Manchester
2025-06-23,Google,Cloud Suite,5,3200,16000,Leeds
2024-01-09,Google,AI Platform,7,4261,29827,Leeds
2025-08-16,KPMG,CRM Software,1,4000,4000,Manchester
2025-04-01,Microsoft,Cloud Suite,2,2129,4258,Leeds
2025-09-03,KPMG,Cloud Suite,5,3367,16835,Leeds
2025-04-23,Microsoft,CRM Software,1,913,913,London
2025-08-06,Deloitte,Data Warehouse,3,3123,9369,Birmingham
2025-09-30,HSBC,AI Platform,1,3648,3648,Edinburgh
2024-05-19,TCS,CRM Software,3,816,2448,Birmingham
2025-02-23,Infosys,Cloud Suite,2,1552,3104,London
2025-06-24,TCS,Data Warehouse,3,4221,12663,Birmingham
2024-07-07,KPMG,CRM Software,1,2830,2830,London
2025-07-23,Amazon,Data Warehouse,8,3044,24352,Edinburgh
2024-04-24,EY,Data Warehouse,4,4219,16876,Manchester
2025-08-24,PwC,AI Platform,5,3536,17680,Birmingham
2025-07-10,Barclays,Data Warehouse,9,3418,30762,Manchester
2024-04-28,Accenture,Analytics Dashboard,3,4622,13866,Manchester
2024-01-28,Deloitte,Analytics Dashboard,7,4798,33586,London
2024-10-27,Barclays,Analytics Dashboard,5,1141,5705,London
2025-04-30,EY,Analytics Dashboard,1,3417,3417,Edinburgh
2025-11-29,Deloitte,Analytics Dashboard,1,1962,1962,Birmingham
2025-10-29,Barclays,CRM Software,8,1232,9856,London
2024-08-01,Amazon,Analytics Dashboard,2,2510,5020,Manchester
2025-05-24,Barclays,Analytics Dashboard,2,3235,6470,London
2025-02-12,KPMG,Cloud Suite,5,3996,19980,Birmingham
2024-01-21,Microsoft,Cloud Suite,6,2119,12714,Leeds
2024-09-27,TCS,Analytics Dashboard,6,3402,20412,Manchester
2025-03-26,HSBC,CRM Software,8,4410,35280,Edinburgh
2024-03-11,Deloitte,Data Warehouse,4,2655,10620,Edinburgh
2025-12-22,TCS,Analytics Dashboard,6,4305,25830,Edinburgh
2024-05-24,EY,Data Warehouse,2,4398,8796,Leeds
2025-04-28,Microsoft,CRM Software,2,1360,2720,Leeds
2025-02-12,HSBC,Cloud Suite,9,4693,42237,London
2024-05-30,TCS,Analytics Dashboard,6,4139,24834,Manchester
2025-03-31,PwC,Cloud Suite,2,3613,7226,Edinburgh
2025-01-07,Infosys,Data Warehouse,4,3126,12504,Birmingham
2024-10-30,PwC,Analytics Dashboard,2,2768,5536,Edinburgh
2025-08-19,Infosys,Analytics Dashboard,6,4086,24516,London
2025-05-20,Deloitte,Data Warehouse,7,1132,7924,London
2025-05-27,Accenture,CRM Software,4,509,2036,London
2025-10-30,Google,Analytics Dashboard,7,941,6587,Edinburgh
2025-07-11,KPMG,Cloud Suite,3,2873,8619,Edinburgh
2025-06-17,Google,AI Platform,5,4306,21530,Edinburgh
2024-05-15,Deloitte,Analytics Dashboard,6,569,3414,London
2025-06-13,Accenture,AI Platform,5,2313,11565,Edinburgh
2025-03-03,PwC,Analytics Dashboard,1,3183,3183,Birmingham
2025-04-29,Barclays,Analytics Dashboard,4,2040,8160,Edinburgh
2024-05-08,KPMG,Data Warehouse,5,1337,6685,Manchester
2024-01-08,HSBC,CRM Software,6,4378,26268,Leeds
2025-07-10,Barclays,Analytics Dashboard,5,3379,16895,Edinburgh
2024-01-26,KPMG,Data Warehouse,3,4473,13419,Birmingham
2025-03-08,Amazon,CRM Software,5,2819,14095,Leeds
2024-02-01,EY,CRM Software,1,4044,4044,Edinburgh
2024-02-11,Accenture,Data Warehouse,7,4372,30604,Birmingham
2024-05-06,Amazon,Cloud Suite,5,4939,24695,Manchester
2024-03-08,EY,Data Warehouse,2,4807,9614,London
2025-04-24,Microsoft,Analytics Dashboard,1,4827,4827,Birmingham
2024-09-21,Microsoft,Cloud Suite,1,2175,2175,Edinburgh
2024-10-07,Amazon,Analytics Dashboard,7,3670,25690,Edinburgh
2024-09-12,HSBC,Data Warehouse,3,2571,7713,Birmingham
2024-09-26,Barclays,Cloud Suite,4,2675,10700,Edinburgh
2024-02-27,HSBC,Analytics Dashboard,5,1964,9820,Manchester
2024-01-25,PwC,CRM Software,7,3499,24493,London
2025-04-23,PwC,CRM Software,3,3851,11553,Edinburgh
2024-07-15,Deloitte,Data Warehouse,9,4890,44010,Leeds
2025-08-09,TCS,Cloud Suite,8,3297,26376,Edinburgh
2024-11-04,Amazon,AI Platform,1,4121,4121,London
2024-06-09,PwC,CRM Software,5,4407,22035,London
2025-08-02,EY,Analytics Dashboard,4,4419,17676,Birmingham
2025-01-25,Deloitte,Cloud Suite,1,3265,3265,Leeds
2025-09-04,Infosys,Cloud Suite,5,1461,7305,Birmingham
2024-05-26,EY,Cloud Suite,6,1545,9270,Leeds
2024-07-12,KPMG,AI Platform,2,1907,3814,Birmingham
2025-12-29,Barclays,Analytics Dashboard,6,959,5754,Manchester
2025-03-14,Infosys,Data Warehouse,3,1459,4377,Manchester
2025-07-14,Barclays,CRM Software,2,2677,5354,Birmingham
2025-02-06,Amazon,Data Warehouse,6,1374,8244,Manchester
2024-10-08,PwC,Data Warehouse,5,1824,9120,London
2024-10-12,EY,CRM Software,4,4253,17012,Manchester
2024-04-28,Microsoft,Data Warehouse,8,3664,29312,Edinburgh
2025-03-22,Microsoft,AI Platform,7,3365,23555,Leeds
2024-10-10,TCS,AI Platform,7,2914,20398,London
2025-05-06,Barclays,Cloud Suite,2,1965,3930,London
2024-07-06,EY,Cloud Suite,2,4749,9498,Birmingham
2024-08-04,KPMG,Analytics Dashboard,9,1524,13716,Manchester
2024-09-04,Microsoft,Cloud Suite,4,928,3712,Leeds
2025-05-09,KPMG,Analytics Dashboard,9,2495,22455,Leeds
2025-12-19,EY,CRM Software,8,4142,33136,London
2025-12-22,EY,AI Platform,1,3961,3961,Manchester
2024-10-01,Accenture,AI Platform,3,4756,14268,Manchester
2025-09-14,EY,Data Warehouse,2,3337,6674,Birmingham
2024-12-02,Accenture,AI Platform,4,4376,17504,Birmingham
2024-03-03,PwC,AI Platform,8,1787,14296,Birmingham
2024-12-26,EY,AI Platform,3,2350,7050,Edinburgh
2025-05-13,HSBC,Analytics Dashboard,2,4275,8550,Leeds
2025-08-10,KPMG,Analytics Dashboard,5,4969,24845,Leeds
2025-09-15,Infosys,CRM Software,5,2162,10810,Birmingham
2024-02-15,EY,Data Warehouse,9,2396,21564,London
2024-03-06,PwC,CRM Software,1,4343,4343,Birmingham
2025-02-01,HSBC,AI Platform,8,4692,37536,Edinburgh
2024-07-13,PwC,Analytics Dashboard,6,2887,17322,London
2025-11-30,Accenture,CRM Software,4,4228,16912,Edinburgh
2024-11-18,Accenture,CRM Software,3,4200,12600,Leeds
2024-11-08,Barclays,Data Warehouse,2,4324,8648,London
2025-08-15,Amazon,CRM Software,4,1853,7412,Edinburgh
2025-02-12,PwC,Analytics Dashboard,2,2283,4566,Manchester
2024-08-15,Google,AI Platform,1,3513,3513,Manchester
2024-06-02,Accenture,AI Platform,3,1047,3141,Edinburgh
2025-05-21,Accenture,Analytics Dashboard,5,1023,5115,Birmingham
2025-11-11,HSBC,Data Warehouse,9,4988,44892,London
2024-10-10,Barclays,Analytics Dashboard,5,3321,16605,Manchester
2024-05-23,PwC,Analytics Dashboard,5,1879,9395,Edinburgh
2025-03-25,Infosys,Data Warehouse,1,808,808,London
2025-05-06,Google,AI Platform,6,2414,14484,Birmingham
2024-12-10,Infosys,Analytics Dashboard,2,3348,6696,Manchester
2025-05-04,TCS,AI Platform,7,3152,22064,Birmingham
2024-07-11,EY,Cloud Suite,3,3566,10698,Edinburgh
2025-11-27,Infosys,Analytics Dashboard,6,742,4452,Leeds
2025-07-13,Barclays,Analytics Dashboard,1,626,626,Leeds
2025-02-11,Amazon,CRM Software,2,2625,5250,Manchester
2025-03-25,Barclays,CRM Software,6,4860,29160,Leeds
2025-11-12,Google,CRM Software,7,1582,11074,Leeds
2025-04-02,Infosys,Analytics Dashboard,7,3941,27587,Manchester
2024-09-01,Amazon,AI Platform,3,3991,11973,London
2024-08-29,Google,AI Platform,4,2728,10912,Leeds
2025-03-03,TCS,Cloud Suite,4,2698,10792,Birmingham
2025-12-20,KPMG,Data Warehouse,1,1948,1948,Edinburgh
2024-11-22,KPMG,Cloud Suite,7,3592,25144,Manchester
2024-09-11,Deloitte,AI Platform,8,1429,11432,Manchester
2025-05-14,Amazon,Data Warehouse,6,1830,10980,Manchester
2025-10-29,KPMG,Analytics Dashboard,5,4225,21125,Leeds
2025-06-02,Google,AI Platform,3,1242,3726,London
2025-06-26,Barclays,Cloud Suite,2,576,1152,London
2025-09-25,Microsoft,AI Platform,1,1494,1494,Birmingham
2024-01-09,PwC,Cloud Suite,1,2422,2422,Manchester
2025-10-26,Deloitte,Analytics Dashboard,2,4476,8952,Edinburgh
2024-03-21,Accenture,Data Warehouse,6,1725,10350,Birmingham
2024-10-18,PwC,CRM Software,8,3146,25168,Edinburgh
2025-11-14,Amazon,Data Warehouse,7,4181,29267,Leeds
2024-12-29,TCS,Data Warehouse,7,2279,15953,Edinburgh
2024-09-20,PwC,Cloud Suite,6,4714,28284,Birmingham
2024-04-29,TCS,Analytics Dashboard,2,1909,3818,Manchester
2024-05-26,HSBC,Data Warehouse,2,4699,9398,London
2025-07-21,Google,Cloud Suite,2,3474,6948,Birmingham
2024-05-28,Amazon,CRM Software,9,1607,14463,Birmingham
2024-09-21,KPMG,Data Warehouse,3,4842,14526,Manchester
2024-01-24,KPMG,Analytics Dashboard,6,1041,6246,Edinburgh
2025-02-13,EY,Data Warehouse,7,1726,12082,Manchester
2024-04-12,EY,Analytics Dashboard,4,4469,17876,Leeds
2025-07-12,EY,Data Warehouse,5,4613,23065,Edinburgh
2025-02-17,EY,Data Warehouse,7,2187,15309,Leeds
2025-01-10,KPMG,Data Warehouse,4,3077,12308,Edinburgh
2024-05-01,Accenture,Analytics Dashboard,7,4243,29701,Edinburgh
2025-12-27,EY,Data Warehouse,4,3310,13240,London
2024-11-09,HSBC,Data Warehouse,2,3768,7536,Manchester
2025-02-19,KPMG,Cloud Suite,8,3791,30328,Birmingham
2025-09-17,Barclays,Cloud Suite,6,853,5118,Leeds
2024-08-22,KPMG,Cloud Suite,4,4208,16832,Birmingham
2024-06-15,HSBC,Cloud Suite,4,646,2584,Edinburgh
2025-09-21,KPMG,Data Warehouse,8,2053,16424,London
2024-04-21,Microsoft,CRM Software,6,2740,16440,Manchester
2024-04-12,Infosys,Data Warehouse,9,3702,33318,Manchester
2025-02-03,Accenture,Data Warehouse,2,3317,6634,Leeds
2025-05-18,Microsoft,Data Warehouse,7,4417,30919,Edinburgh
2025-05-12,HSBC,AI Platform,1,3598,3598,London
2025-09-02,Deloitte,Analytics Dashboard,8,1237,9896,Leeds
2024-06-19,EY,Data Warehouse,1,4982,4982,London
2025-12-26,Amazon,Cloud Suite,7,1420,9940,Leeds
2025-02-14,EY,AI Platform,7,1943,13601,Leeds
2024-01-29,HSBC,Cloud Suite,6,4241,25446,Leeds
2024-05-18,HSBC,Data Warehouse,6,1859,11154,Birmingham
2025-09-02,KPMG,AI Platform,9,2660,23940,Birmingham
2024-04-25,Barclays,AI Platform,4,1690,6760,Edinburgh
2025-12-26,Amazon,Analytics Dashboard,7,547,3829,Leeds
2024-11-12,Barclays,Analytics Dashboard,6,4594,27564,Manchester
2025-02-27,PwC,Analytics Dashboard,2,4639,9278,Birmingham
2024-07-09,Microsoft,Cloud Suite,4,3554,14216,London
2024-11-01,KPMG,AI Platform,5,1453,7265,Manchester
2024-11-14,EY,Analytics Dashboard,9,739,6651,Edinburgh
2025-03-02,Amazon,AI Platform,8,4725,37800,Leeds
2025-02-03,KPMG,CRM Software,2,681,1362,Birmingham
2025-06-09,Accenture,Analytics Dashboard,9,1139,10251,Edinburgh
2025-05-08,Google,Data Warehouse,5,1038,5190,London
2024-06-19,KPMG,Cloud Suite,4,2850,11400,Edinburgh
2024-07-15,Google,Data Warehouse,4,1535,6140,London
2024-10-22,PwC,AI Platform,7,3365,23555,Edinburgh
2025-05-14,Accenture,CRM Software,9,1567,14103,Edinburgh
2024-04-07,PwC,CRM Software,1,1741,1741,Edinburgh
2024-03-16,EY,Data Warehouse,6,893,5358,Birmingham
2025-06-03,PwC,CRM Software,6,3071,18426,Edinburgh
2025-07-18,HSBC,AI Platform,1,2781,2781,Manchester
2024-03-15,Accenture,AI Platform,8,1930,15440,London
2025-10-08,HSBC,Analytics Dashboard,8,3856,30848,London
2025-10-21,Amazon,Data Warehouse,6,2330,13980,Edinburgh
2024-03-23,HSBC,Data Warehouse,7,3839,26873,London
2025-09-14,TCS,CRM Software,7,3303,23121,Manchester
2024-01-15,HSBC,Data Warehouse,4,1558,6232,Edinburgh
2024-10-09,Deloitte,CRM Software,5,927,4635,Manchester
2025-03-18,KPMG,CRM Software,2,1059,2118,London
2024-11-17,Deloitte,Cloud Suite,3,1089,3267,Birmingham
2024-07-22,Accenture,AI Platform,7,2029,14203,Edinburgh
2024-09-21,HSBC,Data Warehouse,5,2091,10455,Leeds
2025-08-06,EY,Data Warehouse,8,609,4872,Manchester
2025-08-18,Deloitte,AI Platform,8,2887,23096,Edinburgh
2025-08-08,Barclays,Data Warehouse,4,698,2792,London
2024-05-16,Accenture,Analytics Dashboard,4,2722,10888,London
2025-04-13,TCS,Data Warehouse,6,1364,8184,Edinburgh
2024-01-27,Amazon,AI Platform,3,1155,3465,Birmingham
2024-12-21,TCS,CRM Software,7,1314,9198,Manchester
2025-07-02,Amazon,Cloud Suite,3,2323,6969,Edinburgh
2024-11-06,Amazon,AI Platform,3,1835,5505,Edinburgh
2024-08-17,EY,Data Warehouse,4,570,2280,Manchester
2024-02-22,HSBC,Data Warehouse,8,2879,23032,Manchester
2024-03-19,Microsoft,Analytics Dashboard,5,3773,18865,Birmingham
2024-01-20,TCS,AI Platform,3,4039,12117,Manchester
2025-10-13,Barclays,Data Warehouse,6,4669,28014,Birmingham
2025-10-15,EY,Data Warehouse,4,4245,16980,Manchester
2025-10-01,KPMG,Cloud Suite,2,3803,7606,Manchester
2024-03-24,EY,Cloud Suite,3,2120,6360,Leeds
2025-11-25,Accenture,Data Warehouse,7,4352,30464,Birmingham
2024-12-16,PwC,Data Warehouse,3,2504,7512,Manchester
2025-06-08,Google,Cloud Suite,6,3283,19698,Leeds
2024-04-27,Google,Data Warehouse,8,4358,34864,Manchester
2025-01-01,EY,Cloud Suite,3,4257,12771,Edinburgh
2024-04-09,HSBC,Analytics Dashboard,4,4489,17956,Birmingham
2024-01-19,Google,Analytics Dashboard,3,877,2631,Manchester
2024-04-01,Infosys,Analytics Dashboard,3,1237,3711,Edinburgh
2024-03-15,Google,AI Platform,2,3504,7008,London
2025-03-10,Microsoft,Cloud Suite,3,1445,4335,London
2025-12-02,HSBC,CRM Software,4,3768,15072,Leeds
2024-01-30,Deloitte,Cloud Suite,6,1743,10458,Leeds
2024-01-12,HSBC,AI Platform,4,760,3040,Manchester
2024-08-16,Microsoft,AI Platform,3,4616,13848,Birmingham
2025-09-18,Barclays,Cloud Suite,3,1563,4689,Leeds
2025-06-02,Infosys,Analytics Dashboard,4,2056,8224,Edinburgh
2025-04-24,Google,Analytics Dashboard,1,3324,3324,Edinburgh
2024-09-27,PwC,Analytics Dashboard,8,3200,25600,Birmingham
2024-07-11,PwC,AI Platform,2,3329,6658,Birmingham
2025-03-22,Barclays,CRM Software,6,912,5472,London
2024-09-14,TCS,Data Warehouse,9,1927,17343,Edinburgh
2025-09-05,Deloitte,Data Warehouse,5,2142,10710,Manchester
2025-07-12,Google,AI Platform,5,2855,14275,Manchester
2024-08-06,Microsoft,AI Platform,1,4520,4520,Leeds
2024-05-28,Amazon,Data Warehouse,3,4468,13404,Birmingham
2024-04-24,EY,CRM Software,2,612,1224,London
2025-02-02,Microsoft,Data Warehouse,2,550,1100,Manchester
2025-06-11,HSBC,Analytics Dashboard,6,2520,15120,Edinburgh
2025-10-20,PwC,CRM Software,8,1374,10992,London
2025-12-08,Amazon,Cloud Suite,7,2318,16226,London
2025-10-13,Microsoft,Cloud Suite,7,4527,31689,London
2024-02-16,Microsoft,CRM Software,3,4942,14826,Edinburgh
2025-06-26,HSBC,AI Platform,2,2455,4910,Leeds
2024-08-16,Infosys,CRM Software,3,3912,11736,Edinburgh
2024-06-12,Microsoft,Analytics Dashboard,6,3319,19914,Birmingham
2024-09-02,Barclays,Cloud Suite,9,4099,36891,Leeds
2025-05-30,Accenture,CRM Software,8,541,4328,Manchester
2024-09-15,TCS,Data Warehouse,2,2620,5240,Manchester
2025-09-26,Barclays,AI Platform,1,4224,4224,Manchester
2025-07-09,Google,Cloud Suite,3,4336,13008,Birmingham
2024-05-08,Infosys,Analytics Dashboard,2,2936,5872,Manchester
2025-04-08,Accenture,CRM Software,3,3723,11169,Edinburgh
2025-02-08,Accenture,Analytics Dashboard,7,1935,13545,Birmingham
2025-01-04,Accenture,Analytics Dashboard,1,3911,3911,Leeds
2025-07-22,TCS,Cloud Suite,9,3892,35028,London
2025-10-23,Microsoft,Analytics Dashboard,8,2894,23152,London
2024-07-17,EY,Cloud Suite,2,4760,9520,Manchester
2024-03-03,PwC,Analytics Dashboard,8,4406,35248,Birmingham
2024-11-16,Microsoft,CRM Software,6,1115,6690,Birmingham
2024-09-10,Infosys,Data Warehouse,2,4951,9902,London
2024-10-30,TCS,Data Warehouse,7,2015,14105,Edinburgh
2025-01-01,KPMG,Analytics Dashboard,8,3784,30272,Edinburgh
2024-07-01,Barclays,Analytics Dashboard,7,4959,34713,London
2025-04-28,EY,Cloud Suite,8,1263,10104,London
2024-06-05,Google,Data Warehouse,6,2018,12108,London
2025-01-21,Microsoft,Analytics Dashboard,6,4053,24318,London
2025-10-31,KPMG,Data Warehouse,5,1865,9325,Leeds
2024-02-29,Google,CRM Software,7,830,5810,Edinburgh
2025-09-09,Amazon,Cloud Suite,5,3741,18705,London
2024-12-13,Infosys,Analytics Dashboard,2,4490,8980,London
2025-06-09,PwC,Cloud Suite,8,3170,25360,Leeds
2025-08-02,Infosys,CRM Software,6,1726,10356,Leeds
2024-05-31,TCS,AI Platform,2,4132,8264,Edinburgh
2025-02-13,PwC,Analytics Dashboard,6,3457,20742,Birmingham
2025-01-19,TCS,Analytics Dashboard,4,2665,10660,Manchester
2024-09-23,Infosys,Data Warehouse,2,2228,4456,Manchester
2024-12-02,Google,CRM Software,6,2347,14082,Manchester
2025-12-05,TCS,AI Platform,1,1258,1258,Manchester
2025-02-12,Accenture,CRM Software,1,4073,4073,London
2024-04-07,PwC,Analytics Dashboard,2,3515,7030,London
2024-11-17,KPMG,Analytics Dashboard,7,4593,32151,Leeds
2025-05-31,Deloitte,Cloud Suite,8,2241,17928,Manchester
2024-03-29,Barclays,Data Warehouse,5,3851,19255,Edinburgh
2024-06-17,Barclays,CRM Software,7,571,3997,Leeds
2024-06-28,Deloitte,Analytics Dashboard,9,3298,29682,Manchester
2024-06-02,Infosys,Analytics Dashboard,4,2374,9496,Manchester
2024-11-21,Accenture,Cloud Suite,4,2937,11748,Leeds
2024-12-25,Barclays,CRM Software,9,1478,13302,Birmingham
2024-12-31,Barclays,CRM Software,6,3882,23292,Birmingham
2024-04-23,Accenture,Data Warehouse,7,2116,14812,Edinburgh
2024-09-29,Deloitte,CRM Software,3,3568,10704,Manchester
2024-08-02,Google,Data Warehouse,9,2722,24498,London
2024-12-08,Google,Analytics Dashboard,5,2158,10790,London
2024-03-04,Barclays,Data Warehouse,7,1386,9702,Birmingham
2024-05-29,Barclays,Analytics Dashboard,7,4385,30695,Birmingham
2025-09-16,Deloitte,CRM Software,8,4918,39344,Edinburgh
2024-02-19,Microsoft,AI Platform,9,2643,23787,London
2025-05-25,PwC,CRM Software,1,4602,4602,Manchester
2024-03-23,Microsoft,AI Platform,2,1389,2778,Manchester
2025-10-18,PwC,AI Platform,9,1561,14049,Birmingham
2024-05-13,Deloitte,CRM Software,5,2539,12695,Edinburgh
2024-05-19,Google,AI Platform,8,4761,38088,Edinburgh
2024-05-26,HSBC,AI Platform,4,1679,6716,Manchester
2024-06-15,Microsoft,CRM Software,3,2324,6972,Manchester
2024-06-21,Deloitte,Analytics Dashboard,2,2454,4908,Edinburgh
2025-09-06,KPMG,Cloud Suite,3,2131,6393,Edinburgh
2024-03-16,Deloitte,Cloud Suite,5,2374,11870,Birmingham
2025-03-23,Accenture,Cloud Suite,8,3619,28952,Leeds
2024-12-04,HSBC,AI Platform,1,2823,2823,Edinburgh
2024-03-05,HSBC,Cloud Suite,1,4473,4473,London
2025-11-01,EY,Cloud Suite,9,4526,40734,Edinburgh
2025-01-12,Deloitte,AI Platform,9,553,4977,Leeds
2024-01-04,Deloitte,AI Platform,2,3029,6058,Birmingham
2025-04-05,Deloitte,Cloud Suite,3,972,2916,Edinburgh
2025-09-05,Deloitte,Analytics Dashboard,7,1405,9835,Edinburgh
2024-06-20,TCS,CRM Software,1,1692,1692,London
2024-09-24,TCS,Cloud Suite,9,831,7479,Leeds
2024-01-25,Amazon,Data Warehouse,6,2134,12804,London
2025-05-17,KPMG,CRM Software,7,4518,31626,Leeds
2024-04-30,EY,Cloud Suite,7,522,3654,London
2024-09-20,EY,Analytics Dashboard,7,3248,22736,Leeds
2024-04-29,TCS,AI Platform,7,3145,22015,Edinburgh
2024-09-02,Accenture,Analytics Dashboard,5,2709,13545,Leeds
2025-01-03,Amazon,AI Platform,8,775,6200,Edinburgh
2025-06-12,EY,Data Warehouse,5,2341,11705,Manchester
2024-02-19,Infosys,CRM Software,2,3877,7754,Edinburgh
2025-05-02,Deloitte,Cloud Suite,5,2953,14765,London
2025-12-26,Microsoft,Data Warehouse,7,3063,21441,Leeds
2025-05-18,EY,AI Platform,9,2113,19017,London
2024-11-15,HSBC,Cloud Suite,4,3566,14264,London
2024-05-18,PwC,Analytics Dashboard,2,3031,6062,Birmingham
2025-01-02,Accenture,Analytics Dashboard,8,3267,26136,Manchester
2025-01-08,HSBC,Analytics Dashboard,7,3686,25802,Leeds
2024-12-11,KPMG,CRM Software,8,1614,12912,Leeds
2025-02-01,Amazon,Data Warehouse,6,1095,6570,Leeds
2024-10-05,TCS,Analytics Dashboard,6,4909,29454,Leeds
2024-09-18,KPMG,Analytics Dashboard,9,1129,10161,Manchester
2024-05-09,Microsoft,Analytics Dashboard,6,2160,12960,Edinburgh
2025-06-17,Deloitte,Data Warehouse,7,784,5488,Edinburgh
2025-05-16,KPMG,Cloud Suite,4,3097,12388,Birmingham
2025-10-26,Microsoft,AI Platform,9,1387,12483,Manchester
2024-03-09,TCS,AI Platform,3,4564,13692,Birmingham
2025-04-23,Google,CRM Software,7,985,6895,Edinburgh
2025-03-29,Microsoft,Analytics Dashboard,9,4727,42543,Leeds
2025-01-28,Amazon,AI Platform,4,1815,7260,London
2025-06-08,Google,Cloud Suite,4,756,3024,Edinburgh
2025-05-29,KPMG,CRM Software,4,2167,8668,Birmingham
2024-09-26,Amazon,CRM Software,3,3322,9966,Leeds
2025-03-23,Google,AI Platform,1,4969,4969,Leeds
2025-12-04,Deloitte,Cloud Suite,4,4457,17828,London
2024-10-27,Amazon,Cloud Suite,3,1407,4221,Birmingham
2025-10-18,Barclays,Cloud Suite,4,3288,13152,Birmingham
2024-07-24,Google,AI Platform,9,3904,35136,Edinburgh
2025-01-22,Google,Analytics Dashboard,4,2818,11272,London
2025-03-12,Accenture,Cloud Suite,9,4568,41112,Edinburgh
2025-09-19,Microsoft,Analytics Dashboard,4,2920,11680,Birmingham
2024-03-07,Google,Cloud Suite,8,2632,21056,Birmingham
2025-09-10,TCS,Analytics Dashboard,3,2677,8031,Birmingham
2025-04-23,Microsoft,Data Warehouse,8,4242,33936,Edinburgh
2025-06-21,Deloitte,CRM Software,8,2505,20040,Manchester
2024-03-09,TCS,Cloud Suite,7,1314,9198,Birmingham
2025-12-30,Barclays,Cloud Suite,1,1206,1206,Manchester
2025-03-07,KPMG,AI Platform,1,4631,4631,Birmingham
2024-01-17,KPMG,AI Platform,6,3486,20916,Leeds
2024-09-23,HSBC,Cloud Suite,5,4174,20870,Birmingham
2025-01-12,Barclays,Analytics Dashboard,6,2330,13980,Manchester
2024-02-11,Amazon,CRM Software,9,4171,37539,London
2024-07-05,Infosys,AI Platform,9,4562,41058,Edinburgh
2025-11-15,Deloitte,Data Warehouse,1,3663,3663,London
2025-12-07,Google,AI Platform,7,2317,16219,Edinburgh
2025-01-02,Deloitte,AI Platform,5,2832,14160,Leeds
2024-12-26,Infosys,Analytics Dashboard,3,3488,10464,Birmingham
2024-11-03,KPMG,AI Platform,9,4928,44352,Birmingham
2024-01-16,HSBC,AI Platform,8,649,5192,Manchester
2024-07-31,Google,AI Platform,9,2175,19575,Birmingham
2024-12-07,KPMG,AI Platform,2,3567,7134,Birmingham
2025-02-24,Accenture,AI Platform,5,2270,11350,London
2025-11-09,PwC,CRM Software,3,1074,3222,Birmingham
2025-08-13,EY,CRM Software,3,2252,6756,Edinburgh
2025-05-10,Deloitte,AI Platform,6,796,4776,Birmingham
2025-12-27,Infosys,Cloud Suite,7,1784,12488,Manchester
2025-09-29,Accenture,Analytics Dashboard,2,4307,8614,Edinburgh
2024-05-25,Google,CRM Software,6,2002,12012,Manchester
2025-07-18,HSBC,Analytics Dashboard,4,2461,9844,Leeds
2025-07-25,Microsoft,Analytics Dashboard,2,965,1930,Leeds
2024-07-27,PwC,AI Platform,4,2852,11408,London
2024-02-13,Infosys,CRM Software,6,1787,10722,Manchester
2024-12-01,Barclays,Data Warehouse,7,4923,34461,Edinburgh
2025-04-05,Deloitte,Analytics Dashboard,1,942,942,Manchester
2025-06-16,KPMG,CRM Software,1,4875,4875,Manchester
2024-05-29,Infosys,Cloud Suite,8,2034,16272,Birmingham
2025-03-20,TCS,Analytics Dashboard,4,1268,5072,London
2025-10-15,Accenture,Cloud Suite,2,2234,4468,Leeds
2025-08-25,Infosys,Cloud Suite,1,4602,4602,London
2025-10-13,HSBC,CRM Software,7,1301,9107,London
2024-10-11,Accenture,Cloud Suite,1,4640,4640,London
2025-11-06,Amazon,CRM Software,2,3013,6026,Leeds
2025-07-07,Deloitte,Analytics Dashboard,7,3275,22925,Birmingham
2025-03-15,Amazon,Cloud Suite,4,4923,19692,London
2025-10-03,Accenture,Cloud Suite,9,2405,21645,Manchester
2024-08-16,HSBC,Analytics Dashboard,6,2547,15282,London
2025-07-16,Amazon,Analytics Dashboard,3,3060,9180,Leeds
2024-04-26,Google,Analytics Dashboard,9,2676,24084,Leeds
2024-07-08,Microsoft,CRM Software,3,4431,13293,Edinburgh
2025-01-29,Accenture,Analytics Dashboard,5,1067,5335,Birmingham
2025-07-04,Accenture,CRM Software,5,961,4805,Birmingham
2025-01-19,Microsoft,CRM Software,6,1896,11376,Edinburgh
2024-07-08,PwC,Data Warehouse,3,1315,3945,Manchester
2024-03-12,Infosys,Analytics Dashboard,5,4370,21850,Manchester
2025-11-01,HSBC,CRM Software,1,3963,3963,Leeds
2024-10-14,HSBC,AI Platform,3,4402,13206,Manchester
2025-12-20,TCS,Cloud Suite,1,4370,4370,Birmingham
2025-06-28,Accenture,Cloud Suite,3,3785,11355,Birmingham
2025-06-20,TCS,AI Platform,7,3597,25179,London
2025-01-26,HSBC,AI Platform,1,1777,1777,Edinburgh
2025-10-01,Accenture,Analytics Dashboard,9,513,4617,Birmingham
2025-02-07,Amazon,Data Warehouse,8,3790,30320,Leeds
2024-08-03,Infosys,Analytics Dashboard,5,4473,22365,Birmingham
2025-04-10,TCS,Analytics Dashboard,1,3733,3733,Birmingham
2025-01-10,Amazon,Analytics Dashboard,6,4489,26934,Manchester
2025-09-21,Microsoft,Data Warehouse,5,1293,6465,Edinburgh
2024-08-23,PwC,AI Platform,4,2520,10080,Edinburgh
2025-04-30,KPMG,Analytics Dashboard,2,3797,7594,Manchester
2024-11-28,TCS,AI Platform,9,1486,13374,Birmingham
2025-06-03,Amazon,Data Warehouse,5,4430,22150,Edinburgh
2024-07-05,Amazon,CRM Software,6,4339,26034,Manchester
2025-11-19,Google,AI Platform,4,2839,11356,Edinburgh
2025-08-14,Microsoft,Analytics Dashboard,5,1447,7235,Birmingham
2025-09-20,Microsoft,AI Platform,3,2740,8220,Birmingham
2024-04-10,Barclays,Data Warehouse,1,1036,1036,London
2025-10-04,EY,AI Platform,4,2362,9448,Edinburgh
2025-05-18,Google,AI Platform,2,886,1772,Manchester
2025-07-08,TCS,AI Platform,8,779,6232,Birmingham
2025-03-18,Accenture,AI Platform,8,2997,23976,Leeds
2025-01-27,Google,Data Warehouse,7,3860,27020,Manchester
2024-11-13,HSBC,CRM Software,1,4963,4963,Edinburgh
2024-12-30,HSBC,AI Platform,1,4781,4781,Leeds
2024-11-14,Infosys,Cloud Suite,9,4204,37836,London
2024-12-20,Accenture,Cloud Suite,2,2752,5504,Edinburgh
2025-01-16,Amazon,CRM Software,7,3090,21630,Manchester
2024-09-14,HSBC,Data Warehouse,7,2732,19124,Birmingham
2025-05-27,Amazon,AI Platform,8,2353,18824,Edinburgh
2025-01-26,Google,AI Platform,2,1949,3898,Edinburgh
2024-06-29,Deloitte,Cloud Suite,3,1376,4128,Manchester
2024-07-29,PwC,CRM Software,4,2892,11568,Edinburgh
2025-06-07,Barclays,AI Platform,9,980,8820,Birmingham
2025-10-03,Amazon,Cloud Suite,1,2801,2801,London
2024-01-05,EY,AI Platform,4,3283,13132,Birmingham
2025-10-15,EY,Analytics Dashboard,6,4228,25368,Manchester
2025-07-17,TCS,AI Platform,3,4606,13818,Manchester
2024-09-28,HSBC,AI Platform,9,3434,30906,Birmingham
2024-10-07,Accenture,Analytics Dashboard,7,1311,9177,Leeds
2025-01-13,Barclays,Cloud Suite,7,4348,30436,Edinburgh
2025-02-21,Google,Cloud Suite,2,1900,3800,Manchester
2024-06-18,PwC,Analytics Dashboard,2,1997,3994,Birmingham
2024-12-28,Infosys,Analytics Dashboard,3,4066,12198,London
2024-03-02,Deloitte,Cloud Suite,2,4051,8102,Manchester
2024-03-08,Accenture,Data Warehouse,3,1268,3804,Birmingham
2025-06-28,PwC,Data Warehouse,8,1350,10800,Edinburgh
2024-01-06,Accenture,Data Warehouse,5,3728,18640,London
2024-08-12,Google,Analytics Dashboard,7,4493,31451,London
2025-08-15,Amazon,Data Warehouse,9,677,6093,London
2024-05-11,Google,AI Platform,9,3501,31509,Edinburgh
2024-11-16,EY,Cloud Suite,1,1107,1107,London
2025-06-03,Microsoft,AI Platform,9,4944,44496,London
2025-01-24,Deloitte,AI Platform,1,1458,1458,Leeds
2025-06-24,Infosys,Data Warehouse,6,4516,27096,Birmingham
2024-09-22,Infosys,Data Warehouse,5,1975,9875,Edinburgh
2024-03-25,Accenture,Analytics Dashboard,4,1623,6492,Edinburgh
2024-10-04,Accenture,Cloud Suite,9,3355,30195,Manchester
2025-05-31,HSBC,Analytics Dashboard,2,2252,4504,Leeds
2024-02-27,HSBC,Analytics Dashboard,4,2862,11448,Manchester
2024-11-19,Infosys,Data Warehouse,3,556,1668,Edinburgh
2024-06-14,Amazon,Data Warehouse,7,1119,7833,Manchester
2025-07-19,Barclays,Data Warehouse,6,4671,28026,Edinburgh
2025-03-09,Infosys,AI Platform,7,4189,29323,Manchester
2025-09-06,Accenture,Cloud Suite,5,4368,21840,Leeds
2024-05-25,Infosys,Data Warehouse,9,3606,32454,Edinburgh
2024-10-12,HSBC,Cloud Suite,4,1855,7420,Manchester
2024-01-26,Barclays,CRM Software,3,3458,10374,Manchester
2025-10-20,Microsoft,Data Warehouse,5,717,3585,Birmingham
2025-01-02,EY,Cloud Suite,9,532,4788,Leeds
2025-02-28,PwC,Analytics Dashboard,7,4518,31626,Birmingham
2025-03-10,Microsoft,CRM Software,9,4373,39357,Manchester
2025-12-19,Google,Analytics Dashboard,8,2530,20240,Edinburgh
2025-12-17,Amazon,Cloud Suite,9,1262,11358,Leeds
2025-04-21,KPMG,CRM Software,3,2041,6123,Leeds
2025-02-24,Infosys,AI Platform,5,2483,12415,Birmingham
2025-03-09,TCS,Analytics Dashboard,6,3384,20304,Edinburgh
2025-08-14,KPMG,CRM Software,1,726,726,Leeds
2025-06-19,PwC,Cloud Suite,8,4034,32272,Edinburgh
2025-10-20,Barclays,Cloud Suite,7,3607,25249,Manchester
2024-02-20,PwC,Data Warehouse,1,2403,2403,Edinburgh
2024-10-04,Infosys,Data Warehouse,8,3955,31640,Edinburgh
2025-11-16,EY,Cloud Suite,8,3012,24096,Manchester
2024-09-07,Microsoft,CRM Software,5,517,2585,Birmingham
2025-12-16,HSBC,Cloud Suite,6,1413,8478,London
2024-11-24,TCS,Data Warehouse,4,1562,6248,Leeds
2025-10-09,Accenture,Cloud Suite,2,582,1164,Leeds
2024-01-27,Barclays,CRM Software,7,3241,22687,Leeds
2025-09-09,Amazon,AI Platform,8,4186,33488,Birmingham
2025-05-28,TCS,Analytics Dashboard,1,3685,3685,Edinburgh
2024-09-18,Barclays,Data Warehouse,3,2126,6378,Birmingham
2024-02-27,Google,CRM Software,4,4175,16700,Birmingham
2024-11-08,Amazon,Analytics Dashboard,6,4747,28482,Manchester
2024-04-14,TCS,AI Platform,5,2408,12040,Birmingham
2025-03-07,PwC,AI Platform,1,4623,4623,Birmingham
2025-06-27,Barclays,Data Warehouse,8,653,5224,Edinburgh
2024-04-17,Accenture,Analytics Dashboard,3,3296,9888,London
2024-11-16,Deloitte,Data Warehouse,6,913,5478,London
2025-10-17,EY,Cloud Suite,1,4544,4544,Leeds
2025-03-04,HSBC,AI Platform,7,4338,30366,Edinburgh
2024-01-24,Infosys,CRM Software,5,815,4075,Edinburgh
2024-08-01,Microsoft,CRM Software,5,2230,11150,Manchester
2024-08-02,Google,Cloud Suite,5,1956,9780,Birmingham
2025-06-19,Accenture,Cloud Suite,9,1758,15822,Edinburgh
2025-02-09,Deloitte,AI Platform,8,2468,19744,Edinburgh
2024-01-23,HSBC,CRM Software,6,4903,29418,London
2025-08-23,Accenture,AI Platform,9,949,8541,Leeds
2025-02-07,Amazon,Data Warehouse,5,743,3715,London
2024-08-24,KPMG,Analytics Dashboard,4,3608,14432,Edinburgh
2024-09-06,PwC,Analytics Dashboard,1,4738,4738,Edinburgh
2024-03-08,Google,Data Warehouse,3,4106,12318,London
2025-06-04,TCS,Cloud Suite,3,3666,10998,Birmingham
2024-01-03,Microsoft,Data Warehouse,2,4168,8336,Manchester
2024-02-12,TCS,Analytics Dashboard,2,1798,3596,Birmingham
2024-04-06,PwC,Analytics Dashboard,4,4368,17472,London
2025-12-21,Deloitte,AI Platform,5,3328,16640,Leeds
2024-04-10,Barclays,Data Warehouse,8,876,7008,London
2024-05-14,EY,CRM Software,8,2002,16016,London
2025-02-20,KPMG,Cloud Suite,2,3320,6640,London
2024-11-22,Accenture,Cloud Suite,3,4502,13506,Birmingham
2025-01-11,TCS,Data Warehouse,8,2256,18048,London
2025-04-29,Google,CRM Software,1,2574,2574,London
2024-03-02,KPMG,Cloud Suite,9,1987,17883,Edinburgh
2024-10-12,EY,CRM Software,2,3063,6126,Manchester
2024-10-13,PwC,Cloud Suite,8,4952,39616,Edinburgh
2024-05-18,Microsoft,CRM Software,7,4296,30072,Edinburgh
2024-10-31,PwC,Analytics Dashboard,2,1350,2700,Leeds
2025-09-18,Google,Data Warehouse,5,3649,18245,Leeds
2024-12-17,Barclays,AI Platform,6,3154,18924,Leeds
2025-03-21,Deloitte,CRM Software,5,2079,10395,Manchester
2024-12-10,HSBC,Cloud Suite,4,2218,8872,Edinburgh
2025-02-07,Infosys,Cloud Suite,9,1323,11907,Leeds
2025-01-01,EY,Data Warehouse,9,2469,22221,Leeds
2024-02-01,Infosys,CRM Software,7,3534,24738,Leeds
2025-12-12,PwC,CRM Software,3,1174,3522,Manchester
2025-10-16,KPMG,CRM Software,6,4694,28164,Birmingham
2024-01-12,KPMG,CRM Software,4,678,2712,Birmingham
2025-08-04,Deloitte,CRM Software,2,4791,9582,Edinburgh
2025-04-26,Microsoft,Analytics Dashboard,3,3934,11802,London
2025-09-09,Deloitte,AI Platform,9,4971,44739,Leeds
2025-01-07,Amazon,Analytics Dashboard,4,3180,12720,Birmingham
2025-01-08,Barclays,Data Warehouse,1,4678,4678,London
2024-01-01,HSBC,Cloud Suite,2,1909,3818,Leeds
2024-03-24,Accenture,Analytics Dashboard,7,1827,12789,Manchester
2025-11-25,Amazon,Data Warehouse,9,685,6165,London
2025-06-24,Microsoft,Cloud Suite,3,3898,11694,Birmingham
2024-09-11,Infosys,Cloud Suite,6,1285,7710,Manchester
2025-03-22,Infosys,Cloud Suite,4,2081,8324,Edinburgh
2025-06-13,Infosys,CRM Software,2,4562,9124,Birmingham
2025-05-02,Accenture,Data Warehouse,5,883,4415,Birmingham
2024-07-05,Microsoft,AI Platform,3,1413,4239,Manchester
2025-05-10,HSBC,Data Warehouse,4,2663,10652,Edinburgh
2024-01-20,Infosys,Data Warehouse,4,1877,7508,Edinburgh
2025-08-11,EY,AI Platform,9,1066,9594,Birmingham
2025-09-21,KPMG,CRM Software,9,4548,40932,Edinburgh
2025-03-16,TCS,AI Platform,6,2454,14724,London
2025-11-29,PwC,Cloud Suite,8,4566,36528,Birmingham
2024-05-30,Accenture,Analytics Dashboard,7,4749,33243,London
2025-05-14,EY,CRM Software,5,4603,23015,Leeds
2025-11-15,Deloitte,CRM Software,1,4178,4178,Manchester
2024-10-13,HSBC,AI Platform,6,3823,22938,Leeds
2025-01-13,Microsoft,Data Warehouse,6,3977,23862,London
2025-03-21,Google,CRM Software,7,4164,29148,Edinburgh
2024-07-01,Google,Data Warehouse,6,1672,10032,Leeds
2024-02-28,PwC,CRM Software,3,1501,4503,London
2025-02-17,Infosys,Data Warehouse,9,2514,22626,Edinburgh
2025-06-10,Deloitte,Data Warehouse,6,3387,20322,Edinburgh
2025-12-26,Infosys,Analytics Dashboard,2,2495,4990,Manchester
2025-07-25,KPMG,Analytics Dashboard,4,969,3876,Birmingham
2024-12-02,PwC,Data Warehouse,9,3101,27909,Edinburgh
2024-02-21,Google,CRM Software,9,3780,34020,Manchester
2025-01-25,Google,Analytics Dashboard,3,911,2733,Leeds
2024-12-10,Infosys,Analytics Dashboard,2,1087,2174,Edinburgh
2024-08-20,Barclays,Data Warehouse,2,2386,4772,London
2025-12-01,KPMG,AI Platform,4,1045,4180,Edinburgh
2025-10-02,PwC,Data Warehouse,4,2341,9364,Edinburgh
2024-04-28,Amazon,Data Warehouse,3,2290,6870,London
2025-03-24,Microsoft,Cloud Suite,7,655,4585,Birmingham
2025-07-29,Barclays,Data Warehouse,8,1951,15608,Leeds
2025-03-28,Google,CRM Software,5,1439,7195,Leeds
2024-03-10,PwC,Analytics Dashboard,6,2913,17478,Birmingham
2024-08-14,Microsoft,Data Warehouse,2,4602,9204,Birmingham
2025-12-12,Infosys,Data Warehouse,6,2667,16002,Edinburgh
2024-09-18,Barclays,Data Warehouse,2,2002,4004,London
2025-12-19,HSBC,CRM Software,5,1348,6740,Edinburgh
2024-02-27,Microsoft,Analytics Dashboard,9,3817,34353,Leeds
2025-12-24,Infosys,AI Platform,5,4616,23080,Leeds
2025-01-03,Deloitte,Cloud Suite,2,3666,7332,Leeds
2025-01-30,EY,CRM Software,6,1513,9078,Birmingham
2025-02-23,Barclays,CRM Software,7,1926,13482,Birmingham
2024-06-23,Microsoft,Data Warehouse,8,2956,23648,London
2025-09-10,Amazon,Cloud Suite,1,3425,3425,Birmingham
2024-01-09,EY,Cloud Suite,2,4260,8520,Edinburgh
2025-03-21,EY,CRM Software,5,2187,10935,Birmingham
2025-10-16,Amazon,AI Platform,4,3859,15436,Edinburgh
2024-07-02,Infosys,Analytics Dashboard,5,3930,19650,London
2024-12-15,Deloitte,Analytics Dashboard,4,3026,12104,London
2024-05-09,Infosys,CRM Software,6,2782,16692,Birmingham
2024-08-19,Barclays,Cloud Suite,1,2148,2148,Edinburgh
2025-10-12,Microsoft,Cloud Suite,2,1851,3702,Edinburgh
2024-07-02,Barclays,CRM Software,2,771,1542,Leeds
2025-08-06,EY,AI Platform,6,3167,19002,Birmingham
2025-02-03,EY,Data Warehouse,4,2628,10512,Edinburgh
2024-01-17,Deloitte,Data Warehouse,1,2673,2673,Manchester
2025-10-18,Google,AI Platform,9,1114,10026,Birmingham
2024-05-22,Google,AI Platform,5,2452,12260,Edinburgh
2024-09-20,PwC,Data Warehouse,8,3408,27264,London
2024-06-10,KPMG,AI Platform,3,2534,7602,Leeds
2025-11-02,PwC,Cloud Suite,6,3452,20712,Manchester
2024-12-03,HSBC,Data Warehouse,6,3541,21246,Leeds
2025-06-19,Deloitte,Analytics Dashboard,4,3365,13460,Leeds
2024-08-13,Barclays,Analytics Dashboard,8,2454,19632,Manchester
2024-06-29,Google,AI Platform,2,1985,3970,Edinburgh
2024-05-22,EY,Data Warehouse,5,2998,14990,Leeds
2024-03-02,EY,Data Warehouse,4,4250,17000,London
2024-12-29,PwC,AI Platform,6,3369,20214,Leeds
2024-05-16,TCS,Analytics Dashboard,8,3417,27336,Leeds
2024-09-14,PwC,AI Platform,3,3618,10854,Manchester
2025-12-02,Google,Analytics Dashboard,7,1892,13244,London
2024-09-22,Google,Data Warehouse,1,1289,1289,Birmingham
2024-10-26,Infosys,Cloud Suite,7,4969,34783,Leeds
2025-12-26,Microsoft,Cloud Suite,7,4707,32949,Edinburgh
2024-11-19,Infosys,Analytics Dashboard,3,2203,6609,Manchester
2025-08-26,HSBC,Data Warehouse,4,4328,17312,Leeds
2024-08-15,PwC,Data Warehouse,5,4079,20395,Manchester
2024-09-19,HSBC,AI Platform,6,3756,22536,Edinburgh
2025-03-22,Amazon,AI Platform,2,3535,7070,Edinburgh
2024-10-12,Barclays,CRM Software,1,4295,4295,Leeds
2024-04-09,HSBC,CRM Software,7,3529,24703,Manchester
2024-04-02,Accenture,CRM Software,1,2156,2156,Manchester
2024-12-23,Accenture,AI Platform,5,2845,14225,Birmingham
2024-09-12,EY,Analytics Dashboard,1,4813,4813,Birmingham
2024-11-12,Google,Cloud Suite,8,4670,37360,London
2024-12-01,EY,Analytics Dashboard,8,2521,20168,Manchester
2024-03-10,Accenture,CRM Software,9,4958,44622,Birmingham
2025-10-25,Amazon,Analytics Dashboard,2,3768,7536,Edinburgh
2025-07-25,Accenture,Cloud Suite,2,4936,9872,Manchester
2024-10-28,Barclays,AI Platform,7,3154,22078,Leeds
2025-02-28,PwC,CRM Software,5,1131,5655,Manchester
2024-12-27,EY,AI Platform,5,4900,24500,Birmingham
2024-07-23,PwC,Cloud Suite,6,1178,7068,Leeds
2024-10-26,KPMG,Analytics Dashboard,5,4045,20225,Leeds
2024-08-05,Deloitte,Analytics Dashboard,1,4951,4951,Leeds
2025-04-20,HSBC,Data Warehouse,4,908,3632,London
2025-06-04,Infosys,CRM Software,5,3241,16205,Manchester
2024-06-18,HSBC,Analytics Dashboard,5,2055,10275,Edinburgh
2024-10-21,Accenture,CRM Software,2,1012,2024,Leeds
2024-04-28,Deloitte,Data Warehouse,6,2649,15894,London
2025-03-30,HSBC,AI Platform,7,2879,20153,Birmingham
2025-03-20,EY,AI Platform,5,2835,14175,Leeds
2024-04-13,Google,Analytics Dashboard,1,4527,4527,Birmingham
2024-02-14,KPMG,Analytics Dashboard,1,763,763,Edinburgh
2025-03-31,KPMG,Analytics Dashboard,2,1824,3648,Birmingham
2025-04-29,Deloitte,AI Platform,4,2941,11764,Birmingham
2024-07-28,Deloitte,Analytics Dashboard,8,3735,29880,London
2024-09-02,KPMG,CRM Software,2,3655,7310,Birmingham
2024-07-27,Accenture,AI Platform,3,4189,12567,Leeds
2024-11-26,Amazon,CRM Software,2,4315,8630,Edinburgh
2025-11-22,KPMG,AI Platform,8,1232,9856,Edinburgh
2025-05-19,KPMG,Analytics Dashboard,1,4282,4282,Leeds
2025-07-29,Accenture,Analytics Dashboard,7,4018,28126,Manchester
2024-09-05,Infosys,Data Warehouse,1,1567,1567,Birmingham
2024-07-19,Accenture,Cloud Suite,4,1490,5960,Edinburgh
2025-09-23,KPMG,Cloud Suite,2,3954,7908,Leeds
2024-04-16,Microsoft,CRM Software,3,1371,4113,London
2024-05-07,Accenture,Analytics Dashboard,1,2861,2861,Birmingham
2024-12-25,Deloitte,Cloud Suite,1,1893,1893,Manchester
2024-04-22,EY,CRM Software,9,3030,27270,Leeds
2025-05-31,KPMG,CRM Software,5,3245,16225,London
2024-08-18,HSBC,AI Platform,3,789,2367,Manchester
2024-04-09,HSBC,AI Platform,3,894,2682,Birmingham
2024-04-01,Google,Analytics Dashboard,6,3179,19074,Birmingham
2025-06-19,Accenture,AI Platform,3,1878,5634,Leeds
2025-08-13,Google,Analytics Dashboard,6,3986,23916,Edinburgh
2025-03-03,TCS,Data Warehouse,4,1109,4436,Edinburgh
2024-01-21,TCS,Cloud Suite,6,4952,29712,Edinburgh
2024-01-21,Barclays,Analytics Dashboard,5,3569,17845,London
2025-09-14,PwC,Analytics Dashboard,7,503,3521,Edinburgh
2025-10-25,Accenture,Cloud Suite,2,2907,5814,London
2024-03-18,EY,Cloud Suite,4,1857,7428,Edinburgh
2025-05-10,Google,Cloud Suite,4,2105,8420,Leeds
2024-04-26,Infosys,Cloud Suite,7,1852,12964,Leeds
2025-02-22,Barclays,CRM Software,9,4791,43119,Edinburgh
2025-09-16,Amazon,Analytics Dashboard,5,1067,5335,Birmingham
2024-04-24,HSBC,Cloud Suite,3,3979,11937,Manchester
2024-11-18,Accenture,Data Warehouse,7,2320,16240,Manchester
2025-03-16,Microsoft,AI Platform,9,810,7290,Leeds
2025-11-14,TCS,CRM Software,7,3392,23744,Edinburgh
2025-04-20,Accenture,CRM Software,5,4184,20920,Leeds
2024-09-07,TCS,Analytics Dashboard,7,3011,21077,Manchester
2024-11-25,EY,Analytics Dashboard,3,779,2337,Birmingham
2024-06-12,EY,Data Warehouse,7,4371,30597,Leeds
2025-09-23,Deloitte,CRM Software,9,1427,12843,Leeds
2025-12-28,TCS,Cloud Suite,2,577,1154,Manchester
2024-02-07,Google,Cloud Suite,2,2199,4398,Leeds
2025-08-03,Barclays,AI Platform,6,1379,8274,Birmingham
2024-09-04,HSBC,CRM Software,1,4425,4425,London
2025-06-22,Microsoft,Cloud Suite,9,633,5697,London
2025-09-01,Amazon,Data Warehouse,3,1636,4908,London
2025-12-28,KPMG,AI Platform,2,2006,4012,Leeds
2024-11-10,Amazon,Data Warehouse,5,2484,12420,Edinburgh
2024-12-30,Infosys,Analytics Dashboard,5,3677,18385,Edinburgh
2024-07-03,Accenture,Analytics Dashboard,9,4298,38682,Leeds
2024-08-07,Amazon,AI Platform,4,2509,10036,Manchester
2024-01-29,Amazon,Cloud Suite,4,2211,8844,Birmingham
2025-12-06,Google,CRM Software,5,3691,18455,London
2025-08-28,TCS,Data Warehouse,1,840,840,Edinburgh
2024-08-15,Amazon,Cloud Suite,3,3528,10584,Edinburgh
2024-05-15,HSBC,Cloud Suite,3,1943,5829,Edinburgh
2025-06-22,Barclays,Analytics Dashboard,4,3415,13660,Edinburgh
2025-06-22,Barclays,Cloud Suite,8,4071,32568,Leeds
2025-10-27,Infosys,Analytics Dashboard,2,2146,4292,Leeds
2025-05-27,TCS,Cloud Suite,5,4498,22490,London
2024-08-14,Google,Data Warehouse,1,526,526,Leeds
2025-08-13,Google,AI Platform,9,840,7560,Manchester
2025-11-20,Amazon,AI Platform,6,2105,12630,Manchester
2025-12-17,Barclays,AI Platform,8,1608,12864,Edinburgh
2025-01-21,Google,CRM Software,6,2425,14550,Manchester
2024-10-29,KPMG,AI Platform,9,3318,29862,Birmingham
2025-06-23,Amazon,Cloud Suite,7,3944,27608,Edinburgh
2024-10-10,Deloitte,CRM Software,5,1321,6605,Manchester
2025-10-06,Microsoft,Data Warehouse,5,1766,8830,Leeds
2024-10-02,PwC,Analytics Dashboard,6,2843,17058,Manchester
2024-12-06,Deloitte,AI Platform,3,1887,5661,Leeds
2024-09-14,Deloitte,Data Warehouse,2,1563,3126,Manchester
2024-08-21,KPMG,Cloud Suite,7,4004,28028,Birmingham
2024-11-13,Barclays,AI Platform,7,3562,24934,London
2024-10-11,EY,Data Warehouse,6,2201,13206,Manchester
2024-05-21,PwC,AI Platform,8,4859,38872,London
2025-12-03,EY,Analytics Dashboard,7,3955,27685,Leeds
2024-02-06,Microsoft,Analytics Dashboard,6,4967,29802,Birmingham
2025-04-09,Barclays,Analytics Dashboard,8,1850,14800,Edinburgh
2025-11-30,Microsoft,CRM Software,8,833,6664,Birmingham
2024-07-18,TCS,Cloud Suite,6,2997,17982,Edinburgh
2025-08-08,Deloitte,AI Platform,9,4221,37989,Birmingham
2025-05-27,Deloitte,AI Platform,5,3760,18800,London
2025-11-16,TCS,Analytics Dashboard,6,4341,26046,Manchester
2025-01-30,Google,AI Platform,8,4419,35352,Edinburgh
2024-12-14,Infosys,Cloud Suite,4,4753,19012,Manchester
2024-07-14,EY,AI Platform,7,4090,28630,Leeds
2025-09-08,Microsoft,Cloud Suite,4,2585,10340,Leeds
2025-08-15,HSBC,Cloud Suite,3,3764,11292,Manchester
2025-09-07,EY,Analytics Dashboard,4,1444,5776,Edinburgh
2025-10-08,Amazon,Analytics Dashboard,5,970,4850,Leeds
2024-12-14,PwC,Analytics Dashboard,8,3029,24232,London
2024-03-18,EY,Cloud Suite,7,1263,8841,Birmingham
2025-11-22,TCS,CRM Software,7,1318,9226,Manchester
2024-06-03,Google,Cloud Suite,8,842,6736,London
2024-02-13,EY,AI Platform,1,3293,3293,Leeds
2025-01-15,Google,Data Warehouse,9,2400,21600,Edinburgh
2025-06-16,KPMG,CRM Software,8,967,7736,Manchester
2024-03-12,EY,CRM Software,5,1489,7445,Leeds
2024-06-15,Infosys,CRM Software,4,3075,12300,Edinburgh
2025-11-06,Accenture,Data Warehouse,4,754,3016,Manchester
2025-11-07,Microsoft,Data Warehouse,2,3033,6066,Birmingham
2024-09-09,Accenture,Analytics Dashboard,5,4931,24655,London
2024-02-22,Amazon,AI Platform,4,3940,15760,Manchester
2025-04-10,Accenture,Analytics Dashboard,5,3229,16145,Birmingham
2024-12-02,TCS,Analytics Dashboard,1,4700,4700,Manchester
2025-12-03,TCS,Analytics Dashboard,6,1790,10740,Birmingham
2025-10-14,Google,Cloud Suite,3,3475,10425,Leeds
2025-09-07,HSBC,AI Platform,9,4837,43533,Birmingham
2024-01-03,Barclays,CRM Software,1,4909,4909,Leeds
2025-02-14,KPMG,CRM Software,7,2405,16835,Edinburgh
2025-02-09,Infosys,CRM Software,6,2498,14988,Edinburgh
2024-10-21,HSBC,CRM Software,7,4164,29148,London
2025-06-01,Amazon,AI Platform,2,1063,2126,Edinburgh
2024-07-04,Deloitte,CRM Software,4,3474,13896,Birmingham
2025-12-10,KPMG,Data Warehouse,4,3133,12532,Edinburgh
2024-02-14,Google,Cloud Suite,6,2305,13830,Leeds
2024-09-20,TCS,AI Platform,8,4445,35560,London
2025-07-16,HSBC,Analytics Dashboard,3,1012,3036,London
2024-04-10,Deloitte,AI Platform,9,4946,44514,Birmingham
2025-03-26,EY,CRM Software,6,1401,8406,Manchester
2024-03-03,Amazon,AI Platform,9,2199,19791,London
2025-05-09,Infosys,Cloud Suite,7,2338,16366,Leeds
2025-08-23,HSBC,Analytics Dashboard,8,2839,22712,Manchester
2024-10-21,Deloitte,Data Warehouse,5,3181,15905,Edinburgh
2025-01-30,Google,Data Warehouse,6,3911,23466,Birmingham
2024-07-21,Barclays,Cloud Suite,5,4867,24335,Leeds
2025-05-03,Google,Data Warehouse,3,1854,5562,London
2025-12-02,HSBC,CRM Software,3,3989,11967,London
2025-08-02,TCS,Analytics Dashboard,2,2419,4838,Edinburgh
2025-08-30,TCS,Analytics Dashboard,2,3119,6238,Manchester
2025-06-20,KPMG,Cloud Suite,4,1014,4056,London
2024-10-06,KPMG,Analytics Dashboard,8,1055,8440,London
2024-10-20,EY,Analytics Dashboard,1,3373,3373,Birmingham
2025-07-09,Deloitte,Analytics Dashboard,7,4051,28357,Birmingham
2024-07-22,TCS,Cloud Suite,3,4495,13485,Birmingham
2024-05-30,TCS,CRM Software,7,3839,26873,Manchester
2024-04-24,Deloitte,AI Platform,6,1607,9642,Manchester
2024-06-02,Deloitte,CRM Software,6,2995,17970,London
2025-05-21,EY,CRM Software,3,2673,8019,Birmingham
2025-12-27,EY,Analytics Dashboard,1,3942,3942,Birmingham
2025-04-13,Accenture,AI Platform,3,2437,7311,Leeds
2025-11-08,Accenture,Data Warehouse,1,2801,2801,Birmingham
2025-07-24,Barclays,AI Platform,2,1981,3962,Birmingham
2024-10-10,Infosys,Cloud Suite,2,4287,8574,Edinburgh
2024-11-23,Barclays,Data Warehouse,3,4762,14286,Manchester
2025-08-30,Deloitte,Analytics Dashboard,8,3963,31704,Edinburgh
2024-10-01,KPMG,CRM Software,3,3733,11199,Edinburgh
2024-07-03,Barclays,Cloud Suite,3,1452,4356,Manchester
2024-10-25,Accenture,Analytics Dashboard,8,3963,31704,Edinburgh
2024-03-22,KPMG,Data Warehouse,4,603,2412,Manchester
2025-08-18,Microsoft,Analytics Dashboard,8,863,6904,Manchester
2025-01-03,Barclays,AI Platform,8,4730,37840,Edinburgh
2025-09-15,TCS,CRM Software,3,1945,5835,London
2024-05-24,PwC,CRM Software,3,1133,3399,Manchester
2024-02-18,Accenture,CRM Software,9,2972,26748,London
2025-10-22,EY,CRM Software,2,3251,6502,Leeds
2024-05-03,TCS,Data Warehouse,5,2418,12090,Leeds
2024-02-19,Accenture,AI Platform,7,4842,33894,Manchester
2025-07-03,Deloitte,Cloud Suite,3,1003,3009,Leeds
2025-10-22,Amazon,Analytics Dashboard,7,3859,27013,Manchester
2025-05-22,Google,AI Platform,1,2674,2674,Manchester
2025-06-12,Accenture,Cloud Suite,4,4080,16320,Leeds
2025-09-25,Google,CRM Software,1,1000,1000,Leeds
2024-05-30,Google,Cloud Suite,1,1019,1019,London
2024-01-29,KPMG,CRM Software,6,907,5442,Leeds
2025-09-15,Amazon,Data Warehouse,1,1166,1166,Leeds
2024-02-06,Amazon,Analytics Dashboard,2,4365,8730,London
2024-12-29,HSBC,Analytics Dashboard,1,2332,2332,Leeds
2024-09-23,Deloitte,Analytics Dashboard,8,2184,17472,London
2025-01-17,KPMG,CRM Software,9,1581,14229,Birmingham
2025-11-10,Amazon,Cloud Suite,7,4872,34104,Birmingham
2025-06-05,Microsoft,Cloud Suite,4,1512,6048,Edinburgh
2025-09-03,PwC,Analytics Dashboard,5,3602,18010,Leeds
2024-10-08,Barclays,CRM Software,1,4590,4590,Leeds
2024-06-18,Accenture,CRM Software,2,4686,9372,London
2025-10-20,PwC,AI Platform,3,3271,9813,Leeds
2025-03-16,EY,CRM Software,2,3968,7936,London
2024-11-25,EY,Analytics Dashboard,4,4960,19840,London
2025-05-21,Infosys,Cloud Suite,5,4844,24220,Edinburgh
2025-03-23,PwC,Analytics Dashboard,7,1603,11221,Manchester
2024-09-15,Accenture,Data Warehouse,7,1404,9828,Birmingham
2025-12-28,Deloitte,Data Warehouse,8,3678,29424,Manchester
2024-02-21,Google,Data Warehouse,9,2091,18819,Manchester
2025-07-10,EY,AI Platform,7,1250,8750,Leeds
2024-11-15,Microsoft,Cloud Suite,8,1816,14528,London
2024-04-17,HSBC,CRM Software,7,4277,29939,Leeds
2025-06-17,Infosys,CRM Software,3,4768,14304,Edinburgh
2024-11-25,EY,CRM Software,7,4916,34412,London
2025-02-02,TCS,CRM Software,2,4019,8038,Leeds
2025-04-05,Microsoft,Analytics Dashboard,3,1760,5280,Edinburgh
2025-02-13,EY,Data Warehouse,8,2834,22672,Manchester
2024-03-13,Infosys,CRM Software,6,942,5652,Leeds
2025-11-04,Amazon,AI Platform,6,2801,16806,Manchester
2024-12-20,Accenture,Cloud Suite,7,2976,20832,Edinburgh
2025-04-19,TCS,AI Platform,5,4510,22550,Manchester
2025-01-31,Accenture,Cloud Suite,7,2766,19362,Leeds
2024-07-09,Google,Data Warehouse,1,4689,4689,Leeds
2024-03-22,EY,CRM Software,2,4646,9292,London
2025-12-01,HSBC,AI Platform,4,1636,6544,Leeds
2025-09-14,Infosys,AI Platform,9,1915,17235,London
2024-03-03,Infosys,Analytics Dashboard,3,1624,4872,London
2025-06-15,PwC,CRM Software,3,1475,4425,Manchester
2024-07-11,PwC,Data Warehouse,6,4981,29886,Edinburgh
2025-07-02,TCS,Data Warehouse,1,4767,4767,Edinburgh
2024-12-02,EY,Data Warehouse,9,1165,10485,Manchester
2024-07-27,TCS,Data Warehouse,9,851,7659,Manchester
2024-02-17,Barclays,Analytics Dashboard,1,1649,1649,Birmingham
2024-09-01,Infosys,Analytics Dashboard,5,4850,24250,Manchester
2024-01-02,HSBC,CRM Software,3,628,1884,Birmingham
2024-05-25,Deloitte,AI Platform,5,1979,9895,Birmingham
2025-02-07,Microsoft,Data Warehouse,5,4697,23485,Manchester
2025-12-14,Accenture,AI Platform,7,1270,8890,Manchester
2024-07-18,Amazon,Cloud Suite,2,4697,9394,Birmingham
2024-11-26,Amazon,Data Warehouse,5,1009,5045,Leeds
2024-01-30,Infosys,Analytics Dashboard,5,2291,11455,Leeds
2024-11-03,HSBC,Analytics Dashboard,9,2483,22347,Leeds
2025-04-16,Google,Data Warehouse,2,4074,8148,Leeds
2024-02-10,Barclays,Cloud Suite,9,3624,32616,Leeds
2024-05-07,PwC,Data Warehouse,4,3513,14052,Leeds
2024-08-19,HSBC,Data Warehouse,7,2287,16009,Edinburgh
2024-07-19,Accenture,Data Warehouse,9,2679,24111,London
2024-02-21,KPMG,CRM Software,8,1561,12488,London
2025-07-20,TCS,CRM Software,8,2101,16808,Manchester
2025-03-02,Microsoft,Cloud Suite,6,3836,23016,Birmingham
2025-08-23,Accenture,CRM Software,6,902,5412,Manchester
2025-03-05,HSBC,Data Warehouse,3,3650,10950,Birmingham
2024-12-23,Infosys,AI Platform,1,4166,4166,Edinburgh
2025-04-20,Microsoft,AI Platform,6,2454,14724,Manchester
2024-05-31,Accenture,Cloud Suite,7,4436,31052,Leeds
2024-08-16,Amazon,Data Warehouse,3,4575,13725,London
2025-04-22,Barclays,Analytics Dashboard,2,1819,3638,Birmingham
2025-03-22,Infosys,Data Warehouse,3,1084,3252,Birmingham
2024-12-26,Barclays,Cloud Suite,8,855,6840,Birmingham
2025-10-14,Microsoft,Analytics Dashboard,7,4970,34790,Birmingham
2024-05-05,Google,Cloud Suite,8,4470,35760,Manchester
2025-11-09,Google,Data Warehouse,7,2231,15617,Edinburgh
2025-11-25,Microsoft,Analytics Dashboard,6,1405,8430,Birmingham
2025-05-06,HSBC,Data Warehouse,9,1040,9360,Edinburgh
2024-08-12,Microsoft,Analytics Dashboard,1,1804,1804,London
2025-04-28,Accenture,Data Warehouse,9,2512,22608,London
2025-08-30,EY,AI Platform,7,1813,12691,Edinburgh
2024-11-05,PwC,Data Warehouse,6,4014,24084,London
2024-01-02,EY,Analytics Dashboard,6,2114,12684,Manchester
2024-08-12,Accenture,Cloud Suite,5,1017,5085,Leeds
2024-04-19,Amazon,AI Platform,3,4173,12519,Manchester
2024-01-30,KPMG,AI Platform,3,2205,6615,Edinburgh
2025-01-08,Microsoft,Data Warehouse,1,2799,2799,London
2025-07-16,Microsoft,Data Warehouse,3,3158,9474,Leeds
2024-10-02,TCS,Cloud Suite,8,1281,10248,Manchester
2025-05-18,EY,CRM Software,1,3718,3718,Birmingham
2024-02-25,KPMG,Data Warehouse,6,3399,20394,London
2024-12-31,Deloitte,AI Platform,5,1224,6120,Birmingham
2024-04-28,Infosys,Analytics Dashboard,8,807,6456,Birmingham
2025-07-22,TCS,CRM Software,9,3168,28512,Edinburgh
2025-04-24,Barclays,AI Platform,4,1085,4340,Birmingham
2024-09-18,EY,Data Warehouse,3,4310,12930,Edinburgh
2024-10-01,Amazon,Cloud Suite,8,3985,31880,Manchester
2024-08-30,Accenture,CRM Software,2,2237,4474,Manchester
2024-11-14,PwC,AI Platform,8,4772,38176,Leeds
2025-10-23,TCS,AI Platform,9,4884,43956,Birmingham
2025-09-08,Deloitte,Cloud Suite,4,632,2528,London
2024-08-08,Deloitte,Analytics Dashboard,1,631,631,London
2025-08-03,PwC,Cloud Suite,7,4940,34580,Leeds
2024-07-14,Amazon,Cloud Suite,2,3176,6352,Edinburgh
2024-08-04,Accenture,CRM Software,9,4955,44595,Edinburgh
2025-10-30,HSBC,CRM Software,1,1934,1934,Edinburgh
2024-08-30,Barclays,AI Platform,3,3316,9948,Leeds
2024-12-30,Amazon,Cloud Suite,4,2477,9908,Edinburgh
2025-11-23,PwC,CRM Software,8,2975,23800,Manchester
2025-05-27,EY,AI Platform,3,1299,3897,Leeds
2025-12-24,PwC,Analytics Dashboard,7,971,6797,Edinburgh
2024-10-24,EY,Analytics Dashboard,8,3595,28760,London
2025-07-20,HSBC,AI Platform,3,2199,6597,London
2024-01-15,Accenture,Data Warehouse,2,2816,5632,London
2025-11-01,HSBC,Analytics Dashboard,8,668,5344,London
2025-06-27,HSBC,AI Platform,2,3227,6454,Manchester
2024-12-20,HSBC,AI Platform,2,3012,6024,Birmingham
2025-06-18,Google,Cloud Suite,5,4848,24240,Birmingham
2024-02-12,KPMG,Cloud Suite,9,3445,31005,London
2024-12-26,Microsoft,AI Platform,3,3019,9057,London
2024-06-09,Infosys,CRM Software,6,2754,16524,Leeds
2025-05-18,Microsoft,Cloud Suite,1,2814,2814,London
2025-11-27,Amazon,AI Platform,2,699,1398,Birmingham
2025-05-12,PwC,CRM Software,3,4493,13479,London
2025-07-27,HSBC,Analytics Dashboard,9,779,7011,Leeds
2024-08-25,Infosys,Cloud Suite,5,4201,21005,Birmingham
2024-11-10,EY,AI Platform,1,4874,4874,Leeds
2025-10-27,KPMG,Cloud Suite,4,2507,10028,Manchester
2024-04-10,Google,Cloud Suite,6,1824,10944,London
2024-03-22,EY,Data Warehouse,8,2504,20032,Leeds
2025-01-11,TCS,Cloud Suite,4,742,2968,London
2024-12-10,EY,Analytics Dashboard,8,515,4120,Leeds
2024-09-22,PwC,Data Warehouse,4,2323,9292,Manchester
2024-01-11,EY,CRM Software,3,3291,9873,Birmingham
2024-02-01,Microsoft,AI Platform,9,3532,31788,London
2024-02-14,TCS,CRM Software,4,3548,14192,Leeds
2025-02-26,Google,CRM Software,2,1647,3294,Manchester
2024-02-28,KPMG,Data Warehouse,9,4839,43551,Edinburgh
2024-09-20,Deloitte,CRM Software,5,3002,15010,Manchester
2025-06-27,Infosys,AI Platform,6,3877,23262,Birmingham
2025-10-01,Barclays,CRM Software,7,3768,26376,Manchester
2024-03-10,HSBC,Cloud Suite,2,3072,6144,Leeds
2024-04-11,HSBC,Data Warehouse,2,832,1664,Edinburgh
2025-05-01,HSBC,CRM Software,3,2457,7371,Birmingham
2025-12-30,TCS,Cloud Suite,4,1430,5720,Manchester
2025-11-10,EY,Cloud Suite,2,4841,9682,Birmingham
2025-04-16,PwC,Cloud Suite,9,1644,14796,Birmingham
2025-07-31,EY,Cloud Suite,8,1005,8040,London
2024-07-28,Barclays,AI Platform,5,1032,5160,Birmingham
2024-12-25,TCS,Cloud Suite,2,2847,5694,Edinburgh
2024-01-04,Infosys,Cloud Suite,9,1236,11124,Edinburgh
2024-07-03,PwC,Analytics Dashboard,6,3565,21390,Birmingham
2024-03-26,EY,Analytics Dashboard,6,2685,16110,Edinburgh
2025-06-14,KPMG,Data Warehouse,1,2420,2420,Edinburgh
2024-06-08,HSBC,AI Platform,9,2760,24840,London
2025-03-02,Barclays,Cloud Suite,5,2309,11545,Leeds
2024-08-30,TCS,CRM Software,6,2942,17652,Edinburgh
2024-12-02,KPMG,CRM Software,7,2796,19572,London
2025-12-08,Infosys,Analytics Dashboard,5,3373,16865,Birmingham
2025-05-31,EY,CRM Software,1,4991,4991,London
2024-01-01,Microsoft,Analytics Dashboard,9,4882,43938,Manchester
2025-10-03,Amazon,Analytics Dashboard,9,4626,41634,Leeds
2025-03-27,EY,Data Warehouse,1,1224,1224,Edinburgh
2024-06-12,Microsoft,Analytics Dashboard,9,4572,41148,Manchester
2025-07-28,EY,Cloud Suite,8,1426,11408,Edinburgh
2025-02-09,TCS,AI Platform,4,2707,10828,London
2025-11-18,Accenture,AI Platform,6,3661,21966,Leeds
2024-04-20,EY,Analytics Dashboard,2,2335,4670,London
2024-01-21,Google,CRM Software,2,3419,6838,Birmingham
2024-05-08,Microsoft,Analytics Dashboard,9,843,7587,London
2025-08-26,Google,Data Warehouse,8,2648,21184,Edinburgh
2025-05-14,HSBC,Analytics Dashboard,2,4733,9466,Leeds
2025-12-12,Google,Analytics Dashboard,7,1379,9653,Manchester
2024-07-27,KPMG,Cloud Suite,6,2805,16830,London
2024-01-24,Amazon,Analytics Dashboard,1,3351,3351,Edinburgh
2024-01-10,Infosys,Analytics Dashboard,3,2229,6687,Birmingham
2025-05-04,PwC,Analytics Dashboard,5,3394,16970,Leeds
2025-04-25,Deloitte,Data Warehouse,9,4924,44316,London
2025-05-20,EY,Data Warehouse,7,3558,24906,Manchester
2024-06-28,Infosys,AI Platform,3,3682,11046,Edinburgh
2025-02-14,EY,AI Platform,8,2382,19056,London
2024-09-28,Microsoft,Cloud Suite,1,2666,2666,London
2025-11-19,Accenture,AI Platform,2,3904,7808,Edinburgh
2024-06-05,TCS,CRM Software,8,3229,25832,Leeds
2025-02-28,Amazon,Analytics Dashboard,8,1992,15936,Edinburgh
2025-09-23,Barclays,Cloud Suite,1,4360,4360,Leeds
2024-09-07,Accenture,AI Platform,9,4092,36828,London
2025-05-14,HSBC,Data Warehouse,4,1474,5896,Edinburgh
2024-03-21,Google,AI Platform,4,4394,17576,Leeds
2025-05-22,Amazon,CRM Software,1,2712,2712,London
2024-05-12,Barclays,Data Warehouse,7,4057,28399,Manchester
2024-11-30,KPMG,CRM Software,7,2383,16681,Birmingham
2025-11-15,Deloitte,Data Warehouse,3,4983,14949,Birmingham
2024-12-10,Infosys,Data Warehouse,8,3598,28784,Leeds
2025-01-15,Microsoft,AI Platform,8,1677,13416,Manchester
2024-01-22,Barclays,Analytics Dashboard,5,3435,17175,Edinburgh
2024-02-06,Google,Analytics Dashboard,4,2885,11540,Edinburgh
2025-10-13,EY,Data Warehouse,4,3886,15544,Manchester
2025-01-10,Infosys,AI Platform,8,516,4128,London
2024-08-24,PwC,Cloud Suite,1,523,523,Leeds
2024-10-26,EY,AI Platform,9,2015,18135,London
2025-02-03,TCS,Cloud Suite,2,2947,5894,Edinburgh
2024-05-20,Accenture,Cloud Suite,2,3435,6870,London
2024-04-14,KPMG,Data Warehouse,5,3099,15495,London
2025-10-08,KPMG,AI Platform,8,2395,19160,Leeds
2024-07-03,Deloitte,CRM Software,8,2738,21904,Manchester
2025-12-27,Google,AI Platform,6,1896,11376,Birmingham
2025-07-07,Amazon,CRM Software,7,3578,25046,Leeds
2025-09-25,EY,Data Warehouse,3,3591,10773,London
2024-09-10,Barclays,Data Warehouse,1,2250,2250,Edinburgh
2024-08-02,Barclays,Data Warehouse,8,1105,8840,London
2024-11-14,Amazon,Cloud Suite,9,1677,15093,Leeds
2024-08-27,KPMG,Cloud Suite,4,1996,7984,London
2024-08-26,HSBC,Analytics Dashboard,3,2116,6348,Edinburgh
2024-09-04,PwC,Data Warehouse,4,2091,8364,Birmingham
2025-08-10,Infosys,Cloud Suite,1,2065,2065,Manchester
2025-12-22,EY,Analytics Dashboard,1,1154,1154,London
2025-05-31,Deloitte,CRM Software,5,4790,23950,Birmingham
2025-09-28,Infosys,Data Warehouse,2,3276,6552,London
2024-04-22,EY,Data Warehouse,2,2160,4320,Birmingham
2025-03-09,Deloitte,Analytics Dashboard,7,637,4459,London
2025-12-30,Amazon,AI Platform,8,1233,9864,Leeds
2025-01-11,Accenture,Analytics Dashboard,6,3827,22962,Edinburgh
2024-04-29,PwC,CRM Software,7,3638,25466,London
2025-11-27,PwC,Data Warehouse,5,2296,11480,Birmingham
2025-09-26,Amazon,CRM Software,1,4031,4031,London
2024-06-02,Deloitte,AI Platform,4,3141,12564,London
2024-10-26,EY,Data Warehouse,5,710,3550,Manchester
2025-02-22,HSBC,AI Platform,3,2866,8598,Birmingham
2025-06-29,Amazon,Data Warehouse,9,3242,29178,Birmingham
2024-07-26,Accenture,AI Platform,1,1813,1813,Manchester
2024-09-10,Infosys,Analytics Dashboard,2,1979,3958,Birmingham
2024-04-23,Deloitte,Cloud Suite,2,2875,5750,Edinburgh
2024-06-18,PwC,AI Platform,3,4535,13605,London
2024-08-22,Barclays,AI Platform,1,3589,3589,Birmingham
2025-01-15,KPMG,AI Platform,6,1204,7224,London
2024-02-15,PwC,Data Warehouse,1,1268,1268,Birmingham
2025-10-13,EY,Data Warehouse,4,583,2332,Manchester
2024-06-04,Accenture,Cloud Suite,8,2893,23144,Birmingham
2024-04-06,Google,Data Warehouse,5,3349,16745,Manchester
2024-03-27,KPMG,Cloud Suite,8,2340,18720,London
2024-03-29,HSBC,Cloud Suite,1,2231,2231,Manchester
2025-11-16,PwC,Analytics Dashboard,4,2828,11312,London
2025-06-16,Google,CRM Software,9,641,5769,Birmingham
2024-07-26,Infosys,Data Warehouse,7,1709,11963,Edinburgh
2024-03-21,Amazon,Analytics Dashboard,6,2296,13776,Leeds
2025-04-04,EY,Data Warehouse,9,4388,39492,London
2024-07-07,HSBC,AI Platform,5,1909,9545,Birmingham
2024-06-19,Accenture,Analytics Dashboard,9,1691,15219,Edinburgh
2025-05-25,Barclays,CRM Software,2,2525,5050,Edinburgh
2024-05-29,Amazon,AI Platform,4,3983,15932,Leeds
2024-01-14,Google,Data Warehouse,8,2237,17896,Leeds
2024-11-16,EY,CRM Software,8,3919,31352,Manchester
2024-11-21,Infosys,Cloud Suite,5,1079,5395,Manchester
2024-06-06,Microsoft,Data Warehouse,2,1305,2610,Manchester
2024-05-26,KPMG,Data Warehouse,8,3139,25112,Edinburgh
2025-01-30,HSBC,AI Platform,8,3887,31096,Manchester
2025-02-26,EY,Cloud Suite,9,2534,22806,Edinburgh
2024-12-04,PwC,Analytics Dashboard,3,2522,7566,Edinburgh
2025-04-06,HSBC,Data Warehouse,6,2661,15966,Leeds
2024-09-27,PwC,Cloud Suite,7,1023,7161,Manchester
2024-07-08,HSBC,Analytics Dashboard,9,2198,19782,Edinburgh
2025-07-09,Deloitte,Cloud Suite,7,3383,23681,Edinburgh
2025-07-18,Deloitte,Analytics Dashboard,2,1482,2964,Edinburgh
2025-01-23,Amazon,Cloud Suite,5,2077,10385,London
2024-04-10,EY,Data Warehouse,5,4734,23670,Edinburgh
2024-03-09,HSBC,AI Platform,5,1751,8755,Leeds
2025-10-07,HSBC,AI Platform,8,2929,23432,Manchester
2025-04-15,Infosys,AI Platform,7,534,3738,Manchester
2025-08-25,HSBC,Data Warehouse,9,3971,35739,London
2024-04-29,Barclays,Analytics Dashboard,1,2090,2090,Manchester
2024-02-16,Accenture,Analytics Dashboard,2,4488,8976,London
2025-09-21,PwC,CRM Software,9,3882,34938,London
2024-06-25,Accenture,CRM Software,4,4016,16064,London
2024-04-23,Google,Data Warehouse,4,3535,14140,Manchester
2024-12-14,Google,Data Warehouse,1,1309,1309,Edinburgh
2025-09-29,Amazon,Cloud Suite,6,2933,17598,Birmingham
2024-05-23,Infosys,CRM Software,4,4042,16168,Birmingham
2025-02-16,Accenture,Data Warehouse,9,1362,12258,Edinburgh
2025-08-15,Google,Cloud Suite,5,4961,24805,London
2025-09-22,Google,Data Warehouse,9,1410,12690,Leeds
2025-06-29,Accenture,Data Warehouse,3,2510,7530,Edinburgh
2024-02-09,Barclays,Analytics Dashboard,3,2029,6087,Edinburgh
2025-11-04,Infosys,Data Warehouse,4,1212,4848,Leeds
2024-09-03,Deloitte,Analytics Dashboard,8,4443,35544,London
2025-05-10,Deloitte,Cloud Suite,7,2626,18382,London
2025-03-13,HSBC,Analytics Dashboard,2,3458,6916,Manchester
2024-08-06,EY,Analytics Dashboard,7,1383,9681,Birmingham
2024-04-28,Microsoft,Data Warehouse,9,2589,23301,Manchester
2025-06-27,Accenture,AI Platform,9,1740,15660,London
2024-09-28,Deloitte,CRM Software,7,1216,8512,London
2024-11-13,Accenture,Data Warehouse,4,2707,10828,Edinburgh
2025-10-02,Infosys,Data Warehouse,7,1970,13790,Leeds
2024-09-14,TCS,CRM Software,7,4843,33901,London
2024-10-14,EY,Analytics Dashboard,5,4401,22005,Edinburgh
2025-06-16,Google,AI Platform,7,3166,22162,London
2024-10-14,Accenture,Data Warehouse,1,4059,4059,Edinburgh
2024-06-14,Deloitte,CRM Software,3,2395,7185,Edinburgh
2024-02-21,Amazon,AI Platform,5,1054,5270,Leeds
2024-06-20,Barclays,Data Warehouse,8,1728,13824,Birmingham
2025-05-05,Infosys,Cloud Suite,3,3048,9144,London
2024-07-11,Amazon,Data Warehouse,9,3594,32346,Manchester
2024-08-03,Infosys,AI Platform,1,3290,3290,Manchester
2025-09-13,Accenture,AI Platform,1,4223,4223,Birmingham
2024-12-14,Infosys,AI Platform,1,4633,4633,Leeds
2025-04-02,Accenture,Cloud Suite,1,4136,4136,Edinburgh
2025-09-10,PwC,Data Warehouse,3,2209,6627,Birmingham
2025-01-21,Google,AI Platform,1,3821,3821,Leeds
2025-01-03,Amazon,CRM Software,8,1970,15760,Birmingham
2024-10-08,Google,CRM Software,7,4562,31934,Edinburgh
2024-03-05,Accenture,CRM Software,4,1783,7132,Edinburgh
2024-03-13,TCS,AI Platform,3,2990,8970,London
2025-11-23,Infosys,Analytics Dashboard,4,3060,12240,Birmingham
2025-12-27,Infosys,Data Warehouse,2,1512,3024,Birmingham
2024-09-18,HSBC,AI Platform,6,2225,13350,Edinburgh
2024-11-02,Barclays,Data Warehouse,7,541,3787,Leeds
2025-09-29,Amazon,CRM Software,7,3366,23562,London
2025-09-14,Google,Data Warehouse,8,1154,9232,Birmingham
2025-01-03,HSBC,Data Warehouse,8,784,6272,Edinburgh
2025-05-26,EY,Analytics Dashboard,8,714,5712,Leeds
2024-06-18,EY,Data Warehouse,5,2337,11685,Birmingham
2025-10-03,Amazon,Data Warehouse,8,4398,35184,London
2024-09-11,Barclays,CRM Software,1,1491,1491,Edinburgh
2025-04-22,PwC,AI Platform,3,3660,10980,Leeds
2025-01-11,Deloitte,Cloud Suite,4,2113,8452,Birmingham
2024-05-02,TCS,Data Warehouse,2,3848,7696,Manchester
2024-04-04,Google,Data Warehouse,9,1750,15750,Edinburgh
2025-10-08,HSBC,CRM Software,5,3852,19260,Leeds
2024-12-07,Barclays,CRM Software,7,1865,13055,Edinburgh
2024-11-02,KPMG,CRM Software,8,4163,33304,London
2024-03-15,Microsoft,CRM Software,9,1031,9279,London
2025-10-22,Google,AI Platform,9,892,8028,Manchester
2025-05-15,PwC,Data Warehouse,6,1848,11088,Edinburgh
2024-11-13,Accenture,Analytics Dashboard,1,4271,4271,Manchester
2024-05-28,TCS,AI Platform,7,4310,30170,London
2025-11-25,Google,Cloud Suite,3,2627,7881,Leeds
2025-12-02,EY,AI Platform,7,3193,22351,Leeds
2024-11-15,Amazon,CRM Software,3,3103,9309,Leeds
2025-04-06,Amazon,Data Warehouse,7,4839,33873,London
2024-05-22,Google,Data Warehouse,3,692,2076,Birmingham
2024-01-25,Barclays,AI Platform,6,4525,27150,Birmingham
2024-06-10,Barclays,Cloud Suite,7,3967,27769,London
2025-03-23,Accenture,Data Warehouse,5,4571,22855,Leeds
2024-05-04,Amazon,AI Platform,4,4256,17024,Manchester
2024-08-28,PwC,CRM Software,8,4296,34368,London
2024-07-27,Microsoft,CRM Software,9,4756,42804,Manchester
2024-04-25,Accenture,Analytics Dashboard,7,3223,22561,Edinburgh
2025-08-21,Microsoft,Analytics Dashboard,3,3159,9477,Edinburgh
2025-12-08,KPMG,Cloud Suite,3,1620,4860,Manchester
2025-01-27,EY,Analytics Dashboard,9,1707,15363,Birmingham
2024-11-29,PwC,Analytics Dashboard,4,738,2952,Manchester
2024-03-24,Infosys,AI Platform,9,937,8433,London
2024-04-14,Amazon,CRM Software,7,4476,31332,London
2025-05-03,Google,Cloud Suite,7,2467,17269,Leeds
2024-07-25,Google,Cloud Suite,4,4821,19284,Leeds
2025-11-20,PwC,Cloud Suite,4,2346,9384,Leeds
2024-07-05,Google,Data Warehouse,3,4219,12657,Birmingham
2025-06-22,Microsoft,Cloud Suite,3,3479,10437,Birmingham
2025-10-11,Microsoft,Data Warehouse,2,1742,3484,Leeds
2024-12-22,KPMG,CRM Software,3,4683,14049,Edinburgh
2025-01-29,TCS,Cloud Suite,9,553,4977,London
2025-07-12,Microsoft,Cloud Suite,6,4324,25944,Leeds
2025-11-24,Microsoft,CRM Software,5,4051,20255,Birmingham
2025-09-16,PwC,Data Warehouse,5,2232,11160,Edinburgh
2025-04-22,Microsoft,AI Platform,3,1709,5127,Manchester
2025-06-27,Barclays,AI Platform,6,4552,27312,Leeds
2024-06-25,KPMG,Analytics Dashboard,1,3206,3206,Leeds
2025-04-29,Barclays,CRM Software,3,965,2895,Manchester
2024-03-16,KPMG,Cloud Suite,4,615,2460,Leeds
2025-08-17,Microsoft,Data Warehouse,8,3190,25520,Birmingham
2025-03-03,KPMG,Cloud Suite,7,4893,34251,Leeds
2024-10-22,PwC,CRM Software,9,3426,30834,Leeds
2025-09-10,HSBC,Analytics Dashboard,9,1525,13725,Manchester
2024-02-04,Amazon,Analytics Dashboard,3,860,2580,Manchester
2024-10-20,Barclays,Analytics Dashboard,1,4149,4149,London
2024-09-17,HSBC,Data Warehouse,9,3896,35064,Leeds
2024-05-05,Amazon,Cloud Suite,2,2461,4922,Leeds
2025-09-08,HSBC,Cloud Suite,3,2809,8427,Edinburgh
2025-11-07,EY,Data Warehouse,8,1592,12736,Edinburgh
2024-09-02,Infosys,Analytics Dashboard,3,3290,9870,London
2024-08-16,Barclays,CRM Software,2,2364,4728,Manchester
2024-08-30,Deloitte,AI Platform,1,2986,2986,Manchester
2025-02-11,Microsoft,Data Warehouse,3,4311,12933,Birmingham
2024-06-15,HSBC,CRM Software,2,3833,7666,Leeds
2024-09-17,Infosys,CRM Software,2,1690,3380,Manchester
2024-11-30,Accenture,AI Platform,1,1577,1577,Manchester
2024-05-03,Google,Cloud Suite,6,2384,14304,London
2025-02-11,KPMG,Analytics Dashboard,5,2869,14345,Birmingham
2024-09-28,Microsoft,CRM Software,4,2392,9568,Manchester
2025-04-06,Google,Cloud Suite,5,4509,22545,Edinburgh
2024-09-21,Amazon,AI Platform,3,1196,3588,London
2024-11-12,Barclays,Cloud Suite,6,3624,21744,Edinburgh
2025-11-03,EY,CRM Software,8,3663,29304,Edinburgh
2024-02-07,PwC,Data Warehouse,8,1354,10832,Birmingham
2024-07-19,PwC,Analytics Dashboard,6,674,4044,London
2025-08-19,Barclays,Data Warehouse,9,1622,14598,Manchester
2025-07-02,Deloitte,Cloud Suite,4,2028,8112,Birmingham
2025-05-31,Deloitte,Cloud Suite,7,1596,11172,London
2025-10-25,Microsoft,Cloud Suite,4,4799,19196,Manchester
2025-03-03,Infosys,CRM Software,5,2852,14260,Leeds
2024-05-04,Accenture,AI Platform,8,2144,17152,Leeds
2024-05-04,TCS,AI Platform,7,1938,13566,Birmingham
2025-07-27,EY,Data Warehouse,1,857,857,London
2024-10-19,EY,Analytics Dashboard,1,1319,1319,Birmingham
2024-05-09,Microsoft,CRM Software,9,3928,35352,Manchester
2025-04-04,Deloitte,Cloud Suite,5,2424,12120,Birmingham
2024-09-17,Microsoft,AI Platform,5,1750,8750,Edinburgh
2024-08-15,Infosys,AI Platform,2,3373,6746,Leeds
2024-08-23,EY,CRM Software,5,2892,14460,Manchester
2025-04-11,Amazon,AI Platform,2,1164,2328,Manchester
2024-01-21,Accenture,Data Warehouse,4,3132,12528,Leeds
2025-10-20,Microsoft,AI Platform,2,1754,3508,Manchester
2025-03-20,Amazon,Analytics Dashboard,4,1037,4148,London
2025-09-11,Deloitte,AI Platform,4,1564,6256,Leeds
2025-01-09,Barclays,Cloud Suite,2,1862,3724,Leeds
2025-10-25,Infosys,Data Warehouse,9,800,7200,Edinburgh
2025-11-21,KPMG,Data Warehouse,9,2900,26100,Birmingham
2025-06-09,Google,AI Platform,7,1377,9639,London
2024-01-09,Microsoft,AI Platform,9,3603,32427,Edinburgh
2024-06-18,Google,AI Platform,2,3627,7254,Manchester
2025-06-27,KPMG,Analytics Dashboard,4,4617,18468,Manchester
2025-04-08,Microsoft,CRM Software,1,3122,3122,Manchester
2024-10-05,Microsoft,Cloud Suite,1,4976,4976,Manchester
2025-04-10,HSBC,Cloud Suite,9,3251,29259,London
2025-05-19,Accenture,CRM Software,1,1709,1709,Manchester
2025-03-16,Barclays,Cloud Suite,2,3279,6558,Edinburgh
2025-10-21,EY,Cloud Suite,7,2441,17087,Leeds
2025-06-06,TCS,CRM Software,7,3977,27839,London
2024-06-07,Infosys,Data Warehouse,3,2698,8094,Edinburgh
2024-05-30,TCS,Data Warehouse,4,2394,9576,Leeds
2025-12-29,PwC,Cloud Suite,2,1980,3960,Birmingham
2025-06-14,Deloitte,AI Platform,5,2053,10265,Birmingham
2025-06-09,Amazon,Analytics Dashboard,2,4070,8140,Birmingham
2025-09-24,Amazon,AI Platform,2,890,1780,Leeds
2024-09-14,Deloitte,CRM Software,8,1457,11656,Birmingham
2025-12-11,Barclays,Analytics Dashboard,1,3055,3055,Birmingham
2025-04-22,EY,Cloud Suite,2,1842,3684,Birmingham
2024-02-17,Deloitte,CRM Software,6,1049,6294,Leeds
2024-07-15,Barclays,Analytics Dashboard,9,1223,11007,Edinburgh
2025-04-28,Barclays,AI Platform,2,4770,9540,Birmingham
2024-07-21,Google,AI Platform,3,2351,7053,London
2024-10-18,Microsoft,Analytics Dashboard,7,1722,12054,Edinburgh
2024-06-28,Accenture,Cloud Suite,1,4416,4416,Edinburgh
2024-03-24,Google,Analytics Dashboard,9,4175,37575,Manchester
2025-11-24,PwC,AI Platform,6,4714,28284,Leeds
2025-10-02,Barclays,Cloud Suite,6,4577,27462,Birmingham
2024-05-25,Accenture,CRM Software,5,2166,10830,Leeds
2025-08-16,Microsoft,AI Platform,6,4297,25782,Manchester
2024-10-16,Google,AI Platform,9,676,6084,London
2024-01-27,Deloitte,AI Platform,8,4499,35992,Birmingham
2025-04-28,KPMG,CRM Software,6,3917,23502,Birmingham
2024-08-25,Amazon,Analytics Dashboard,7,4888,34216,Leeds
2024-09-12,Amazon,Analytics Dashboard,3,4860,14580,Edinburgh
2025-07-17,Deloitte,AI Platform,9,4137,37233,Edinburgh
2024-07-09,TCS,Cloud Suite,3,3893,11679,Edinburgh
2024-03-11,Amazon,Cloud Suite,1,873,873,Birmingham
2024-12-09,Microsoft,Cloud Suite,3,2649,7947,Manchester
2024-02-10,KPMG,AI Platform,7,949,6643,Birmingham
2025-12-07,EY,CRM Software,7,4868,34076,Edinburgh
2025-05-16,Infosys,Analytics Dashboard,3,2888,8664,Birmingham
2024-05-03,PwC,CRM Software,3,3774,11322,London
2024-07-29,Barclays,AI Platform,9,3622,32598,Birmingham
2025-02-10,Barclays,CRM Software,8,1357,10856,Manchester
2024-11-10,Amazon,Data Warehouse,8,2166,17328,London
2024-12-31,Google,Analytics Dashboard,6,3391,20346,Manchester
2024-03-29,PwC,Data Warehouse,3,1920,5760,London
2024-10-27,HSBC,Cloud Suite,8,1119,8952,London
2025-11-12,Google,Analytics Dashboard,5,1510,7550,Leeds
2025-03-01,Amazon,AI Platform,8,716,5728,Manchester
2025-09-01,Barclays,Cloud Suite,5,1323,6615,Manchester
2025-11-09,KPMG,AI Platform,8,4108,32864,Leeds
2024-08-18,EY,Data Warehouse,9,3992,35928,Birmingham
2025-08-19,Deloitte,Data Warehouse,3,2361,7083,Manchester
2025-08-30,Barclays,CRM Software,9,1633,14697,Birmingham
2025-10-28,Barclays,Data Warehouse,9,3497,31473,Edinburgh
2024-05-19,Microsoft,Data Warehouse,5,2229,11145,Leeds
2024-09-24,Barclays,Cloud Suite,2,2877,5754,Manchester
2024-01-05,PwC,Analytics Dashboard,7,2982,20874,Leeds
2025-10-11,HSBC,CRM Software,2,2817,5634,Leeds
2024-12-30,Deloitte,Data Warehouse,4,2754,11016,London
2024-09-15,KPMG,AI Platform,6,2577,15462,Edinburgh
2024-01-03,Amazon,AI Platform,8,4996,39968,Edinburgh
2025-10-15,Barclays,Cloud Suite,1,1995,1995,Leeds
2025-03-06,Infosys,Data Warehouse,7,755,5285,Birmingham
2025-10-31,TCS,Data Warehouse,7,3418,23926,Manchester
2025-05-27,Google,AI Platform,1,3832,3832,Leeds
2024-01-02,Google,CRM Software,8,2438,19504,Leeds
2024-07-22,Infosys,Analytics Dashboard,4,4335,17340,London
2024-05-30,Google,Cloud Suite,1,2851,2851,London
2025-05-28,HSBC,CRM Software,8,1770,14160,Birmingham
2025-04-13,EY,CRM Software,9,1182,10638,London
2024-03-07,PwC,Data Warehouse,7,1352,9464,Birmingham
2024-07-04,Barclays,Analytics Dashboard,5,4496,22480,Leeds
2025-09-10,KPMG,Data Warehouse,3,1718,5154,Leeds
2025-04-28,Microsoft,Data Warehouse,8,4488,35904,Manchester
2024-10-08,Barclays,Analytics Dashboard,9,2881,25929,London
2024-11-23,KPMG,Analytics Dashboard,2,3938,7876,Manchester
2025-01-12,Amazon,Analytics Dashboard,3,3501,10503,Birmingham
2025-03-08,TCS,Data Warehouse,2,3457,6914,Manchester
2024-08-08,Deloitte,CRM Software,5,4308,21540,London
2025-12-07,KPMG,Data Warehouse,7,1539,10773,Edinburgh
2025-10-21,EY,AI Platform,9,2303,20727,Edinburgh
2024-10-21,Infosys,CRM Software,7,4283,29981,London
2025-12-25,KPMG,AI Platform,6,4806,28836,Edinburgh
2024-02-08,EY,CRM Software,6,1405,8430,Leeds
2025-05-08,Barclays,Cloud Suite,3,3891,11673,Birmingham
2024-06-23,EY,Cloud Suite,4,3651,14604,London
2025-03-28,HSBC,Data Warehouse,5,685,3425,London
2024-03-27,PwC,Cloud Suite,9,4950,44550,Edinburgh
2024-12-28,Microsoft,Data Warehouse,4,776,3104,Edinburgh
2025-10-27,KPMG,Data Warehouse,1,1388,1388,Leeds
2025-05-28,Amazon,AI Platform,2,3539,7078,Birmingham
2024-05-28,Barclays,Analytics Dashboard,9,3087,27783,Manchester
2024-06-29,Infosys,Cloud Suite,3,2384,7152,Edinburgh
2024-09-14,Barclays,Data Warehouse,6,2746,16476,Leeds
2025-10-09,PwC,Cloud Suite,1,3417,3417,Birmingham
2024-01-19,KPMG,Analytics Dashboard,3,3594,10782,London
2025-09-10,PwC,Cloud Suite,7,1316,9212,Manchester
2024-05-23,Google,CRM Software,8,3872,30976,Birmingham
2025-05-19,Deloitte,AI Platform,1,4562,4562,Birmingham
2025-05-26,Google,CRM Software,8,1055,8440,Edinburgh
2025-07-04,KPMG,Cloud Suite,9,2969,26721,Leeds
2024-03-20,Accenture,AI Platform,7,4858,34006,Birmingham
2025-06-13,Deloitte,Cloud Suite,3,2664,7992,Edinburgh
2024-11-10,Infosys,CRM Software,3,2446,7338,Birmingham
2025-07-02,HSBC,Cloud Suite,5,589,2945,Edinburgh
2024-04-01,Accenture,Analytics Dashboard,4,2465,9860,Edinburgh
2024-04-26,TCS,AI Platform,7,3814,26698,Manchester
2024-03-14,HSBC,AI Platform,9,1677,15093,Edinburgh
2025-11-25,Amazon,Analytics Dashboard,5,3715,18575,Leeds
2025-02-22,HSBC,Cloud Suite,3,1317,3951,Edinburgh
2024-02-05,Microsoft,CRM Software,8,2211,17688,London
2025-08-03,Accenture,Cloud Suite,7,4868,34076,Edinburgh
2024-09-06,Microsoft,Data Warehouse,2,2681,5362,Manchester
2025-04-09,HSBC,Analytics Dashboard,9,806,7254,Manchester
2025-02-06,Infosys,AI Platform,8,1902,15216,London
2025-09-28,PwC,Analytics Dashboard,6,859,5154,Manchester
2025-02-11,Deloitte,Data Warehouse,7,3609,25263,Edinburgh
2024-12-24,Amazon,Analytics Dashboard,4,1984,7936,London
2024-08-16,Google,Analytics Dashboard,6,1474,8844,Birmingham
2024-03-08,HSBC,AI Platform,8,1515,12120,Edinburgh
2024-09-02,Deloitte,CRM Software,1,4946,4946,Manchester
2025-02-09,PwC,AI Platform,6,1844,11064,Birmingham
2025-12-08,EY,AI Platform,8,3566,28528,Leeds
2025-06-14,TCS,AI Platform,9,1458,13122,London
2025-11-02,KPMG,AI Platform,1,4437,4437,Leeds
2024-07-08,Microsoft,Cloud Suite,1,4713,4713,Manchester
2024-01-18,Google,Data Warehouse,2,3189,6378,Leeds
2025-04-30,TCS,Analytics Dashboard,3,2467,7401,Edinburgh
2024-08-16,Accenture,AI Platform,7,3628,25396,Birmingham
2024-04-23,PwC,Analytics Dashboard,4,3406,13624,London
2025-12-14,Amazon,AI Platform,3,3603,10809,Birmingham
2025-02-14,Deloitte,Data Warehouse,9,4965,44685,Leeds
2024-10-29,KPMG,Analytics Dashboard,7,700,4900,Birmingham
2025-05-19,EY,AI Platform,8,1551,12408,London
2024-10-13,Google,Cloud Suite,4,4058,16232,Birmingham
2024-09-07,Infosys,Analytics Dashboard,5,1768,8840,Edinburgh
2025-04-30,Google,CRM Software,9,4593,41337,Leeds
2025-03-02,Amazon,Cloud Suite,3,1127,3381,Leeds
2025-07-20,KPMG,Analytics Dashboard,5,4030,20150,Birmingham
2025-04-28,Accenture,Analytics Dashboard,9,3828,34452,Manchester
2025-11-15,PwC,Analytics Dashboard,4,4102,16408,Edinburgh
2025-11-13,PwC,Data Warehouse,1,2764,2764,Edinburgh
2024-03-14,KPMG,Data Warehouse,6,1209,7254,Birmingham
2024-11-23,Microsoft,Data Warehouse,6,4092,24552,Edinburgh
2024-08-19,Microsoft,Cloud Suite,7,1990,13930,Manchester
2025-05-27,Infosys,AI Platform,1,4442,4442,Birmingham
2024-07-12,Google,AI Platform,5,3153,15765,Birmingham
2024-01-25,Deloitte,Data Warehouse,3,2117,6351,Birmingham
2024-07-20,Google,CRM Software,6,3871,23226,London
2025-02-19,Accenture,CRM Software,3,4944,14832,Edinburgh
2025-09-30,Amazon,Analytics Dashboard,8,1484,11872,Birmingham
2024-04-20,Infosys,CRM Software,6,1536,9216,Birmingham
2024-04-11,Barclays,CRM Software,7,2602,18214,Birmingham
2024-12-28,Barclays,AI Platform,9,3207,28863,London
2024-11-01,Microsoft,Cloud Suite,5,4405,22025,London
2025-06-17,Microsoft,Data Warehouse,3,2615,7845,London
2024-02-17,Deloitte,AI Platform,5,4141,20705,London
2024-12-20,Accenture,Cloud Suite,5,2417,12085,Manchester
2024-03-30,Deloitte,Analytics Dashboard,9,1886,16974,Manchester
2024-06-25,EY,CRM Software,2,3310,6620,London
2024-04-21,Amazon,AI Platform,5,3361,16805,Leeds
2025-08-06,Barclays,AI Platform,1,2074,2074,Birmingham
2025-05-19,Google,Analytics Dashboard,5,4084,20420,Edinburgh
2024-07-02,Google,AI Platform,8,1905,15240,London
2024-06-02,KPMG,AI Platform,6,1903,11418,Leeds
2025-10-24,PwC,Analytics Dashboard,8,4212,33696,Birmingham
2025-06-14,Amazon,AI Platform,5,1779,8895,Manchester
2025-06-15,Amazon,Analytics Dashboard,5,4546,22730,Manchester
2025-01-30,Infosys,AI Platform,7,4539,31773,London
2025-10-28,TCS,CRM Software,3,2470,7410,Edinburgh
2024-02-14,Barclays,AI Platform,9,1292,11628,Birmingham
2025-01-31,PwC,Cloud Suite,7,3330,23310,Leeds
2024-04-16,Microsoft,Analytics Dashboard,2,1108,2216,London
2025-06-06,Infosys,Analytics Dashboard,6,3756,22536,Leeds
2025-01-21,Google,AI Platform,7,1974,13818,Birmingham
2025-02-04,Infosys,CRM Software,7,2250,15750,Birmingham
2025-10-16,Accenture,Analytics Dashboard,7,1251,8757,Edinburgh
2024-07-27,Google,Cloud Suite,5,4441,22205,Manchester
2025-04-22,TCS,Analytics Dashboard,6,2500,15000,Manchester
2024-08-27,Accenture,Data Warehouse,4,2515,10060,Birmingham
2024-10-04,PwC,Cloud Suite,6,2638,15828,Birmingham
2025-07-01,Accenture,CRM Software,8,4832,38656,Edinburgh
2025-08-30,HSBC,AI Platform,3,968,2904,Leeds
2025-01-22,Google,AI Platform,6,3356,20136,Edinburgh
2025-12-20,PwC,CRM Software,5,1218,6090,Edinburgh
2025-06-21,Microsoft,Analytics Dashboard,7,4181,29267,Manchester
2024-12-29,Accenture,Data Warehouse,6,1004,6024,London
2024-08-05,Infosys,Cloud Suite,9,3296,29664,Edinburgh
2025-05-03,Microsoft,Analytics Dashboard,3,1750,5250,Manchester
2025-01-06,Google,CRM Software,8,4599,36792,Edinburgh
2025-06-27,Accenture,Cloud Suite,3,1625,4875,Manchester
2024-05-29,TCS,Data Warehouse,7,1815,12705,Edinburgh
2024-07-18,Microsoft,Analytics Dashboard,7,3958,27706,Birmingham
2024-08-29,Infosys,CRM Software,7,3569,24983,Leeds
2024-03-27,KPMG,Data Warehouse,1,3573,3573,Edinburgh
2025-02-13,PwC,Cloud Suite,3,1991,5973,Manchester
2025-07-07,HSBC,AI Platform,2,1027,2054,Leeds
2024-10-05,Barclays,CRM Software,6,1725,10350,London
2025-01-26,Amazon,Cloud Suite,1,734,734,Manchester
2024-03-07,Amazon,CRM Software,7,910,6370,Edinburgh
2025-07-17,HSBC,Analytics Dashboard,3,2753,8259,Edinburgh
2024-02-21,Accenture,Data Warehouse,1,2510,2510,London
2024-06-26,EY,AI Platform,6,868,5208,Birmingham
2024-03-22,EY,AI Platform,3,1183,3549,Leeds
2025-01-29,Accenture,Analytics Dashboard,5,3340,16700,Birmingham
2025-01-10,Barclays,Data Warehouse,8,1564,12512,London
2025-10-04,EY,Analytics Dashboard,4,3392,13568,Birmingham
2024-10-29,KPMG,Analytics Dashboard,3,546,1638,Edinburgh
2025-08-12,HSBC,Analytics Dashboard,4,3744,14976,Edinburgh
2024-02-05,Amazon,CRM Software,8,4263,34104,Birmingham
2024-11-16,Amazon,AI Platform,2,4343,8686,Leeds
2025-01-19,TCS,Cloud Suite,8,4153,33224,London
2025-05-05,Google,CRM Software,8,2703,21624,Edinburgh
2025-06-15,Infosys,CRM Software,8,671,5368,Edinburgh
2025-02-09,Amazon,Cloud Suite,2,1192,2384,London
2024-07-13,Barclays,Data Warehouse,4,3942,15768,Manchester
2025-03-03,Infosys,CRM Software,2,1220,2440,London
2025-02-07,EY,Analytics Dashboard,7,2789,19523,Birmingham
2025-12-08,Barclays,Cloud Suite,2,2496,4992,Edinburgh
2024-03-22,Infosys,CRM Software,9,1955,17595,London
2024-02-10,HSBC,Analytics Dashboard,1,2604,2604,London
2025-08-01,PwC,Cloud Suite,9,1274,11466,London
2025-06-11,Infosys,AI Platform,2,3480,6960,Birmingham
2024-02-16,Barclays,Data Warehouse,6,2915,17490,Birmingham
2024-11-12,EY,CRM Software,6,1071,6426,Edinburgh
2024-12-13,Accenture,AI Platform,8,4090,32720,Leeds
2025-06-26,Microsoft,CRM Software,5,3559,17795,Birmingham
2025-02-22,PwC,CRM Software,8,3217,25736,Birmingham
2025-04-24,KPMG,Analytics Dashboard,3,2889,8667,Leeds
2025-06-07,Accenture,Cloud Suite,6,2608,15648,Birmingham
2024-06-29,Microsoft,Analytics Dashboard,9,4562,41058,London
2024-01-29,Google,AI Platform,1,2234,2234,Manchester
2024-12-04,Barclays,AI Platform,8,1207,9656,Birmingham
2025-02-24,Accenture,CRM Software,7,4055,28385,Edinburgh
2024-08-04,Amazon,AI Platform,5,1944,9720,Birmingham
2024-11-15,Deloitte,Cloud Suite,6,1422,8532,Edinburgh
2024-01-16,HSBC,Analytics Dashboard,5,4878,24390,Birmingham
2025-10-24,PwC,CRM Software,7,630,4410,Manchester
2024-06-18,Amazon,Analytics Dashboard,7,3312,23184,Leeds
2024-01-06,Google,Data Warehouse,7,2213,15491,Birmingham
2024-06-19,Deloitte,AI Platform,7,3918,27426,Birmingham
2025-12-25,KPMG,CRM Software,8,4096,32768,Manchester
2024-04-29,KPMG,AI Platform,3,1053,3159,Manchester
2024-12-21,Barclays,Cloud Suite,5,2446,12230,Edinburgh
2024-01-18,EY,Data Warehouse,6,4284,25704,Leeds
2024-07-10,Deloitte,Analytics Dashboard,7,556,3892,Edinburgh
2024-08-11,EY,Cloud Suite,9,1727,15543,Manchester
2024-03-20,KPMG,AI Platform,9,3924,35316,Edinburgh
2025-02-26,Accenture,Analytics Dashboard,1,3986,3986,Leeds
2025-10-04,EY,Analytics Dashboard,6,2124,12744,Edinburgh
2025-06-22,Amazon,Data Warehouse,4,1897,7588,Edinburgh
2024-06-18,Infosys,Cloud Suite,4,1849,7396,Manchester
2024-06-20,Google,Analytics Dashboard,2,2139,4278,Manchester
2025-01-08,Microsoft,CRM Software,2,1467,2934,London
2025-03-18,Barclays,Data Warehouse,7,3393,23751,Birmingham
2025-09-26,TCS,AI Platform,2,1312,2624,London
2025-10-01,TCS,Cloud Suite,3,1564,4692,Manchester
2025-04-05,Google,CRM Software,5,3093,15465,London
2025-11-29,Deloitte,Analytics Dashboard,1,636,636,Manchester
2025-10-16,HSBC,AI Platform,5,4302,21510,Leeds
2025-10-24,Google,Data Warehouse,3,2068,6204,Edinburgh
2025-08-24,Deloitte,AI Platform,3,4406,13218,Manchester
2024-02-29,Microsoft,CRM Software,6,1957,11742,London
2024-08-19,PwC,Data Warehouse,7,3786,26502,Manchester
2024-05-28,Microsoft,AI Platform,5,2750,13750,Edinburgh
2024-02-23,TCS,CRM Software,1,3988,3988,Edinburgh
2025-07-24,Google,Analytics Dashboard,5,1270,6350,Leeds
2024-01-07,Accenture,Data Warehouse,1,4198,4198,Manchester
2024-05-21,KPMG,AI Platform,1,1657,1657,Leeds
2024-04-11,Amazon,CRM Software,9,2557,23013,Birmingham
2025-12-19,Google,CRM Software,9,3323,29907,Manchester
2025-03-19,Barclays,CRM Software,2,2062,4124,Leeds
2025-02-06,Infosys,Analytics Dashboard,3,1760,5280,Leeds
2025-05-13,Google,CRM Software,6,4160,24960,Manchester
2025-10-19,Deloitte,CRM Software,7,4940,34580,Edinburgh
2025-10-02,PwC,Analytics Dashboard,7,1005,7035,Birmingham
2024-01-12,Accenture,Cloud Suite,5,760,3800,Birmingham
2024-01-10,HSBC,Data Warehouse,5,3794,18970,London
2024-02-18,Microsoft,Cloud Suite,7,2810,19670,Birmingham
2024-07-24,Amazon,AI Platform,2,3217,6434,London
2025-04-09,Infosys,Data Warehouse,8,3517,28136,Leeds
2024-05-19,Infosys,AI Platform,2,2096,4192,Leeds
2024-12-31,EY,Analytics Dashboard,4,4983,19932,Birmingham
2024-01-09,Microsoft,Data Warehouse,2,1962,3924,Edinburgh
2025-04-25,Deloitte,Data Warehouse,8,1721,13768,Leeds
2025-10-04,Amazon,AI Platform,4,1310,5240,Leeds
2025-01-26,Google,Data Warehouse,6,1162,6972,Birmingham
2024-10-26,Barclays,Data Warehouse,5,739,3695,Edinburgh
2025-11-28,Deloitte,Analytics Dashboard,7,3896,27272,Birmingham
2024-12-18,Google,Cloud Suite,8,1895,15160,Edinburgh
2025-05-21,HSBC,AI Platform,7,3286,23002,Leeds
2024-04-30,Deloitte,CRM Software,7,2080,14560,Manchester
2024-02-21,HSBC,Data Warehouse,4,4662,18648,Birmingham
2025-07-23,Microsoft,Analytics Dashboard,4,1961,7844,London
2025-06-11,TCS,Data Warehouse,5,3346,16730,Edinburgh
2025-01-21,HSBC,Data Warehouse,5,1004,5020,Edinburgh
2025-11-17,HSBC,Data Warehouse,6,1755,10530,Leeds
2024-06-13,Accenture,AI Platform,1,2609,2609,Edinburgh
2024-09-11,PwC,AI Platform,6,1845,11070,Manchester
2025-05-31,Infosys,Cloud Suite,2,1473,2946,Leeds
2024-08-09,TCS,CRM Software,4,4684,18736,Leeds
2024-12-28,PwC,Data Warehouse,9,921,8289,Birmingham
2024-06-19,Barclays,AI Platform,5,4046,20230,Birmingham
2025-01-18,HSBC,Data Warehouse,3,3732,11196,Leeds
2025-11-30,PwC,Data Warehouse,4,2447,9788,Birmingham
2024-12-09,Infosys,CRM Software,5,1043,5215,London
2024-06-01,Infosys,Cloud Suite,5,3114,15570,Manchester
2025-03-30,Google,Data Warehouse,7,2774,19418,Manchester
2025-06-20,TCS,Data Warehouse,7,3992,27944,Manchester
2025-06-04,PwC,Data Warehouse,9,3634,32706,Manchester
2025-12-25,EY,AI Platform,4,2766,11064,London
2025-07-14,TCS,AI Platform,1,3360,3360,London
2024-02-23,PwC,Analytics Dashboard,6,1221,7326,Edinburgh
2025-11-12,Barclays,Cloud Suite,5,1245,6225,Edinburgh
2025-04-24,Barclays,AI Platform,5,3199,15995,Leeds
2024-05-01,TCS,CRM Software,1,1731,1731,Manchester
2024-06-14,Amazon,Cloud Suite,3,2079,6237,Birmingham
2025-04-24,TCS,Cloud Suite,2,3537,7074,Manchester
2024-03-26,HSBC,AI Platform,7,1098,7686,Birmingham
2025-11-02,Deloitte,Cloud Suite,2,3064,6128,Birmingham
2025-08-10,EY,Analytics Dashboard,4,2723,10892,Manchester
2025-04-05,Microsoft,Data Warehouse,5,2521,12605,Birmingham
2025-11-10,KPMG,CRM Software,1,670,670,Leeds
2024-05-08,Microsoft,Cloud Suite,5,2158,10790,Leeds
2025-04-17,KPMG,CRM Software,4,3504,14016,Manchester
2025-08-19,Accenture,CRM Software,5,767,3835,Leeds
2024-03-09,Accenture,Cloud Suite,2,3579,7158,Birmingham
2025-04-29,Barclays,CRM Software,7,1186,8302,Manchester
2025-08-21,Accenture,CRM Software,5,722,3610,London
2025-01-20,Deloitte,CRM Software,7,1232,8624,London
2025-04-01,EY,Data Warehouse,7,813,5691,Manchester
2025-04-10,Deloitte,AI Platform,1,3032,3032,Birmingham
2024-10-03,KPMG,Analytics Dashboard,9,700,6300,Leeds
2025-03-09,Accenture,Data Warehouse,5,1975,9875,Manchester
2024-07-24,Barclays,AI Platform,8,3646,29168,London
2024-03-09,Amazon,CRM Software,1,1690,1690,Edinburgh
2025-10-22,EY,AI Platform,5,596,2980,London
2025-05-05,TCS,CRM Software,9,3552,31968,Birmingham
2024-09-07,Microsoft,CRM Software,7,1328,9296,Birmingham
2025-01-14,Barclays,AI Platform,4,3586,14344,Edinburgh
2025-04-04,Deloitte,CRM Software,7,762,5334,Edinburgh
2024-12-25,KPMG,AI Platform,1,2202,2202,London
2025-08-16,EY,Cloud Suite,2,3155,6310,London
2024-01-18,PwC,Data Warehouse,6,1583,9498,Manchester
2024-02-18,Barclays,CRM Software,5,1044,5220,Manchester
2024-03-04,PwC,CRM Software,2,1661,3322,Manchester
2024-06-27,Amazon,Analytics Dashboard,3,1131,3393,Birmingham
2024-08-14,Accenture,Data Warehouse,3,4939,14817,Birmingham
2024-01-20,HSBC,AI Platform,8,3158,25264,Birmingham
2024-11-25,Infosys,Analytics Dashboard,9,834,7506,Manchester
2025-04-07,HSBC,Analytics Dashboard,3,3216,9648,Leeds
2024-06-23,HSBC,CRM Software,8,2845,22760,Edinburgh
2025-10-03,HSBC,Analytics Dashboard,3,1951,5853,Edinburgh
2024-09-13,Barclays,AI Platform,7,2889,20223,Edinburgh
2025-01-12,Infosys,AI Platform,9,1070,9630,Leeds
2025-01-03,Infosys,Analytics Dashboard,8,3170,25360,London
2024-04-15,HSBC,CRM Software,1,1357,1357,London
2025-04-10,TCS,CRM Software,1,2356,2356,Leeds
2024-10-18,PwC,Cloud Suite,8,3948,31584,Edinburgh
2024-05-25,EY,Cloud Suite,8,1077,8616,London
2025-01-31,Infosys,CRM Software,5,3794,18970,Edinburgh
2024-03-07,KPMG,Analytics Dashboard,2,4224,8448,Manchester
2025-06-29,Microsoft,CRM Software,5,1712,8560,London
2025-12-15,TCS,CRM Software,1,3171,3171,Birmingham
2024-06-02,Infosys,Cloud Suite,2,3639,7278,Leeds
2025-10-31,Amazon,Cloud Suite,8,1602,12816,Leeds
2024-11-15,Google,CRM Software,2,2586,5172,London
2025-08-04,Accenture,Analytics Dashboard,9,2214,19926,Leeds
2024-08-09,Infosys,AI Platform,7,3270,22890,Leeds
2024-01-22,Accenture,CRM Software,1,1120,1120,Manchester
2024-02-16,Google,Cloud Suite,8,2060,16480,Manchester
2025-07-23,Infosys,Cloud Suite,9,543,4887,Edinburgh
2024-01-22,KPMG,CRM Software,6,1527,9162,Manchester
2025-12-03,Deloitte,Cloud Suite,4,1888,7552,London
2024-03-09,Microsoft,AI Platform,9,1769,15921,Edinburgh
2024-03-13,KPMG,Analytics Dashboard,6,2587,15522,Edinburgh
2025-07-19,TCS,Cloud Suite,2,1433,2866,Birmingham
2024-01-04,HSBC,CRM Software,1,4120,4120,Manchester
2024-09-21,Microsoft,Analytics Dashboard,9,716,6444,Manchester
2024-07-09,Google,AI Platform,6,3142,18852,Birmingham
2025-01-20,KPMG,Data Warehouse,7,2664,18648,Leeds
2025-08-22,TCS,AI Platform,7,4391,30737,Manchester
2025-12-23,EY,AI Platform,1,1493,1493,London
2024-01-23,Deloitte,CRM Software,7,1876,13132,Leeds
2024-03-06,Barclays,Data Warehouse,4,679,2716,London
2024-01-17,KPMG,Analytics Dashboard,6,4467,26802,Leeds
2025-11-20,KPMG,CRM Software,1,4297,4297,Edinburgh
2024-07-05,KPMG,Analytics Dashboard,1,2881,2881,London
2025-08-17,Microsoft,Cloud Suite,7,2864,20048,Manchester
2025-01-06,KPMG,CRM Software,7,3509,24563,Leeds
2024-09-01,Deloitte,Data Warehouse,8,3400,27200,Leeds
2024-03-13,Deloitte,AI Platform,5,4066,20330,London
2024-08-01,HSBC,AI Platform,9,4042,36378,London
2024-01-06,Microsoft,Analytics Dashboard,1,2736,2736,Leeds
2024-01-28,HSBC,Cloud Suite,7,2289,16023,London
2025-05-09,EY,CRM Software,7,2770,19390,Edinburgh
2025-08-25,TCS,Data Warehouse,3,1843,5529,Manchester
2024-09-09,Google,AI Platform,6,862,5172,Manchester
2024-07-30,Barclays,Data Warehouse,5,4738,23690,Edinburgh
2024-03-10,Deloitte,AI Platform,7,4655,32585,Manchester
2024-11-04,Microsoft,CRM Software,5,2501,12505,Leeds
2024-03-24,Accenture,Cloud Suite,8,4294,34352,London
2024-10-05,Amazon,CRM Software,2,2593,5186,Manchester
2024-06-24,Deloitte,CRM Software,8,2898,23184,London
2024-04-01,Deloitte,AI Platform,5,2679,13395,London
2024-10-15,Accenture,Analytics Dashboard,5,3592,17960,London
2024-07-10,Amazon,AI Platform,8,4204,33632,Edinburgh
2024-06-22,Microsoft,CRM Software,3,3628,10884,Leeds
2025-12-13,Infosys,Analytics Dashboard,7,2943,20601,Leeds
2024-05-26,Microsoft,Data Warehouse,6,4068,24408,Manchester
2025-12-27,Barclays,CRM Software,5,3834,19170,Manchester
2024-06-18,EY,CRM Software,8,3721,29768,Edinburgh
2024-07-09,HSBC,AI Platform,4,2885,11540,Birmingham
2024-03-10,KPMG,AI Platform,5,3756,18780,Leeds
2025-02-16,Accenture,CRM Software,9,2274,20466,Manchester
2024-11-26,Google,Analytics Dashboard,1,1733,1733,Manchester
2025-10-06,Amazon,CRM Software,1,4788,4788,Edinburgh
2024-09-12,Deloitte,Cloud Suite,8,4837,38696,Edinburgh
2024-02-29,Amazon,Data Warehouse,3,4696,14088,Manchester
2025-09-24,PwC,Data Warehouse,1,3429,3429,Birmingham
2025-04-22,Accenture,AI Platform,9,4982,44838,Edinburgh
2025-08-30,PwC,Cloud Suite,3,1769,5307,Edinburgh
2024-05-07,Accenture,Data Warehouse,2,2754,5508,Edinburgh
2024-12-11,Microsoft,Cloud Suite,9,4496,40464,Leeds
2024-07-30,Google,Analytics Dashboard,3,4029,12087,Birmingham
2025-04-16,Amazon,CRM Software,5,2383,11915,Edinburgh
2025-01-15,PwC,Analytics Dashboard,6,2158,12948,Leeds
2025-03-14,Barclays,CRM Software,7,1375,9625,Leeds
2025-10-21,TCS,Data Warehouse,6,4122,24732,Manchester
2024-09-04,Accenture,AI Platform,3,3576,10728,Leeds
2025-02-02,PwC,CRM Software,2,890,1780,Edinburgh
2025-08-12,PwC,Data Warehouse,3,4604,13812,Leeds
2024-04-27,PwC,Data Warehouse,4,624,2496,Manchester
2024-09-15,PwC,CRM Software,3,3633,10899,Leeds
2025-06-09,Accenture,Analytics Dashboard,1,3840,3840,Edinburgh
2025-07-21,Accenture,CRM Software,8,2706,21648,London
2025-06-27,Microsoft,AI Platform,3,3526,10578,Leeds
2024-03-06,Infosys,CRM Software,3,4047,12141,Manchester
2025-06-26,HSBC,Analytics Dashboard,9,1599,14391,Leeds
2025-11-21,KPMG,Data Warehouse,2,1416,2832,London
2024-06-10,KPMG,Data Warehouse,3,3321,9963,Edinburgh
2024-07-10,EY,Data Warehouse,9,1271,11439,Edinburgh
2025-10-16,Deloitte,Analytics Dashboard,8,4094,32752,Birmingham
2025-04-17,Google,CRM Software,7,4303,30121,Leeds
2025-01-21,Accenture,Data Warehouse,5,1062,5310,Edinburgh
2024-01-20,Amazon,Data Warehouse,6,3657,21942,Edinburgh
2025-02-08,KPMG,CRM Software,3,2926,8778,Manchester
2024-08-25,EY,Cloud Suite,9,2330,20970,Manchester
2025-02-28,PwC,Cloud Suite,9,1881,16929,Manchester
2024-02-05,EY,Cloud Suite,6,4239,25434,Birmingham
2025-01-12,HSBC,Cloud Suite,1,1123,1123,London
2024-02-05,Microsoft,Analytics Dashboard,8,1074,8592,Manchester
2025-01-31,HSBC,Data Warehouse,5,4997,24985,Manchester
2024-09-17,HSBC,Data Warehouse,1,1854,1854,London
2025-04-16,Accenture,Cloud Suite,8,4752,38016,Leeds
2025-09-05,HSBC,Data Warehouse,3,558,1674,Leeds
2025-09-08,Microsoft,Analytics Dashboard,8,2211,17688,London
2025-02-01,Amazon,Cloud Suite,6,1362,8172,Edinburgh
2025-08-15,Deloitte,Data Warehouse,7,1942,13594,Edinburgh
2024-07-11,Infosys,CRM Software,9,1301,11709,London
2024-11-05,Accenture,Data Warehouse,6,1095,6570,Birmingham
2025-01-15,PwC,Data Warehouse,8,2832,22656,Edinburgh
2024-10-01,EY,AI Platform,3,721,2163,Edinburgh
2025-09-27,Microsoft,Analytics Dashboard,8,864,6912,Edinburgh
2025-09-26,PwC,Data Warehouse,9,4392,39528,London
2025-05-19,Microsoft,CRM Software,3,4592,13776,London
2024-11-15,TCS,CRM Software,7,1967,13769,Birmingham
2025-12-04,PwC,Data Warehouse,4,2214,8856,Leeds
2025-02-21,HSBC,CRM Software,2,4090,8180,Birmingham
2024-02-04,Microsoft,Cloud Suite,2,3635,7270,Manchester
2025-07-21,HSBC,Data Warehouse,9,1776,15984,Edinburgh
2025-07-17,PwC,Data Warehouse,4,1088,4352,Manchester
2024-02-14,HSBC,AI Platform,5,4553,22765,London
2025-10-20,Barclays,AI Platform,2,2150,4300,London
2025-01-12,Google,Cloud Suite,4,3786,15144,Leeds
2025-02-09,Infosys,AI Platform,5,1095,5475,London
2024-08-13,Accenture,CRM Software,9,2941,26469,Edinburgh
2024-05-27,Barclays,Analytics Dashboard,8,592,4736,Leeds
2024-06-01,Google,Cloud Suite,9,1482,13338,Edinburgh
2025-02-12,Google,Analytics Dashboard,5,882,4410,Birmingham
2025-06-07,Google,AI Platform,5,2958,14790,Leeds
2025-01-06,PwC,CRM Software,8,3933,31464,Leeds
2024-02-04,KPMG,Data Warehouse,7,2281,15967,London
2025-06-14,Infosys,Data Warehouse,7,2865,20055,Birmingham
2025-11-09,EY,AI Platform,6,3381,20286,Birmingham
2025-02-27,Infosys,Analytics Dashboard,7,4451,31157,Leeds
2025-04-11,Amazon,CRM Software,3,1525,4575,Birmingham
2024-10-12,EY,Analytics Dashboard,1,1570,1570,Leeds
2025-07-02,TCS,Analytics Dashboard,9,3449,31041,London
2025-02-16,Google,Cloud Suite,5,3641,18205,Manchester
2024-09-17,EY,Data Warehouse,6,4953,29718,Manchester
2024-10-31,KPMG,Analytics Dashboard,1,1261,1261,Birmingham
2025-04-11,Google,CRM Software,6,3883,23298,Manchester
2025-08-21,TCS,CRM Software,6,2593,15558,London
2025-07-28,TCS,Analytics Dashboard,1,1346,1346,Edinburgh
2025-03-21,Infosys,Analytics Dashboard,4,3296,13184,Leeds
2024-12-30,Infosys,Analytics Dashboard,6,1787,10722,Birmingham
2025-07-02,Accenture,AI Platform,8,3763,30104,Manchester
2024-02-21,KPMG,AI Platform,5,4983,24915,Manchester
2024-05-18,EY,Analytics Dashboard,1,594,594,Manchester
2024-04-14,Deloitte,CRM Software,2,2807,5614,Birmingham
2024-02-08,HSBC,AI Platform,3,3100,9300,London
2024-05-01,EY,CRM Software,3,3604,10812,Edinburgh
2024-12-29,EY,Analytics Dashboard,7,630,4410,Edinburgh
2024-09-26,Amazon,Analytics Dashboard,2,3158,6316,Edinburgh
2024-11-18,Amazon,CRM Software,2,2916,5832,London
2024-02-29,Accenture,Analytics Dashboard,8,4826,38608,Edinburgh
2025-11-25,HSBC,Cloud Suite,5,4557,22785,Manchester
2025-10-13,Deloitte,CRM Software,1,2881,2881,Edinburgh
2025-07-14,TCS,Analytics Dashboard,6,1543,9258,Edinburgh
2025-01-30,EY,Data Warehouse,1,1637,1637,Manchester
2025-06-29,Accenture,AI Platform,8,1844,14752,London
2024-04-19,Accenture,Analytics Dashboard,9,2101,18909,Leeds
2024-01-12,Amazon,AI Platform,8,4273,34184,Leeds
2024-03-20,Amazon,Data Warehouse,4,4855,19420,Manchester
2025-12-08,EY,Cloud Suite,8,4189,33512,Birmingham
2025-01-20,Amazon,AI Platform,6,3199,19194,Edinburgh
2024-06-15,Microsoft,Analytics Dashboard,3,1608,4824,London
2024-05-22,Infosys,AI Platform,3,2219,6657,Edinburgh
2025-03-16,PwC,CRM Software,6,601,3606,Manchester
2024-04-19,Infosys,Data Warehouse,3,3226,9678,Birmingham
2025-04-17,EY,AI Platform,6,508,3048,Edinburgh
2024-05-15,KPMG,Analytics Dashboard,8,4223,33784,Birmingham
2024-04-14,Microsoft,Cloud Suite,1,2288,2288,Birmingham
2024-04-22,TCS,Data Warehouse,7,1863,13041,Leeds
2024-09-02,Accenture,Cloud Suite,8,3932,31456,Birmingham
2024-02-13,Amazon,CRM Software,9,1849,16641,Edinburgh
2024-11-03,PwC,Analytics Dashboard,2,2012,4024,London
2024-08-23,Deloitte,AI Platform,9,4278,38502,Leeds
2024-12-24,Amazon,AI Platform,6,617,3702,Edinburgh
2025-04-03,Deloitte,Analytics Dashboard,4,3005,12020,Edinburgh
2025-07-29,KPMG,Analytics Dashboard,1,3209,3209,Edinburgh
2025-10-30,Microsoft,Data Warehouse,2,4543,9086,Leeds
2024-05-01,EY,CRM Software,3,4316,12948,London
2025-06-26,Google,Data Warehouse,4,3272,13088,Edinburgh
2025-09-30,Barclays,AI Platform,3,1923,5769,Birmingham
2025-03-17,Infosys,Data Warehouse,9,2036,18324,Edinburgh
2025-11-14,EY,CRM Software,6,1567,9402,Birmingham
2024-07-29,Google,AI Platform,7,731,5117,Leeds
2024-06-18,EY,Cloud Suite,8,2647,21176,Edinburgh
2024-11-03,Accenture,Analytics Dashboard,3,1646,4938,Leeds
2024-08-23,KPMG,Data Warehouse,3,2117,6351,Birmingham
2024-09-26,Barclays,CRM Software,3,2848,8544,Birmingham
2025-03-02,EY,Data Warehouse,3,4663,13989,Edinburgh
2025-01-25,TCS,Cloud Suite,6,1272,7632,Birmingham
2024-12-13,Microsoft,CRM Software,8,3177,25416,Edinburgh
2025-09-16,Amazon,AI Platform,3,3424,10272,Edinburgh
2025-03-31,Google,Analytics Dashboard,7,4804,33628,Edinburgh
2024-11-08,KPMG,Analytics Dashboard,9,3350,30150,Edinburgh
2024-09-22,TCS,Cloud Suite,3,1650,4950,Birmingham
2024-04-26,Barclays,AI Platform,4,3323,13292,Manchester
2024-05-29,TCS,Data Warehouse,5,766,3830,London
2025-06-08,EY,CRM Software,5,3137,15685,Birmingham
2025-02-25,Accenture,Data Warehouse,5,4900,24500,London
2025-08-26,Google,Cloud Suite,4,1581,6324,London
2025-11-15,Deloitte,AI Platform,5,4919,24595,Manchester
2024-03-02,Amazon,Cloud Suite,5,4494,22470,Manchester
2025-12-25,Deloitte,AI Platform,3,2717,8151,Birmingham
2025-06-01,Google,Analytics Dashboard,4,4037,16148,Manchester
2025-07-08,HSBC,CRM Software,2,4890,9780,Manchester
2024-06-13,HSBC,Analytics Dashboard,2,2310,4620,Birmingham
2024-03-09,TCS,CRM Software,6,3706,22236,Manchester
2025-05-16,Amazon,Cloud Suite,5,1159,5795,London
2024-02-23,TCS,Data Warehouse,1,4908,4908,Manchester
2024-12-20,Barclays,AI Platform,6,4694,28164,Birmingham
2025-01-25,Infosys,AI Platform,6,703,4218,London
2025-09-24,HSBC,Cloud Suite,3,1238,3714,Edinburgh
2024-02-23,TCS,Cloud Suite,2,3226,6452,Edinburgh
2024-02-14,Barclays,CRM Software,3,4555,13665,Birmingham
2024-01-21,Microsoft,Data Warehouse,3,3118,9354,London
2024-10-30,KPMG,AI Platform,4,4039,16156,Birmingham
2025-11-12,KPMG,Analytics Dashboard,2,2596,5192,Edinburgh
2024-05-24,HSBC,Analytics Dashboard,9,927,8343,London
2024-03-21,Microsoft,Analytics Dashboard,7,1208,8456,Manchester
2025-08-14,Infosys,Analytics Dashboard,6,2904,17424,London
2024-05-25,Google,Analytics Dashboard,9,646,5814,Manchester
2025-10-12,Microsoft,Data Warehouse,7,1353,9471,Leeds
2025-06-08,Barclays,CRM Software,2,3052,6104,Leeds
2025-08-23,TCS,Cloud Suite,6,4554,27324,Leeds
2024-05-23,Google,Cloud Suite,1,2432,2432,Leeds
2025-01-31,Deloitte,Analytics Dashboard,8,1185,9480,London
2024-11-10,TCS,AI Platform,4,3338,13352,Edinburgh
2024-03-25,Microsoft,Cloud Suite,4,1671,6684,Birmingham
2024-05-15,Barclays,Cloud Suite,9,2316,20844,Leeds
2024-08-21,Google,Analytics Dashboard,6,688,4128,London
2024-07-15,Barclays,Data Warehouse,5,2561,12805,Leeds
2025-07-17,HSBC,Data Warehouse,9,1111,9999,Leeds
2025-09-14,TCS,Data Warehouse,6,1181,7086,Edinburgh
2024-06-05,Microsoft,Data Warehouse,1,4769,4769,London
2025-05-13,Barclays,Cloud Suite,8,3870,30960,Edinburgh
2024-01-11,Infosys,Cloud Suite,9,3572,32148,Birmingham
2025-10-31,Microsoft,Cloud Suite,1,1655,1655,London
2025-02-20,Accenture,Cloud Suite,9,2214,19926,Birmingham
2024-04-14,EY,CRM Software,3,4072,12216,London
2025-12-07,EY,CRM Software,6,2054,12324,Leeds
2024-02-22,Microsoft,AI Platform,3,582,1746,London
2024-08-12,Deloitte,Data Warehouse,2,2520,5040,Birmingham
2024-03-18,Microsoft,Cloud Suite,5,1782,8910,Manchester
2025-08-16,Infosys,Cloud Suite,6,2662,15972,Birmingham
2025-04-18,KPMG,CRM Software,5,4559,22795,Birmingham
2025-06-27,HSBC,Data Warehouse,3,4195,12585,Leeds
2025-07-18,EY,Cloud Suite,6,4679,28074,London
2025-07-14,TCS,AI Platform,4,1679,6716,Leeds
2024-09-28,Deloitte,Analytics Dashboard,4,1237,4948,Edinburgh
2024-06-28,EY,AI Platform,5,4661,23305,London
2024-05-28,HSBC,Analytics Dashboard,2,2351,4702,Edinburgh
2025-01-23,Amazon,Cloud Suite,2,3832,7664,London
2024-07-21,HSBC,CRM Software,8,3737,29896,Birmingham
2025-03-13,HSBC,CRM Software,8,4524,36192,Manchester
2024-10-01,Deloitte,CRM Software,2,2238,4476,London
2024-03-29,Barclays,Analytics Dashboard,8,1970,15760,Leeds
2025-11-11,HSBC,Cloud Suite,4,886,3544,Manchester
2024-11-25,Accenture,Cloud Suite,8,3200,25600,Edinburgh
2025-04-26,TCS,AI Platform,1,3903,3903,Leeds
2025-06-30,Microsoft,CRM Software,1,2415,2415,Manchester
2025-07-12,Microsoft,AI Platform,9,2565,23085,London
2024-03-12,Infosys,Analytics Dashboard,9,4152,37368,Edinburgh
2025-06-06,PwC,Cloud Suite,5,2589,12945,Manchester
2025-07-09,HSBC,Analytics Dashboard,4,4233,16932,Leeds
2024-11-01,PwC,CRM Software,7,1819,12733,Edinburgh
2024-08-29,Infosys,Cloud Suite,5,2129,10645,Edinburgh
2024-08-28,Deloitte,AI Platform,7,3215,22505,Edinburgh
2025-12-07,PwC,Data Warehouse,3,949,2847,Manchester
2025-06-21,Barclays,CRM Software,1,3045,3045,Leeds
2025-02-03,Google,Data Warehouse,9,3718,33462,Leeds
2025-12-16,Amazon,AI Platform,5,2829,14145,London
2024-06-11,Infosys,CRM Software,4,4756,19024,Leeds
2025-12-14,Infosys,Data Warehouse,1,969,969,Edinburgh
2024-07-15,KPMG,AI Platform,7,1288,9016,Birmingham
2025-03-05,Barclays,Analytics Dashboard,6,1172,7032,Birmingham
2025-02-12,KPMG,AI Platform,6,1814,10884,Leeds
2024-02-09,Google,AI Platform,8,3176,25408,Edinburgh
2025-09-01,KPMG,Cloud Suite,9,2033,18297,Edinburgh
2025-07-16,Barclays,AI Platform,9,1612,14508,Birmingham
2024-12-15,Infosys,Data Warehouse,5,542,2710,Manchester
2024-09-14,Google,Data Warehouse,4,3892,15568,Manchester
2025-06-01,Google,Analytics Dashboard,4,3868,15472,Edinburgh
2025-09-10,HSBC,AI Platform,8,1012,8096,Manchester
2024-07-01,PwC,AI Platform,8,3957,31656,London
2024-09-20,Accenture,CRM Software,9,1807,16263,Birmingham
2025-03-15,EY,Cloud Suite,8,3094,24752,Birmingham
2024-07-27,Microsoft,Cloud Suite,7,4338,30366,Birmingham
2024-02-08,Google,Data Warehouse,7,4045,28315,Birmingham
2025-07-28,Microsoft,AI Platform,7,2537,17759,Edinburgh
2025-12-03,Accenture,Cloud Suite,7,4669,32683,Manchester
2025-07-02,Microsoft,AI Platform,2,4886,9772,Leeds
2025-05-04,Barclays,CRM Software,9,2333,20997,London
2024-07-21,PwC,Analytics Dashboard,8,1068,8544,Manchester
2024-06-12,KPMG,CRM Software,7,4775,33425,Leeds
2025-08-20,Microsoft,CRM Software,6,1031,6186,London
2025-03-06,Barclays,Analytics Dashboard,8,2007,16056,London
2025-02-09,Barclays,Data Warehouse,8,883,7064,Leeds
2024-10-31,Google,Data Warehouse,7,4641,32487,Leeds
2024-08-09,TCS,AI Platform,2,3654,7308,Edinburgh
2025-07-28,Accenture,AI Platform,5,2873,14365,Leeds
2024-03-12,Infosys,Analytics Dashboard,1,1481,1481,Manchester
2025-09-03,Infosys,Data Warehouse,5,2405,12025,Birmingham
2024-04-08,Amazon,Analytics Dashboard,3,727,2181,Leeds
2024-05-10,Accenture,CRM Software,4,4507,18028,London
2024-08-31,KPMG,Data Warehouse,5,943,4715,Edinburgh
2025-09-06,HSBC,CRM Software,9,4032,36288,London
2025-01-16,Accenture,Cloud Suite,2,2376,4752,London
2024-06-06,KPMG,Analytics Dashboard,5,666,3330,Birmingham
2025-12-10,EY,Analytics Dashboard,4,3435,13740,London
2025-10-20,Accenture,Data Warehouse,8,3951,31608,Manchester
2024-08-27,Amazon,Analytics Dashboard,9,1043,9387,Birmingham
2025-09-25,EY,Data Warehouse,4,3248,12992,Edinburgh
2024-05-19,Google,CRM Software,6,685,4110,Birmingham
2024-08-09,HSBC,Cloud Suite,3,4605,13815,London
2024-07-27,TCS,Analytics Dashboard,9,1386,12474,Birmingham
2025-10-13,KPMG,Cloud Suite,2,3954,7908,Birmingham
2024-10-15,Microsoft,CRM Software,8,3975,31800,London
2024-11-01,KPMG,AI Platform,7,3172,22204,Manchester
2024-04-25,Accenture,AI Platform,8,1025,8200,London
2024-04-30,Deloitte,Analytics Dashboard,4,4616,18464,Edinburgh
2024-11-24,TCS,Cloud Suite,9,3759,33831,London
2025-03-11,Infosys,Data Warehouse,8,979,7832,Edinburgh
2024-03-07,Microsoft,Data Warehouse,8,1923,15384,Birmingham
2025-10-19,KPMG,Data Warehouse,6,3016,18096,Edinburgh
2024-06-02,Accenture,CRM Software,7,3957,27699,London
2024-11-01,Deloitte,Cloud Suite,3,4466,13398,Birmingham
2024-07-10,Deloitte,AI Platform,8,1519,12152,Manchester
2025-07-14,Google,Analytics Dashboard,3,4707,14121,Birmingham
2024-01-26,Amazon,Cloud Suite,5,2241,11205,London
2025-08-04,Barclays,Analytics Dashboard,1,3274,3274,Leeds
2025-12-11,PwC,Cloud Suite,6,3378,20268,Edinburgh
2024-03-14,Barclays,Analytics Dashboard,5,2537,12685,Edinburgh
2025-02-08,Barclays,Data Warehouse,7,4482,31374,Edinburgh
2025-12-27,Deloitte,Cloud Suite,2,2213,4426,London
2025-02-15,Barclays,Analytics Dashboard,5,2668,13340,London
2025-12-29,TCS,CRM Software,4,724,2896,London
2025-03-29,KPMG,Data Warehouse,7,4569,31983,Edinburgh
2024-10-18,Barclays,CRM Software,6,4472,26832,London
2025-09-06,KPMG,Cloud Suite,1,3211,3211,Manchester
2025-10-22,Barclays,AI Platform,9,2130,19170,London
2024-07-26,EY,CRM Software,3,3277,9831,Leeds
2025-02-22,Microsoft,AI Platform,2,4582,9164,Manchester
2025-10-01,TCS,Data Warehouse,2,3373,6746,Manchester
2024-02-13,KPMG,CRM Software,5,1009,5045,London
2025-11-25,Deloitte,AI Platform,5,1746,8730,Edinburgh
2025-04-06,Microsoft,AI Platform,5,1903,9515,Edinburgh
2024-05-09,Amazon,CRM Software,6,1768,10608,Leeds
2025-12-21,Barclays,AI Platform,2,3770,7540,Edinburgh
2025-02-04,Microsoft,AI Platform,3,1644,4932,Edinburgh
2024-10-19,Google,Analytics Dashboard,8,1032,8256,London
2025-10-11,Accenture,CRM Software,9,3305,29745,Birmingham
2024-01-28,TCS,Cloud Suite,7,3715,26005,Leeds
2024-04-02,PwC,Data Warehouse,7,4041,28287,Birmingham
2025-04-28,Accenture,Cloud Suite,6,3203,19218,Birmingham
2025-05-02,Infosys,Analytics Dashboard,1,4949,4949,Leeds
2025-04-25,PwC,Data Warehouse,3,3304,9912,Birmingham
2025-06-07,Accenture,Analytics Dashboard,2,2243,4486,London
2024-11-12,Barclays,AI Platform,6,3677,22062,London
2024-10-21,EY,AI Platform,4,693,2772,London
2024-11-06,TCS,Analytics Dashboard,5,749,3745,Leeds
2025-09-06,Microsoft,Data Warehouse,9,4509,40581,Manchester
2024-10-15,Amazon,AI Platform,7,2666,18662,Birmingham
2024-06-20,PwC,Cloud Suite,9,1639,14751,Edinburgh
2025-07-20,TCS,CRM Software,9,2096,18864,Manchester
2025-08-26,PwC,Analytics Dashboard,2,2021,4042,Manchester
2024-04-30,Amazon,AI Platform,9,4203,37827,Edinburgh
2024-05-03,Amazon,AI Platform,8,3072,24576,Manchester
2024-03-08,HSBC,AI Platform,7,3248,22736,Leeds
2024-10-12,Deloitte,Data Warehouse,6,2476,14856,London
2024-03-31,EY,Cloud Suite,1,2749,2749,Edinburgh
2025-07-06,Deloitte,AI Platform,6,4605,27630,Birmingham
2024-12-24,EY,AI Platform,6,4863,29178,Leeds
2025-06-09,Accenture,Data Warehouse,7,769,5383,Manchester
2024-09-12,KPMG,CRM Software,6,1034,6204,London
2024-12-16,TCS,AI Platform,3,963,2889,London
2024-05-07,Google,CRM Software,3,3034,9102,Edinburgh
2025-09-02,KPMG,CRM Software,3,2877,8631,Leeds
2025-02-17,Deloitte,Data Warehouse,9,3418,30762,London
2024-05-20,Amazon,Cloud Suite,3,997,2991,Manchester
2025-06-08,Deloitte,Cloud Suite,9,2005,18045,Birmingham
2024-04-20,Amazon,CRM Software,3,4219,12657,Leeds
2024-12-02,TCS,CRM Software,2,2808,5616,Manchester
2024-01-09,Microsoft,CRM Software,1,839,839,Edinburgh
2025-05-03,KPMG,Cloud Suite,3,4733,14199,Manchester
2024-03-05,Barclays,Analytics Dashboard,1,1773,1773,Birmingham
2025-11-12,HSBC,Data Warehouse,7,985,6895,Birmingham
2024-01-26,EY,CRM Software,2,4032,8064,London
2025-03-04,PwC,Analytics Dashboard,7,1469,10283,Manchester
2024-12-25,Google,Cloud Suite,6,2760,16560,Birmingham
2024-02-15,KPMG,Data Warehouse,6,3208,19248,Manchester
2024-01-05,PwC,Analytics Dashboard,9,2969,26721,Birmingham
2024-03-09,Barclays,AI Platform,5,3701,18505,Birmingham
2025-02-03,KPMG,AI Platform,9,1724,15516,Edinburgh
2024-06-12,Google,CRM Software,5,4022,20110,Birmingham
2025-06-01,Amazon,Data Warehouse,2,3710,7420,Birmingham
2024-11-25,HSBC,Cloud Suite,5,3502,17510,Manchester
2025-06-01,Microsoft,AI Platform,7,4418,30926,Edinburgh
2024-05-21,Google,Analytics Dashboard,4,3013,12052,Leeds
2025-03-13,HSBC,AI Platform,1,3051,3051,Birmingham
2024-10-23,Deloitte,Cloud Suite,8,2875,23000,Birmingham
2025-07-19,Google,Analytics Dashboard,2,2162,4324,London
2024-08-16,Deloitte,AI Platform,5,1021,5105,Birmingham
2024-05-18,Google,Analytics Dashboard,2,2806,5612,Birmingham
2024-07-10,TCS,Cloud Suite,6,760,4560,Edinburgh
2025-06-07,EY,Data Warehouse,9,1066,9594,Birmingham
2024-01-21,Google,CRM Software,5,2815,14075,Edinburgh
2025-10-22,Infosys,CRM Software,1,4831,4831,Birmingham
2024-11-27,Barclays,CRM Software,2,2691,5382,Edinburgh
2025-12-11,Deloitte,CRM Software,5,4383,21915,Birmingham
2024-08-31,Google,Cloud Suite,3,2656,7968,Edinburgh
2024-03-20,KPMG,Analytics Dashboard,9,4697,42273,Birmingham
2025-01-10,Google,Analytics Dashboard,6,1548,9288,London
2025-02-19,EY,Data Warehouse,7,2878,20146,London
2025-07-06,Barclays,CRM Software,5,4522,22610,Birmingham
2024-12-11,Deloitte,CRM Software,1,2860,2860,Birmingham
2025-03-16,Google,Analytics Dashboard,2,3397,6794,Leeds
2024-07-02,HSBC,Data Warehouse,7,3474,24318,Leeds
2025-03-09,HSBC,AI Platform,9,1781,16029,Birmingham
2024-03-06,HSBC,Analytics Dashboard,1,3794,3794,London
2024-01-21,PwC,AI Platform,3,2390,7170,Birmingham
2024-05-05,Deloitte,Analytics Dashboard,5,2528,12640,Edinburgh
2024-11-26,EY,Data Warehouse,4,3643,14572,Manchester
2024-09-27,Google,Data Warehouse,5,4464,22320,Birmingham
2024-02-12,Google,Data Warehouse,7,606,4242,Manchester
2025-03-31,Google,CRM Software,6,4081,24486,Birmingham
2025-08-16,Amazon,AI Platform,2,2589,5178,Manchester
2024-03-21,Microsoft,Data Warehouse,6,3819,22914,Manchester
2025-07-01,Google,Analytics Dashboard,2,2472,4944,Birmingham
2025-08-01,Infosys,Analytics Dashboard,8,4336,34688,Manchester
2025-07-30,Google,Data Warehouse,3,4166,12498,Manchester
2025-04-19,PwC,Cloud Suite,5,4376,21880,Manchester
2024-10-28,Microsoft,Analytics Dashboard,3,4448,13344,Leeds
2025-05-19,Infosys,Cloud Suite,7,4964,34748,Leeds
2024-12-23,PwC,CRM Software,3,4250,12750,Edinburgh
2024-10-02,Accenture,Cloud Suite,9,2546,22914,Birmingham
2025-04-02,Microsoft,AI Platform,2,3800,7600,Birmingham
2024-11-22,HSBC,Data Warehouse,7,2560,17920,Edinburgh
2025-09-14,Google,Cloud Suite,8,3294,26352,London
2024-05-27,Infosys,AI Platform,3,4591,13773,Birmingham
2025-03-11,KPMG,Cloud Suite,5,2704,13520,Manchester
2024-04-21,Infosys,AI Platform,9,1796,16164,London
2024-04-03,Accenture,Data Warehouse,4,1014,4056,Leeds
2024-01-05,KPMG,Data Warehouse,1,2020,2020,Manchester
2025-11-29,Microsoft,Analytics Dashboard,2,2805,5610,London
2025-12-27,Microsoft,AI Platform,6,1285,7710,London
2024-10-30,Accenture,Cloud Suite,4,1165,4660,Birmingham
2025-07-14,Accenture,CRM Software,6,2691,16146,Leeds
2025-06-02,Microsoft,Analytics Dashboard,4,3420,13680,Leeds
2024-07-03,Google,Analytics Dashboard,4,2249,8996,Birmingham
2025-01-22,Accenture,AI Platform,7,4683,32781,Manchester
2024-08-31,PwC,Cloud Suite,7,2587,18109,Leeds
2024-02-25,Microsoft,Analytics Dashboard,1,3923,3923,Manchester
2024-04-04,TCS,CRM Software,1,1343,1343,Manchester
2024-12-09,EY,CRM Software,9,4490,40410,Birmingham
2024-01-30,Deloitte,CRM Software,1,2148,2148,Manchester
2024-10-01,HSBC,Cloud Suite,9,1852,16668,Leeds
2024-10-08,HSBC,CRM Software,8,4936,39488,Edinburgh
2025-07-22,Deloitte,Cloud Suite,3,844,2532,Manchester
2025-04-05,Infosys,CRM Software,4,4795,19180,Edinburgh
2024-10-26,Infosys,Data Warehouse,2,1039,2078,Edinburgh
2024-01-13,KPMG,AI Platform,6,1737,10422,London
2024-04-22,KPMG,Cloud Suite,7,1999,13993,Leeds
2025-04-12,EY,Data Warehouse,5,4226,21130,Manchester
2025-04-03,Google,Analytics Dashboard,3,3120,9360,Manchester
2024-04-27,EY,Data Warehouse,8,4367,34936,Manchester
2024-02-24,KPMG,CRM Software,5,4411,22055,Leeds
2025-04-15,Barclays,Cloud Suite,7,1736,12152,Leeds
2025-09-12,Amazon,Analytics Dashboard,9,2289,20601,Leeds
2025-10-29,Microsoft,Cloud Suite,5,2839,14195,Edinburgh
2024-10-14,HSBC,AI Platform,2,1468,2936,Leeds
2024-06-27,Infosys,Data Warehouse,3,4035,12105,Edinburgh
2025-07-10,PwC,Analytics Dashboard,8,2026,16208,Manchester
2025-11-02,Deloitte,AI Platform,2,4019,8038,London
2024-11-18,Microsoft,AI Platform,9,4095,36855,London
2025-03-27,Accenture,Data Warehouse,2,1554,3108,Manchester
2025-12-07,Amazon,Cloud Suite,1,3000,3000,Leeds
2025-08-29,EY,Analytics Dashboard,3,3199,9597,Edinburgh
2025-04-08,Microsoft,Analytics Dashboard,2,1449,2898,London
2025-10-05,Deloitte,Data Warehouse,9,4902,44118,Manchester
2024-06-17,Amazon,Cloud Suite,4,2171,8684,Manchester
2024-09-02,HSBC,Analytics Dashboard,2,3236,6472,London
2024-07-09,Infosys,Data Warehouse,9,988,8892,Birmingham
2024-10-20,Barclays,Cloud Suite,1,2092,2092,Leeds
2025-07-19,Accenture,Data Warehouse,8,884,7072,London
2024-07-03,Amazon,Cloud Suite,8,3940,31520,Birmingham
2024-03-30,Microsoft,AI Platform,8,2571,20568,Leeds
2024-02-27,Accenture,CRM Software,3,852,2556,Birmingham
2024-03-28,Microsoft,Data Warehouse,7,4544,31808,Edinburgh
2025-12-14,Microsoft,CRM Software,3,2628,7884,Leeds
2024-05-05,KPMG,Analytics Dashboard,7,3433,24031,Manchester
2025-08-24,Infosys,CRM Software,3,1733,5199,Manchester
2025-06-21,TCS,CRM Software,4,744,2976,Birmingham
2025-11-26,TCS,CRM Software,9,4785,43065,Leeds
2024-07-10,Microsoft,Data Warehouse,4,953,3812,Manchester
2024-08-20,TCS,Cloud Suite,1,2989,2989,Leeds
2024-05-05,Infosys,Data Warehouse,2,4728,9456,Leeds
2024-08-14,PwC,Data Warehouse,3,2023,6069,Birmingham
2024-11-04,EY,AI Platform,4,2574,10296,Manchester
2025-01-13,HSBC,Cloud Suite,9,4812,43308,Edinburgh
2025-01-15,Microsoft,CRM Software,6,1679,10074,Manchester
2025-09-08,Amazon,Cloud Suite,9,1528,13752,Edinburgh
2025-10-07,Microsoft,Cloud Suite,3,842,2526,Birmingham
2025-02-20,Barclays,AI Platform,1,750,750,London
2024-03-11,Microsoft,Analytics Dashboard,5,1914,9570,Manchester
2025-08-20,Accenture,Cloud Suite,9,4082,36738,Edinburgh
2024-03-01,TCS,Cloud Suite,6,3756,22536,Birmingham
2024-02-01,Deloitte,Cloud Suite,9,1545,13905,Manchester
2024-03-19,Microsoft,Analytics Dashboard,3,2112,6336,Leeds
2024-11-24,TCS,AI Platform,5,3272,16360,Birmingham
2025-05-01,PwC,Analytics Dashboard,6,1140,6840,Leeds
2024-07-09,EY,Analytics Dashboard,5,4612,23060,Manchester
2024-12-05,Barclays,Analytics Dashboard,6,1933,11598,London
2025-02-19,Barclays,AI Platform,8,4948,39584,Edinburgh
2025-04-21,HSBC,AI Platform,6,4678,28068,Manchester
2024-09-21,Microsoft,CRM Software,6,4955,29730,Leeds
2024-01-02,TCS,Cloud Suite,3,2302,6906,Edinburgh
2025-12-14,HSBC,Data Warehouse,9,3798,34182,Edinburgh
2025-03-22,PwC,Cloud Suite,5,1628,8140,Leeds
2025-05-17,Accenture,CRM Software,7,995,6965,Edinburgh
2025-01-20,Amazon,Data Warehouse,1,2396,2396,London
2025-03-21,Infosys,Cloud Suite,9,1310,11790,Birmingham
2025-01-13,Deloitte,Analytics Dashboard,9,1397,12573,Edinburgh
2024-08-28,Accenture,AI Platform,7,3453,24171,Birmingham
2025-09-14,Deloitte,AI Platform,5,894,4470,Leeds
2025-07-03,KPMG,CRM Software,8,2913,23304,Leeds
2025-03-31,EY,Analytics Dashboard,5,4758,23790,Birmingham
2025-09-08,HSBC,CRM Software,4,2042,8168,Manchester
2025-03-30,EY,CRM Software,9,956,8604,Birmingham
2025-05-19,TCS,Cloud Suite,5,1638,8190,Manchester
2024-12-02,Infosys,Data Warehouse,8,3691,29528,Manchester
2024-12-30,HSBC,Cloud Suite,2,737,1474,Edinburgh
2024-11-30,Deloitte,Analytics Dashboard,8,3243,25944,Edinburgh
2024-12-28,PwC,Analytics Dashboard,4,3434,13736,Leeds
2025-04-16,Google,Data Warehouse,2,4494,8988,Edinburgh
2024-06-26,Microsoft,Data Warehouse,1,1044,1044,Leeds
2025-10-18,Accenture,AI Platform,5,3023,15115,Leeds
2024-07-04,Infosys,Analytics Dashboard,5,2572,12860,Manchester
2025-12-07,PwC,Analytics Dashboard,9,4841,43569,London
2024-12-17,Barclays,CRM Software,6,4537,27222,Manchester
2025-12-19,TCS,CRM Software,3,1777,5331,Edinburgh
2024-11-18,KPMG,Data Warehouse,5,4873,24365,Edinburgh
2024-01-29,KPMG,CRM Software,3,4022,12066,London
2024-12-08,Microsoft,Data Warehouse,7,1796,12572,Edinburgh
2025-12-17,Microsoft,Cloud Suite,3,4172,12516,London
2025-04-24,Barclays,AI Platform,8,609,4872,Birmingham
2024-05-27,TCS,Data Warehouse,8,3548,28384,Edinburgh
2024-11-29,KPMG,Analytics Dashboard,7,3055,21385,London
2024-05-03,Microsoft,Analytics Dashboard,5,656,3280,Leeds
2025-09-11,TCS,AI Platform,8,582,4656,Edinburgh
2024-08-15,Accenture,Analytics Dashboard,5,2284,11420,Birmingham
2025-05-23,Amazon,CRM Software,6,2814,16884,London
2025-03-28,KPMG,Cloud Suite,2,1779,3558,Manchester
2025-02-08,Microsoft,CRM Software,2,1381,2762,Edinburgh
2025-07-27,EY,Data Warehouse,8,3324,26592,Leeds
2025-02-08,Barclays,AI Platform,5,3105,15525,Manchester
2024-03-11,Barclays,Analytics Dashboard,3,515,1545,Birmingham
2024-05-07,Accenture,Analytics Dashboard,4,3536,14144,Leeds
2024-11-23,EY,CRM Software,6,2638,15828,Manchester
2024-11-24,Barclays,CRM Software,2,944,1888,Manchester
2024-03-03,Deloitte,Data Warehouse,7,744,5208,London
2024-09-22,KPMG,CRM Software,9,4895,44055,London
2024-03-14,EY,CRM Software,7,3662,25634,Manchester
2024-10-15,TCS,Analytics Dashboard,3,3986,11958,Leeds
2025-06-24,TCS,CRM Software,4,1565,6260,Edinburgh
2025-12-25,PwC,AI Platform,2,4073,8146,Leeds
2024-02-08,Amazon,CRM Software,7,4919,34433,Leeds
2024-05-15,EY,AI Platform,6,2323,13938,Edinburgh
2024-12-25,EY,CRM Software,4,4314,17256,London
2025-02-18,Amazon,CRM Software,5,2813,14065,Birmingham
2025-09-17,HSBC,CRM Software,4,4838,19352,Manchester
2025-10-16,Amazon,AI Platform,2,2409,4818,Edinburgh
2025-03-29,TCS,AI Platform,8,3953,31624,Manchester
2024-08-10,Amazon,Cloud Suite,7,2884,20188,Birmingham
2024-12-21,PwC,Analytics Dashboard,7,3910,27370,Manchester
2024-08-11,TCS,Analytics Dashboard,3,4893,14679,Edinburgh
2024-07-15,TCS,CRM Software,9,1899,17091,Leeds
2024-04-25,PwC,AI Platform,5,2586,12930,London
2024-05-09,Microsoft,Cloud Suite,1,3077,3077,Edinburgh
2025-12-25,Deloitte,CRM Software,1,735,735,Leeds
2025-11-10,TCS,CRM Software,5,3973,19865,Leeds
2025-01-01,Accenture,Data Warehouse,4,3141,12564,Edinburgh
2025-12-03,Accenture,CRM Software,4,3945,15780,Manchester
2024-06-16,Amazon,Cloud Suite,6,4219,25314,Manchester
2025-09-30,Deloitte,Analytics Dashboard,6,3679,22074,Birmingham
2025-03-08,Barclays,Cloud Suite,4,2423,9692,Birmingham
2024-01-20,Deloitte,Data Warehouse,1,4077,4077,Manchester
2025-05-29,EY,Data Warehouse,9,3769,33921,Birmingham
2025-09-06,Infosys,Data Warehouse,7,3034,21238,Leeds
2025-02-26,Barclays,Data Warehouse,9,1736,15624,Birmingham
2024-11-16,Infosys,Cloud Suite,1,873,873,Birmingham
2024-09-19,Accenture,CRM Software,9,4425,39825,Manchester
2025-08-18,Amazon,Cloud Suite,7,673,4711,Leeds
2024-10-28,Accenture,Analytics Dashboard,6,2580,15480,Birmingham
2025-01-16,Microsoft,Analytics Dashboard,7,3273,22911,Edinburgh
2025-08-17,Barclays,Cloud Suite,9,1257,11313,London
2025-03-09,Infosys,AI Platform,4,808,3232,Manchester
2025-07-05,TCS,AI Platform,6,884,5304,Leeds
2025-09-15,Deloitte,Data Warehouse,3,2169,6507,Edinburgh
2025-12-03,EY,Analytics Dashboard,6,505,3030,Edinburgh
2025-11-21,Infosys,Cloud Suite,9,4329,38961,Edinburgh
2024-08-18,Deloitte,AI Platform,9,1385,12465,London
2024-07-12,Accenture,Analytics Dashboard,8,4412,35296,Birmingham
2024-12-09,TCS,Cloud Suite,2,4527,9054,Manchester
2024-06-15,Amazon,AI Platform,9,2289,20601,Birmingham
2024-07-13,KPMG,CRM Software,2,4839,9678,Birmingham
2025-08-19,Google,AI Platform,1,4789,4789,Birmingham
2024-12-29,HSBC,Cloud Suite,4,4744,18976,Edinburgh
2024-04-26,TCS,CRM Software,5,2254,11270,London
2025-12-14,Infosys,Analytics Dashboard,7,3694,25858,Leeds
2024-09-02,Barclays,Analytics Dashboard,3,2828,8484,Birmingham
2025-10-14,HSBC,CRM Software,1,3422,3422,London
2025-02-10,Infosys,Data Warehouse,1,2537,2537,Edinburgh
2025-10-30,HSBC,Analytics Dashboard,3,1860,5580,Manchester
2025-07-16,Google,Cloud Suite,8,4988,39904,Manchester
2024-04-19,Infosys,Cloud Suite,9,3292,29628,Birmingham
2025-02-02,Deloitte,Analytics Dashboard,3,3229,9687,Manchester
2025-12-26,Accenture,Data Warehouse,2,3593,7186,London
2025-11-22,TCS,AI Platform,2,2608,5216,Birmingham
2024-11-03,Google,AI Platform,5,4670,23350,Edinburgh
2025-02-21,Microsoft,AI Platform,2,1108,2216,Leeds
2024-08-28,HSBC,Analytics Dashboard,7,2904,20328,Manchester
2024-06-03,Microsoft,AI Platform,1,1946,1946,London
2024-07-18,Barclays,AI Platform,4,1278,5112,Birmingham
2025-08-09,EY,Analytics Dashboard,3,3771,11313,Edinburgh
2025-06-23,HSBC,CRM Software,1,4392,4392,London
2025-11-08,Infosys,CRM Software,3,4725,14175,London
2025-02-19,Microsoft,Cloud Suite,3,956,2868,London
2025-12-28,TCS,Cloud Suite,8,2983,23864,Leeds
2025-01-17,Infosys,AI Platform,1,2142,2142,Manchester
2025-07-25,Infosys,Cloud Suite,4,3973,15892,Edinburgh
2025-01-10,Google,Cloud Suite,3,3983,11949,Birmingham
2024-09-01,Deloitte,Cloud Suite,4,4439,17756,London
2025-03-03,Google,CRM Software,1,587,587,Manchester
2024-06-16,KPMG,CRM Software,1,819,819,Leeds
2025-09-07,HSBC,Data Warehouse,8,2949,23592,London
2025-04-17,EY,Analytics Dashboard,2,3344,6688,Edinburgh
2025-11-05,Infosys,Analytics Dashboard,7,590,4130,Leeds
2025-09-07,HSBC,CRM Software,9,3959,35631,Manchester
2025-02-24,KPMG,Cloud Suite,2,4537,9074,Manchester
2025-12-15,Accenture,AI Platform,2,3272,6544,Manchester
2024-09-17,Accenture,Data Warehouse,3,2412,7236,Manchester
2024-01-29,Barclays,Analytics Dashboard,2,3760,7520,London
2025-04-03,EY,Data Warehouse,6,3763,22578,Manchester
2024-06-06,Deloitte,Data Warehouse,8,781,6248,London
2024-06-11,TCS,CRM Software,8,3035,24280,Leeds
2024-07-30,Microsoft,Analytics Dashboard,3,1149,3447,London
2024-08-07,KPMG,Cloud Suite,1,4578,4578,London
2024-07-22,Google,AI Platform,9,3762,33858,London
2025-02-12,Google,Data Warehouse,2,4107,8214,Manchester
2025-08-25,TCS,Analytics Dashboard,2,4569,9138,London
2025-10-17,Google,Data Warehouse,1,2087,2087,Edinburgh
2025-12-26,Microsoft,Analytics Dashboard,8,1850,14800,Birmingham
2025-03-12,Barclays,Analytics Dashboard,6,2864,17184,Birmingham
2024-03-23,EY,Analytics Dashboard,1,4485,4485,Edinburgh
2024-10-02,TCS,Cloud Suite,9,4653,41877,Birmingham
2025-09-22,TCS,Analytics Dashboard,6,2830,16980,Manchester
2025-11-02,KPMG,AI Platform,5,3891,19455,London
2025-02-02,Amazon,AI Platform,3,1389,4167,Leeds
2025-08-10,PwC,CRM Software,3,685,2055,Edinburgh
2024-09-18,PwC,Data Warehouse,2,3017,6034,Edinburgh
2025-11-22,Amazon,Cloud Suite,4,2654,10616,Birmingham
2025-03-12,PwC,Data Warehouse,9,2144,19296,Manchester
2024-07-05,HSBC,AI Platform,5,2013,10065,London
2025-11-26,Deloitte,CRM Software,3,719,2157,Birmingham
2025-08-28,Infosys,Cloud Suite,2,1635,3270,Leeds
2024-06-30,KPMG,Analytics Dashboard,1,3222,3222,Birmingham
2025-08-15,EY,Analytics Dashboard,8,1348,10784,London
2024-11-10,Amazon,CRM Software,5,2815,14075,Birmingham
2024-04-15,Deloitte,CRM Software,1,3739,3739,Birmingham
2024-11-30,EY,Analytics Dashboard,6,580,3480,Manchester
2024-11-05,Microsoft,Data Warehouse,8,3895,31160,Manchester
2024-08-15,EY,Cloud Suite,6,1820,10920,Edinburgh
2024-07-11,Deloitte,AI Platform,4,2690,10760,Birmingham
2025-05-01,KPMG,Cloud Suite,1,1802,1802,Birmingham
2024-02-11,EY,CRM Software,1,3772,3772,London
2025-12-22,KPMG,CRM Software,6,2452,14712,Birmingham
2024-11-21,Google,Data Warehouse,2,4905,9810,London
2025-06-11,Amazon,Cloud Suite,5,1104,5520,Edinburgh
2025-10-14,PwC,AI Platform,7,4530,31710,Edinburgh
2024-02-25,Barclays,Data Warehouse,7,1228,8596,Manchester
2025-08-19,PwC,Data Warehouse,2,1239,2478,Manchester
2025-08-16,Microsoft,Analytics Dashboard,3,2199,6597,Birmingham
2025-12-25,PwC,Cloud Suite,3,1842,5526,Leeds
2024-03-25,PwC,CRM Software,7,2822,19754,Birmingham
2025-06-15,TCS,AI Platform,3,4572,13716,Leeds
2024-01-04,Barclays,Data Warehouse,6,1936,11616,Edinburgh
2024-11-12,Infosys,Data Warehouse,7,1423,9961,Birmingham
2025-06-05,PwC,Analytics Dashboard,7,4313,30191,London
2024-07-29,Amazon,CRM Software,4,2829,11316,Manchester
2025-04-06,TCS,CRM Software,2,2588,5176,Edinburgh
2025-11-07,KPMG,CRM Software,6,3701,22206,London
2025-11-18,Barclays,AI Platform,9,4528,40752,Edinburgh
2024-02-16,Accenture,AI Platform,3,1559,4677,Birmingham
2024-08-30,KPMG,CRM Software,2,2766,5532,London
2025-01-28,Infosys,AI Platform,3,1335,4005,Leeds
2025-02-03,TCS,AI Platform,1,899,899,Manchester
2024-11-24,Infosys,Data Warehouse,3,4745,14235,Edinburgh
2025-07-13,KPMG,AI Platform,3,4745,14235,London
2024-02-16,Microsoft,Cloud Suite,5,2921,14605,Birmingham
2024-04-04,HSBC,Analytics Dashboard,2,2960,5920,Birmingham
2024-01-13,EY,AI Platform,9,4761,42849,Birmingham
2024-02-29,Amazon,AI Platform,6,1160,6960,Birmingham
2025-04-11,Deloitte,Data Warehouse,1,1219,1219,Leeds
2025-01-19,Barclays,Analytics Dashboard,5,1674,8370,London
2024-04-22,Microsoft,Cloud Suite,7,3711,25977,Manchester
2025-12-07,TCS,CRM Software,4,4834,19336,London
2025-09-24,Amazon,Data Warehouse,1,1929,1929,Manchester
2024-01-27,TCS,Cloud Suite,7,2727,19089,Leeds
2024-11-12,KPMG,AI Platform,3,1591,4773,London
2025-07-04,Amazon,Cloud Suite,4,4016,16064,Edinburgh
2025-08-14,HSBC,Data Warehouse,1,908,908,London
2025-02-08,Accenture,Analytics Dashboard,8,1983,15864,London
2024-02-08,Infosys,AI Platform,1,716,716,Manchester
2024-07-21,Microsoft,CRM Software,8,949,7592,Leeds
2024-04-12,Barclays,Data Warehouse,6,3928,23568,Birmingham
2024-05-25,Infosys,Data Warehouse,9,1286,11574,Edinburgh
2024-12-27,Google,Data Warehouse,2,3834,7668,Birmingham
2024-12-16,Deloitte,Analytics Dashboard,8,4443,35544,Edinburgh
2025-01-28,Deloitte,Analytics Dashboard,6,4103,24618,Edinburgh
2024-09-26,Microsoft,CRM Software,6,2459,14754,Edinburgh
2024-09-21,Amazon,Cloud Suite,1,4999,4999,Edinburgh
2024-05-02,HSBC,CRM Software,6,1266,7596,Edinburgh
2025-08-19,TCS,Data Warehouse,1,1185,1185,Edinburgh
2025-08-20,Accenture,Cloud Suite,2,1385,2770,Leeds
2025-05-19,HSBC,Cloud Suite,6,4937,29622,Manchester
2025-04-14,Barclays,Data Warehouse,5,4807,24035,London
2025-02-16,HSBC,CRM Software,3,3854,11562,Edinburgh
2025-11-16,KPMG,AI Platform,5,650,3250,Leeds
2025-05-17,Accenture,Data Warehouse,8,3495,27960,Birmingham
2025-08-07,Microsoft,Data Warehouse,9,3861,34749,Leeds
2025-07-30,Microsoft,CRM Software,4,3255,13020,Birmingham
2024-08-19,KPMG,CRM Software,1,3359,3359,Manchester
2024-12-26,HSBC,CRM Software,6,1028,6168,Edinburgh
2024-09-04,Google,Data Warehouse,8,4636,37088,Manchester
2024-06-29,KPMG,CRM Software,8,2023,16184,Manchester
2025-07-05,Google,AI Platform,7,4209,29463,Manchester
2025-11-21,HSBC,CRM Software,9,2066,18594,Edinburgh
2025-03-05,Infosys,Analytics Dashboard,9,3872,34848,Leeds
2024-09-14,Microsoft,CRM Software,2,3846,7692,London
2024-05-03,Barclays,Analytics Dashboard,8,3620,28960,Birmingham
2025-12-23,Google,AI Platform,6,933,5598,Manchester
2025-09-03,HSBC,Cloud Suite,7,2764,19348,Manchester
2025-05-03,Microsoft,CRM Software,9,3656,32904,Leeds
2024-01-29,HSBC,Analytics Dashboard,4,2181,8724,Leeds
2025-10-12,HSBC,Data Warehouse,4,921,3684,Edinburgh
2025-10-21,HSBC,Analytics Dashboard,5,2717,13585,Edinburgh
2024-08-15,Barclays,CRM Software,8,2768,22144,Edinburgh
2024-09-14,Barclays,Cloud Suite,6,4471,26826,Edinburgh
2024-05-13,PwC,CRM Software,7,1494,10458,Manchester
2024-04-25,Amazon,Data Warehouse,2,3992,7984,Edinburgh
2024-06-17,Google,Data Warehouse,5,4143,20715,Birmingham
2025-10-18,PwC,CRM Software,1,4266,4266,London
2025-10-05,Accenture,Cloud Suite,1,842,842,Birmingham
2025-02-04,EY,Analytics Dashboard,9,1858,16722,London
2025-01-23,EY,Data Warehouse,7,1237,8659,Edinburgh
2024-01-03,KPMG,Data Warehouse,1,895,895,Leeds
2025-01-23,EY,Cloud Suite,4,2364,9456,Birmingham
2024-12-14,Deloitte,Data Warehouse,6,4007,24042,Leeds
2024-01-22,Deloitte,CRM Software,3,1979,5937,Edinburgh
2025-11-10,KPMG,CRM Software,2,3730,7460,Manchester
2024-02-14,PwC,Data Warehouse,1,3851,3851,Edinburgh
2025-08-25,Deloitte,Analytics Dashboard,9,4153,37377,London
2025-04-15,Deloitte,AI Platform,5,2078,10390,Leeds
2025-12-16,Microsoft,CRM Software,2,3465,6930,London
2025-12-21,Google,AI Platform,9,4027,36243,Birmingham
2024-12-20,TCS,CRM Software,4,4169,16676,Edinburgh
2025-07-26,HSBC,AI Platform,1,4565,4565,Manchester
2024-09-10,Deloitte,Data Warehouse,5,4017,20085,Birmingham
2025-03-22,Google,Cloud Suite,6,4431,26586,Edinburgh
2025-11-17,Accenture,Data Warehouse,5,1124,5620,Leeds
2024-03-26,Barclays,Analytics Dashboard,4,1191,4764,Leeds
2024-06-21,Amazon,AI Platform,5,4432,22160,Manchester
2024-06-28,EY,Analytics Dashboard,5,1387,6935,London
2025-01-19,TCS,Data Warehouse,6,2920,17520,Leeds
2025-07-10,Infosys,Analytics Dashboard,2,3980,7960,Manchester
2024-07-30,Deloitte,AI Platform,9,3582,32238,Leeds
2025-11-08,KPMG,CRM Software,7,4516,31612,Edinburgh
2024-08-04,EY,Analytics Dashboard,2,1996,3992,Manchester
2024-06-16,Infosys,CRM Software,7,4778,33446,Leeds
2025-06-05,Barclays,CRM Software,6,4786,28716,Manchester
2025-05-20,Microsoft,AI Platform,2,1712,3424,Leeds
2024-08-10,Barclays,AI Platform,7,1730,12110,Birmingham
2024-12-25,TCS,CRM Software,6,582,3492,Birmingham
2025-01-11,PwC,AI Platform,5,3724,18620,London
2024-07-03,Microsoft,CRM Software,4,3179,12716,Manchester
2025-09-15,PwC,AI Platform,4,3402,13608,London
2025-07-12,Google,Analytics Dashboard,7,2836,19852,Leeds
2024-01-22,PwC,Cloud Suite,4,1838,7352,London
2025-04-14,TCS,AI Platform,8,4235,33880,Manchester
2024-09-04,Deloitte,Analytics Dashboard,3,1802,5406,Leeds
2025-09-12,Infosys,AI Platform,7,1137,7959,Birmingham
2025-08-16,Amazon,Cloud Suite,3,1270,3810,Leeds
2024-05-23,Infosys,AI Platform,8,2153,17224,Edinburgh
2024-03-22,Barclays,Data Warehouse,5,761,3805,Edinburgh
2025-09-26,TCS,Data Warehouse,3,2817,8451,London
2025-10-30,Amazon,Data Warehouse,7,4357,30499,Leeds
2025-11-26,Accenture,AI Platform,5,3821,19105,Manchester
2025-04-02,Accenture,Cloud Suite,9,2937,26433,Leeds
2025-09-28,Microsoft,Data Warehouse,9,2468,22212,Manchester
2024-07-18,Microsoft,AI Platform,7,2412,16884,London
2025-05-13,Barclays,Data Warehouse,7,2237,15659,Manchester
2024-02-15,TCS,Data Warehouse,6,4839,29034,Leeds
2025-01-28,KPMG,AI Platform,1,1778,1778,Manchester
2025-12-13,PwC,Analytics Dashboard,6,2924,17544,London
2024-08-27,TCS,Analytics Dashboard,7,999,6993,Leeds
2024-10-23,Accenture,Analytics Dashboard,8,4128,33024,Leeds
2024-07-05,TCS,AI Platform,3,1654,4962,London
2025-11-06,Microsoft,Data Warehouse,4,997,3988,Edinburgh
2024-05-28,Infosys,Analytics Dashboard,4,3391,13564,Birmingham
2024-04-06,EY,AI Platform,7,3072,21504,Manchester
2025-05-03,EY,Analytics Dashboard,3,4157,12471,Manchester
2024-07-02,HSBC,AI Platform,2,2016,4032,Edinburgh
2025-11-15,TCS,Cloud Suite,7,4910,34370,Edinburgh
2025-10-20,Microsoft,Data Warehouse,9,1151,10359,Leeds
2024-02-05,HSBC,Analytics Dashboard,9,2930,26370,London
2024-06-19,Accenture,Analytics Dashboard,8,4062,32496,Manchester
2024-09-20,Google,Cloud Suite,4,4536,18144,London
2024-12-27,KPMG,Data Warehouse,7,3701,25907,Manchester
2025-07-29,TCS,Analytics Dashboard,5,723,3615,London
2025-05-01,Deloitte,Data Warehouse,6,2358,14148,Leeds
2024-09-06,Deloitte,Cloud Suite,1,4044,4044,Leeds
2024-09-19,HSBC,AI Platform,9,2584,23256,Manchester
2024-06-23,EY,CRM Software,9,2197,19773,Manchester
2024-12-04,PwC,Data Warehouse,7,2897,20279,London
2024-03-06,Infosys,AI Platform,9,1069,9621,London
2024-01-29,PwC,Data Warehouse,3,1140,3420,Edinburgh
2024-04-24,KPMG,CRM Software,3,4676,14028,Manchester
2025-08-29,Deloitte,AI Platform,6,973,5838,Edinburgh
2024-06-19,Microsoft,CRM Software,8,1745,13960,Manchester
2025-11-05,KPMG,Data Warehouse,4,821,3284,Birmingham
2024-05-31,Microsoft,CRM Software,4,3832,15328,Birmingham
2025-09-11,HSBC,CRM Software,9,1340,12060,Birmingham
2025-11-19,Microsoft,Analytics Dashboard,1,835,835,Leeds
2025-10-21,Deloitte,Data Warehouse,7,2629,18403,Edinburgh
2025-04-22,Infosys,Data Warehouse,8,1799,14392,Leeds
2024-09-29,TCS,Data Warehouse,6,4049,24294,Manchester
2025-08-04,EY,Cloud Suite,1,580,580,Manchester
2025-02-23,Microsoft,Analytics Dashboard,5,2230,11150,Leeds
2024-09-20,Microsoft,AI Platform,2,2382,4764,Manchester
2025-09-06,Accenture,AI Platform,4,3463,13852,Leeds
2025-04-24,HSBC,CRM Software,3,1613,4839,Edinburgh
2025-08-22,Infosys,Cloud Suite,8,1255,10040,London
2025-02-24,HSBC,AI Platform,5,4668,23340,Birmingham
2024-10-25,Deloitte,Analytics Dashboard,8,803,6424,London
2025-05-12,Barclays,CRM Software,2,1760,3520,Birmingham
2024-09-12,Infosys,Data Warehouse,9,2218,19962,Edinburgh
2024-07-29,HSBC,AI Platform,9,4075,36675,London
2025-07-29,HSBC,CRM Software,9,3410,30690,Edinburgh
2024-04-03,Barclays,Analytics Dashboard,6,3162,18972,London
2024-03-04,PwC,Data Warehouse,6,1824,10944,Manchester
2024-04-10,EY,Analytics Dashboard,2,1543,3086,Birmingham
2024-10-21,TCS,CRM Software,4,4943,19772,London
2024-02-13,Infosys,CRM Software,3,537,1611,London
2025-12-11,TCS,CRM Software,7,3391,23737,Leeds
2025-08-19,Google,AI Platform,1,4965,4965,Edinburgh
2025-12-17,Infosys,Analytics Dashboard,3,1828,5484,Manchester
2024-09-14,TCS,Cloud Suite,7,2057,14399,London
2024-12-27,HSBC,Analytics Dashboard,1,1028,1028,Manchester
2025-09-30,Infosys,Analytics Dashboard,3,3345,10035,Manchester
2024-11-15,HSBC,Data Warehouse,6,3216,19296,Birmingham
2025-02-25,HSBC,Analytics Dashboard,6,1959,11754,London
2025-05-03,PwC,AI Platform,4,2474,9896,Leeds
2025-03-02,EY,AI Platform,6,3626,21756,Manchester
2024-04-16,Amazon,Cloud Suite,3,2965,8895,London
2024-11-15,Google,CRM Software,9,2068,18612,Leeds
2024-07-05,TCS,CRM Software,9,3878,34902,Edinburgh
2025-10-10,Barclays,Data Warehouse,8,3742,29936,Leeds
2025-04-04,Google,Data Warehouse,8,1843,14744,Edinburgh
2025-01-10,Microsoft,AI Platform,4,4454,17816,Leeds
2025-09-27,Accenture,AI Platform,5,3144,15720,Manchester
2024-01-29,Google,CRM Software,8,1145,9160,Leeds
2024-11-06,Microsoft,AI Platform,5,4028,20140,London
2025-08-22,Microsoft,CRM Software,7,2452,17164,Manchester
2025-12-26,Infosys,Cloud Suite,2,2849,5698,Birmingham
2025-06-21,Deloitte,CRM Software,1,1091,1091,London
2024-05-28,HSBC,Data Warehouse,3,2411,7233,London
2025-06-01,Deloitte,CRM Software,5,1770,8850,Manchester
2024-09-13,Barclays,AI Platform,3,4239,12717,Edinburgh
2025-05-11,Barclays,Data Warehouse,6,3424,20544,Edinburgh
2025-06-30,Amazon,Analytics Dashboard,4,2836,11344,London
2024-11-04,Microsoft,CRM Software,7,4264,29848,Edinburgh
2024-12-18,Infosys,Data Warehouse,5,3607,18035,London
2024-02-13,Deloitte,Cloud Suite,2,2068,4136,Manchester
2025-02-12,Microsoft,Cloud Suite,1,2750,2750,Birmingham
2025-01-02,Accenture,Cloud Suite,6,3493,20958,Birmingham
2025-04-04,Accenture,Data Warehouse,9,2812,25308,Manchester
2024-06-21,Microsoft,Analytics Dashboard,2,1406,2812,Manchester
2024-03-12,PwC,CRM Software,8,2176,17408,London
2025-01-16,KPMG,CRM Software,2,2563,5126,Manchester
2025-09-16,HSBC,Analytics Dashboard,2,3981,7962,Manchester
2025-03-29,KPMG,CRM Software,9,2287,20583,Edinburgh
2024-04-25,TCS,Cloud Suite,3,4608,13824,Edinburgh
2024-09-08,EY,CRM Software,4,4812,19248,Edinburgh
2024-10-20,Amazon,Cloud Suite,1,1249,1249,Leeds
2025-02-16,Deloitte,Analytics Dashboard,1,3528,3528,London
2024-10-31,EY,AI Platform,8,1262,10096,Leeds
2025-12-23,Infosys,Cloud Suite,1,1091,1091,Leeds
2025-08-26,HSBC,Analytics Dashboard,7,2409,16863,Leeds
2024-01-01,Infosys,Cloud Suite,4,3770,15080,Birmingham
2024-08-17,KPMG,Data Warehouse,3,1289,3867,Edinburgh
2025-04-26,KPMG,CRM Software,3,3080,9240,Leeds
2025-02-08,TCS,AI Platform,1,589,589,Edinburgh
2025-03-17,Barclays,AI Platform,2,4094,8188,London
2025-11-02,Infosys,Cloud Suite,1,3662,3662,London
2025-12-16,TCS,Cloud Suite,6,974,5844,Edinburgh
2025-09-19,Accenture,CRM Software,6,4260,25560,Edinburgh
2025-06-04,HSBC,Analytics Dashboard,1,2122,2122,Leeds
2025-01-31,Barclays,AI Platform,9,3980,35820,Edinburgh
2025-09-21,Accenture,CRM Software,5,3272,16360,London
2025-05-31,HSBC,CRM Software,3,703,2109,London
2024-11-04,TCS,Cloud Suite,5,860,4300,London
2024-11-06,KPMG,AI Platform,3,4782,14346,Leeds
2025-12-03,HSBC,Cloud Suite,5,1488,7440,Manchester
2025-01-27,Barclays,Data Warehouse,5,1989,9945,Manchester
2024-06-18,Barclays,Cloud Suite,3,4129,12387,Edinburgh
2025-07-21,Google,CRM Software,8,2319,18552,London
2024-01-06,Infosys,CRM Software,3,4401,13203,Edinburgh
2024-03-06,Infosys,Data Warehouse,6,3907,23442,Manchester
2025-11-11,Infosys,Data Warehouse,5,3704,18520,Edinburgh
2024-12-01,Accenture,Analytics Dashboard,9,2723,24507,Birmingham
2024-02-05,TCS,AI Platform,8,4819,38552,Leeds
2024-02-05,KPMG,Cloud Suite,9,2521,22689,Birmingham
2024-11-10,EY,Analytics Dashboard,3,2241,6723,Manchester
2024-10-05,Google,AI Platform,7,4464,31248,Leeds
2024-09-15,Amazon,Analytics Dashboard,4,1366,5464,Manchester
2024-05-22,HSBC,CRM Software,7,4223,29561,Birmingham
2024-11-14,Microsoft,Cloud Suite,2,3259,6518,Manchester
2025-10-13,Barclays,Analytics Dashboard,2,4614,9228,Birmingham
2025-10-06,Deloitte,AI Platform,3,1776,5328,Leeds
2024-07-11,Barclays,AI Platform,3,3815,11445,London
2025-10-06,Amazon,Analytics Dashboard,8,3911,31288,London
2025-08-14,Amazon,Cloud Suite,1,3430,3430,Birmingham
2024-04-05,KPMG,AI Platform,9,3550,31950,Manchester
2025-03-26,Google,Cloud Suite,3,1292,3876,Leeds
2025-04-16,HSBC,Analytics Dashboard,2,1241,2482,Manchester
2025-02-25,Google,AI Platform,9,1105,9945,Manchester
2025-06-12,Google,Cloud Suite,4,3267,13068,London
2024-11-06,HSBC,CRM Software,6,4065,24390,Birmingham
2025-04-11,Infosys,AI Platform,4,2512,10048,Birmingham
2024-04-08,Amazon,AI Platform,3,1666,4998,Edinburgh
2024-10-31,HSBC,AI Platform,9,1243,11187,London
2024-05-04,Amazon,Data Warehouse,1,1275,1275,London
2025-06-10,Microsoft,Cloud Suite,6,2159,12954,Birmingham
2025-08-29,Microsoft,CRM Software,6,2112,12672,Birmingham
2024-06-01,TCS,CRM Software,8,3341,26728,Manchester
2024-10-19,Deloitte,CRM Software,7,2868,20076,Edinburgh
2025-08-08,PwC,Data Warehouse,1,2534,2534,London
2024-07-30,Google,Analytics Dashboard,7,2846,19922,Leeds
2024-06-17,Microsoft,Analytics Dashboard,4,3161,12644,London
2024-08-27,TCS,Analytics Dashboard,5,1407,7035,Manchester
2024-04-29,Infosys,Analytics Dashboard,9,4565,41085,Leeds
2024-04-07,Barclays,Data Warehouse,7,1628,11396,Edinburgh
2025-03-17,Infosys,Data Warehouse,4,3837,15348,Birmingham
2025-02-23,HSBC,AI Platform,2,2963,5926,Birmingham
2025-04-05,Deloitte,Analytics Dashboard,7,3881,27167,Manchester
2024-05-11,Deloitte,Data Warehouse,5,671,3355,Manchester
2024-11-25,Barclays,Data Warehouse,1,1221,1221,Leeds
2024-10-07,Deloitte,AI Platform,9,3465,31185,Leeds
2025-05-26,Google,Analytics Dashboard,5,3335,16675,London
2024-08-20,EY,Data Warehouse,2,3668,7336,Birmingham
2024-03-06,HSBC,AI Platform,4,546,2184,Leeds
2024-09-13,PwC,Data Warehouse,1,4540,4540,London
2024-07-28,Accenture,Data Warehouse,9,1687,15183,Birmingham
2024-09-09,Infosys,Analytics Dashboard,8,1628,13024,Leeds
2025-02-10,Barclays,Data Warehouse,8,2611,20888,London
2024-02-07,Microsoft,AI Platform,6,4817,28902,Manchester
2025-04-17,Microsoft,CRM Software,3,4332,12996,Birmingham
2025-08-24,Google,CRM Software,9,4611,41499,Leeds
2025-02-01,Accenture,CRM Software,6,811,4866,London
2024-05-01,EY,CRM Software,8,4610,36880,Birmingham
2024-02-21,KPMG,Data Warehouse,9,1812,16308,Edinburgh
2025-02-11,EY,AI Platform,4,2904,11616,Leeds
2025-03-05,Deloitte,Cloud Suite,6,1809,10854,Edinburgh
2025-11-11,Google,CRM Software,5,4864,24320,Leeds
2025-12-18,Deloitte,Analytics Dashboard,2,2687,5374,London
2024-05-23,TCS,Cloud Suite,6,4421,26526,Birmingham
2024-01-06,EY,AI Platform,7,2930,20510,Manchester
2025-04-14,Google,Cloud Suite,6,1060,6360,Leeds
2025-04-12,HSBC,Data Warehouse,9,3286,29574,London
2025-03-13,HSBC,CRM Software,6,1500,9000,Leeds
2025-10-01,Microsoft,Cloud Suite,1,4437,4437,Birmingham
2024-04-10,KPMG,Cloud Suite,7,3916,27412,Edinburgh
2024-12-21,HSBC,Analytics Dashboard,7,2972,20804,Leeds
2025-03-04,Google,Data Warehouse,7,3924,27468,Manchester
2025-08-13,PwC,CRM Software,5,675,3375,London
2025-04-02,Amazon,Data Warehouse,8,1319,10552,London
2025-08-11,PwC,AI Platform,9,1101,9909,Leeds
2025-12-19,KPMG,CRM Software,4,2354,9416,Leeds
2025-08-22,EY,Analytics Dashboard,9,1867,16803,Birmingham
2025-01-13,Google,Analytics Dashboard,8,2987,23896,Manchester
2024-10-02,Accenture,Analytics Dashboard,3,2959,8877,Leeds
2025-02-17,Accenture,AI Platform,4,1932,7728,Birmingham
2024-08-17,Infosys,CRM Software,2,837,1674,London
2025-07-11,TCS,AI Platform,1,4410,4410,Manchester
2025-11-04,TCS,Cloud Suite,4,4123,16492,Birmingham
2024-08-10,Google,Cloud Suite,6,2158,12948,Leeds
2025-03-01,Accenture,AI Platform,6,1068,6408,Birmingham
2024-08-18,PwC,Data Warehouse,9,4539,40851,Edinburgh
2025-07-31,HSBC,CRM Software,7,2112,14784,Birmingham
2024-01-24,PwC,Data Warehouse,6,921,5526,Manchester
2024-10-16,PwC,Analytics Dashboard,4,1677,6708,Birmingham
2025-10-04,Deloitte,AI Platform,2,1014,2028,Manchester
2024-12-07,Barclays,CRM Software,1,4695,4695,Manchester
2024-02-22,TCS,CRM Software,3,950,2850,Birmingham
2025-06-17,EY,Data Warehouse,3,2043,6129,Birmingham
2025-10-27,PwC,AI Platform,6,1314,7884,Birmingham
2025-01-27,PwC,Cloud Suite,3,3727,11181,Birmingham
2024-05-25,Infosys,Data Warehouse,8,2861,22888,London
2024-10-06,Google,Analytics Dashboard,4,1087,4348,Manchester
2025-12-16,Barclays,CRM Software,1,1802,1802,Leeds
2025-08-10,Deloitte,CRM Software,5,1657,8285,Leeds
2025-10-09,EY,CRM Software,7,1006,7042,Leeds
2025-01-01,KPMG,CRM Software,4,2831,11324,Manchester
2024-09-19,HSBC,AI Platform,7,3516,24612,Edinburgh
2024-12-29,Accenture,Cloud Suite,5,2907,14535,Manchester
2024-02-12,EY,Cloud Suite,6,1856,11136,Edinburgh
2025-05-06,Amazon,Analytics Dashboard,5,2009,10045,Manchester
2025-01-26,Google,Cloud Suite,4,554,2216,London
2025-08-08,Accenture,CRM Software,9,1275,11475,Leeds
2024-12-21,Infosys,Data Warehouse,7,4620,32340,Leeds
2024-11-24,Amazon,Cloud Suite,6,3444,20664,Leeds
2025-06-25,Barclays,Cloud Suite,3,4089,12267,Birmingham
2024-05-28,EY,CRM Software,8,3767,30136,London
2025-09-27,Google,AI Platform,3,1101,3303,London
2024-03-30,HSBC,Data Warehouse,3,2272,6816,London
2024-06-15,HSBC,Cloud Suite,8,2681,21448,Leeds
2024-01-22,Infosys,Cloud Suite,8,1408,11264,Birmingham
2025-10-08,PwC,Analytics Dashboard,5,2322,11610,Leeds
2024-09-07,Amazon,Analytics Dashboard,8,2655,21240,London
2025-09-23,Deloitte,Analytics Dashboard,5,4981,24905,Edinburgh
2024-07-01,HSBC,Cloud Suite,3,4089,12267,Leeds
2024-01-12,Accenture,Cloud Suite,9,2745,24705,Edinburgh
2025-02-24,Microsoft,CRM Software,8,4308,34464,Leeds
2024-08-20,KPMG,Analytics Dashboard,4,2541,10164,Manchester
2024-09-28,Google,Data Warehouse,1,871,871,Edinburgh
2025-02-13,TCS,Analytics Dashboard,5,1918,9590,Birmingham
2025-08-03,KPMG,AI Platform,3,2321,6963,London
2024-12-06,EY,Cloud Suite,8,3659,29272,Manchester
2025-03-02,Barclays,AI Platform,3,4650,13950,Leeds
2025-10-30,Deloitte,Analytics Dashboard,8,3384,27072,Birmingham
2025-09-01,KPMG,CRM Software,4,2911,11644,Leeds
2025-01-23,Deloitte,Analytics Dashboard,8,603,4824,Birmingham
2024-12-29,KPMG,Data Warehouse,4,4448,17792,Edinburgh
2024-08-06,Accenture,CRM Software,9,1702,15318,Edinburgh
2024-04-01,EY,Cloud Suite,9,1819,16371,London
2024-07-11,Barclays,Analytics Dashboard,4,4956,19824,Birmingham
2024-06-29,Infosys,AI Platform,5,2408,12040,London
2024-03-23,TCS,CRM Software,1,1740,1740,Manchester
2024-01-26,Infosys,AI Platform,4,2886,11544,Leeds
2024-08-23,KPMG,Cloud Suite,1,3054,3054,Leeds
2025-09-24,Infosys,Analytics Dashboard,9,2028,18252,Birmingham
2025-08-30,Deloitte,AI Platform,3,4909,14727,Leeds
2025-03-02,Microsoft,Cloud Suite,8,4108,32864,Manchester
2024-08-06,Barclays,Analytics Dashboard,7,2619,18333,Birmingham
2024-09-19,HSBC,Cloud Suite,5,3384,16920,Manchester
2025-10-22,Barclays,CRM Software,7,3909,27363,Leeds
2024-09-04,Barclays,Analytics Dashboard,3,926,2778,Manchester
2024-07-13,Google,AI Platform,1,4181,4181,Leeds
2025-01-23,Barclays,CRM Software,5,3289,16445,Birmingham
2025-08-14,PwC,Cloud Suite,8,983,7864,Edinburgh
2025-06-04,EY,CRM Software,1,3406,3406,Birmingham
2024-01-11,HSBC,Cloud Suite,3,3822,11466,Birmingham
2024-12-31,HSBC,AI Platform,4,4565,18260,Manchester
2024-04-04,KPMG,Analytics Dashboard,9,1430,12870,London
2024-11-10,Accenture,AI Platform,6,3367,20202,Birmingham
2024-02-06,Infosys,Analytics Dashboard,4,4663,18652,Manchester
2024-12-25,Amazon,Analytics Dashboard,4,1074,4296,Edinburgh
2024-10-16,Infosys,Data Warehouse,4,2088,8352,Manchester
2025-03-30,HSBC,Data Warehouse,8,2469,19752,London
2024-11-21,Accenture,Cloud Suite,8,4074,32592,London
2024-06-09,PwC,AI Platform,5,3225,16125,Birmingham
2024-01-13,Google,Analytics Dashboard,7,3926,27482,Edinburgh
2025-10-13,Barclays,Data Warehouse,2,999,1998,Manchester
2024-07-22,KPMG,Cloud Suite,6,3067,18402,London
2025-03-05,Accenture,CRM Software,8,1848,14784,Leeds
2024-08-27,Barclays,Data Warehouse,2,3051,6102,Edinburgh
2024-06-02,Barclays,AI Platform,2,1183,2366,London
2025-11-02,PwC,Data Warehouse,5,4484,22420,Edinburgh
2025-11-19,KPMG,CRM Software,8,1779,14232,Birmingham
2025-01-27,Barclays,Analytics Dashboard,3,1293,3879,Leeds
2025-03-14,Google,Data Warehouse,6,961,5766,Leeds
2024-12-16,PwC,Analytics Dashboard,1,4712,4712,Leeds
2025-07-16,TCS,AI Platform,9,623,5607,Leeds
2024-06-04,Amazon,Cloud Suite,2,4430,8860,London
2025-01-28,KPMG,CRM Software,6,3638,21828,Leeds
2025-09-14,HSBC,AI Platform,9,2857,25713,Leeds
2025-07-30,Barclays,Cloud Suite,3,1090,3270,Leeds
2024-10-01,Deloitte,CRM Software,8,4747,37976,Leeds
2024-08-03,PwC,AI Platform,5,4027,20135,Birmingham
2024-10-01,Infosys,CRM Software,2,4376,8752,Leeds
2025-04-15,TCS,CRM Software,5,4508,22540,Birmingham
2024-08-03,Deloitte,Data Warehouse,2,3150,6300,Leeds
2024-09-13,HSBC,Analytics Dashboard,2,4391,8782,Birmingham
2025-05-24,HSBC,CRM Software,8,3914,31312,Manchester
2024-09-02,Deloitte,CRM Software,5,4331,21655,Edinburgh
2025-08-17,Amazon,Analytics Dashboard,8,768,6144,London
2025-10-12,Amazon,Analytics Dashboard,1,1302,1302,Birmingham
2024-11-18,EY,AI Platform,4,1242,4968,Leeds
2025-11-10,Infosys,Analytics Dashboard,7,1801,12607,Leeds
2025-04-25,Barclays,Analytics Dashboard,3,3194,9582,London
2025-01-11,PwC,AI Platform,2,758,1516,Birmingham
2025-01-06,Google,Analytics Dashboard,9,2652,23868,Manchester
2024-09-17,EY,CRM Software,6,2216,13296,Leeds
2024-05-28,Microsoft,CRM Software,8,2007,16056,Edinburgh
2024-03-04,Amazon,Data Warehouse,6,4229,25374,London
2025-12-26,Microsoft,CRM Software,7,3351,23457,Manchester
2025-06-06,PwC,Analytics Dashboard,7,1118,7826,Leeds
2024-07-24,Deloitte,Cloud Suite,1,4332,4332,London
2025-03-15,Amazon,Data Warehouse,4,4523,18092,Birmingham
2024-07-31,EY,CRM Software,4,1520,6080,London
2025-12-02,Deloitte,Data Warehouse,4,3269,13076,Edinburgh
2024-11-25,Amazon,Analytics Dashboard,4,2548,10192,Leeds
2025-12-21,Deloitte,AI Platform,5,2688,13440,London
2024-11-28,KPMG,CRM Software,8,4986,39888,Birmingham
2025-05-04,TCS,Cloud Suite,1,1088,1088,London
2025-01-09,Amazon,AI Platform,4,3605,14420,London
2025-07-16,PwC,AI Platform,7,3471,24297,Edinburgh
2025-10-08,KPMG,Data Warehouse,1,4341,4341,Leeds
2024-02-23,TCS,Data Warehouse,8,1481,11848,Manchester
2025-02-01,Amazon,Cloud Suite,4,547,2188,Edinburgh
2024-02-22,Deloitte,AI Platform,1,2522,2522,Birmingham
2024-02-26,PwC,Cloud Suite,8,4039,32312,London
2025-11-10,Barclays,Data Warehouse,6,2037,12222,Manchester
2024-06-30,Amazon,Data Warehouse,4,2644,10576,London
2025-01-03,HSBC,Cloud Suite,6,4507,27042,Birmingham
2025-01-25,Amazon,AI Platform,8,3479,27832,Leeds
2025-12-01,TCS,AI Platform,5,4903,24515,Leeds
2025-11-21,Deloitte,CRM Software,8,1213,9704,Leeds
2024-09-17,Barclays,AI Platform,9,1528,13752,Birmingham
2024-02-23,Infosys,Data Warehouse,5,699,3495,London
2024-08-13,Google,Cloud Suite,3,1128,3384,Manchester
2024-02-08,Amazon,Data Warehouse,5,798,3990,London
2025-04-03,PwC,CRM Software,3,4395,13185,Birmingham
2024-12-09,EY,Analytics Dashboard,6,829,4974,Manchester
2025-04-16,Google,Data Warehouse,5,4321,21605,Manchester
2025-07-12,EY,Data Warehouse,1,2612,2612,Leeds
2024-03-13,TCS,Data Warehouse,5,2742,13710,Birmingham
2025-07-03,PwC,Analytics Dashboard,6,4441,26646,Edinburgh
2025-10-14,HSBC,AI Platform,3,1747,5241,Birmingham
2024-09-06,Google,CRM Software,4,2739,10956,Manchester
2024-01-19,PwC,Analytics Dashboard,3,2573,7719,Edinburgh
2024-01-27,Amazon,Cloud Suite,7,2850,19950,Leeds
2025-10-29,KPMG,Cloud Suite,2,673,1346,London
2024-03-27,Google,AI Platform,6,1950,11700,Leeds
2025-03-14,Deloitte,Data Warehouse,6,4269,25614,London
2024-08-23,Deloitte,Cloud Suite,2,2359,4718,Birmingham
2024-09-03,HSBC,CRM Software,7,4138,28966,London
2025-11-19,Deloitte,Analytics Dashboard,6,4245,25470,London
2024-12-18,HSBC,Cloud Suite,3,1042,3126,Leeds
2025-07-04,Deloitte,Analytics Dashboard,5,3245,16225,Birmingham
2024-07-17,Infosys,AI Platform,6,4445,26670,Birmingham
2025-10-15,HSBC,AI Platform,7,4980,34860,Birmingham
2024-04-01,Barclays,Analytics Dashboard,1,1057,1057,Manchester
2024-04-24,Google,Analytics Dashboard,8,1357,10856,Birmingham
2024-11-04,Accenture,Cloud Suite,2,3939,7878,Birmingham
2024-10-18,PwC,Analytics Dashboard,8,740,5920,Edinburgh
2025-01-09,Amazon,AI Platform,9,4439,39951,Manchester
2024-08-16,Barclays,Data Warehouse,6,1576,9456,Birmingham
2025-10-20,Amazon,CRM Software,3,4353,13059,Edinburgh
2024-03-11,Amazon,Analytics Dashboard,8,4004,32032,Leeds
2024-12-01,PwC,Data Warehouse,4,4380,17520,Edinburgh
2025-08-10,Accenture,CRM Software,3,3894,11682,Birmingham
2024-01-02,Accenture,AI Platform,7,2076,14532,Birmingham
2025-01-12,Google,Data Warehouse,4,3813,15252,Manchester
2024-10-10,Infosys,CRM Software,3,553,1659,Edinburgh
2025-01-10,Infosys,Data Warehouse,9,3023,27207,Leeds
2024-02-16,Accenture,Cloud Suite,5,4102,20510,London
2024-08-15,Amazon,Analytics Dashboard,1,3816,3816,London
2025-01-27,TCS,Data Warehouse,9,1960,17640,Manchester
2025-04-22,Amazon,Data Warehouse,3,2981,8943,Leeds
2025-09-18,Amazon,CRM Software,8,2420,19360,Manchester
2025-01-21,Barclays,CRM Software,5,4809,24045,Edinburgh
2024-02-13,Microsoft,AI Platform,5,4121,20605,Birmingham
2025-05-04,Infosys,AI Platform,7,1111,7777,Birmingham
2024-12-12,Barclays,CRM Software,6,2254,13524,Manchester
2025-02-08,Deloitte,Cloud Suite,9,695,6255,London
2024-07-20,KPMG,AI Platform,7,1181,8267,Leeds
2025-02-18,Barclays,Data Warehouse,4,863,3452,Leeds
2025-04-15,Microsoft,Data Warehouse,7,1078,7546,Leeds
2025-06-23,PwC,Analytics Dashboard,2,4485,8970,Edinburgh
2024-04-22,HSBC,Cloud Suite,9,881,7929,Edinburgh
2025-12-17,PwC,Data Warehouse,3,523,1569,London
2024-12-18,Amazon,AI Platform,3,1270,3810,Manchester
2025-03-25,Infosys,AI Platform,2,2247,4494,Birmingham
2024-12-21,Amazon,Analytics Dashboard,2,4239,8478,Birmingham
2025-06-25,Amazon,CRM Software,5,1706,8530,London
2024-02-11,HSBC,AI Platform,6,1711,10266,Manchester
2025-04-16,Deloitte,Data Warehouse,3,4227,12681,Edinburgh
2024-12-30,HSBC,AI Platform,1,4918,4918,Leeds
2025-04-22,KPMG,CRM Software,3,2889,8667,Birmingham
2024-12-03,Infosys,Analytics Dashboard,7,800,5600,Edinburgh
2025-10-21,Amazon,AI Platform,7,2804,19628,Birmingham
2025-05-29,Google,Data Warehouse,2,843,1686,London
2025-06-22,Microsoft,AI Platform,5,606,3030,Leeds
2024-04-11,Barclays,AI Platform,9,989,8901,London
2024-03-07,Google,CRM Software,6,4576,27456,Leeds
2024-12-15,EY,Analytics Dashboard,6,4217,25302,Leeds
2024-10-16,Accenture,Analytics Dashboard,3,1662,4986,Edinburgh
2025-02-19,Deloitte,Analytics Dashboard,6,3244,19464,London
2024-06-28,Google,AI Platform,8,4440,35520,Birmingham
2025-08-28,TCS,Analytics Dashboard,2,2143,4286,Birmingham
2024-08-30,EY,Cloud Suite,8,1682,13456,Edinburgh
2025-03-31,Accenture,CRM Software,6,3937,23622,London
2025-01-28,PwC,Analytics Dashboard,3,2058,6174,London
2024-04-30,Amazon,CRM Software,4,4039,16156,Birmingham
2024-07-01,Infosys,Analytics Dashboard,1,2617,2617,Edinburgh
2024-05-02,Microsoft,Analytics Dashboard,3,2915,8745,Manchester
2024-07-01,PwC,AI Platform,8,3059,24472,London
2024-03-12,EY,AI Platform,5,1698,8490,Birmingham
2025-10-16,PwC,Data Warehouse,7,549,3843,Edinburgh
2024-02-05,Infosys,AI Platform,8,4844,38752,Edinburgh
2025-04-12,Amazon,Cloud Suite,8,3273,26184,Manchester
2024-06-06,Barclays,Cloud Suite,4,1914,7656,Manchester
2025-06-29,KPMG,Analytics Dashboard,2,2695,5390,Leeds
2025-05-19,HSBC,Cloud Suite,7,3955,27685,Leeds
2024-02-01,Barclays,Cloud Suite,9,4474,40266,Leeds
2024-05-28,TCS,CRM Software,2,2170,4340,Edinburgh
2024-05-10,Deloitte,Data Warehouse,6,2362,14172,Birmingham
2025-03-17,Microsoft,AI Platform,9,2476,22284,London
2024-01-20,Google,Cloud Suite,6,4293,25758,Manchester
2025-04-27,Infosys,CRM Software,1,1450,1450,Leeds
2024-12-19,PwC,Data Warehouse,1,4726,4726,Birmingham
2024-11-19,Google,AI Platform,4,1555,6220,London
2025-04-27,Barclays,Analytics Dashboard,2,3320,6640,London
2025-08-26,KPMG,Analytics Dashboard,2,1301,2602,Edinburgh
2024-10-12,KPMG,AI Platform,3,4550,13650,London
2024-06-28,Amazon,CRM Software,1,2628,2628,London
2025-03-09,Amazon,Analytics Dashboard,1,1239,1239,Manchester
2025-04-24,EY,Analytics Dashboard,7,4559,31913,Manchester
2024-04-14,Amazon,Data Warehouse,9,4322,38898,Birmingham
2025-03-30,Barclays,Analytics Dashboard,9,2532,22788,Edinburgh
2024-08-05,Amazon,CRM Software,2,2160,4320,Birmingham
2024-12-19,Accenture,Analytics Dashboard,4,3172,12688,Edinburgh
2025-05-03,TCS,CRM Software,6,3830,22980,Leeds
2025-07-28,EY,Cloud Suite,4,4325,17300,Leeds
2025-10-09,Google,AI Platform,2,2615,5230,London
2025-04-14,Amazon,AI Platform,7,1329,9303,Manchester
2025-01-12,TCS,Analytics Dashboard,3,1286,3858,Birmingham
2024-08-23,KPMG,Analytics Dashboard,4,4108,16432,London
2024-01-21,KPMG,AI Platform,2,2654,5308,Birmingham
2025-11-19,Deloitte,Cloud Suite,2,3330,6660,Birmingham
2025-12-28,TCS,Data Warehouse,3,720,2160,Manchester
2024-03-17,Google,CRM Software,2,1866,3732,Leeds
2024-10-20,Microsoft,Data Warehouse,8,2868,22944,Manchester
2025-06-12,EY,AI Platform,5,1806,9030,London
2024-08-20,Amazon,Data Warehouse,1,3885,3885,Edinburgh
2025-01-14,Deloitte,CRM Software,5,3336,16680,London
2024-06-07,Google,Analytics Dashboard,6,4677,28062,London
2024-01-18,Deloitte,AI Platform,4,4616,18464,Edinburgh
2025-08-28,EY,AI Platform,5,1132,5660,Leeds
2025-10-26,HSBC,AI Platform,4,2768,11072,Leeds
2024-11-01,PwC,Data Warehouse,8,2497,19976,London
2025-09-01,EY,Analytics Dashboard,6,3254,19524,Birmingham
2024-09-18,Microsoft,Data Warehouse,5,4856,24280,Birmingham
2025-03-22,Microsoft,CRM Software,9,3142,28278,Leeds
2024-10-05,Google,CRM Software,9,4680,42120,Edinburgh
2025-01-24,Accenture,Analytics Dashboard,4,3789,15156,Manchester
2024-02-26,TCS,Cloud Suite,3,2476,7428,London
2024-04-26,PwC,Analytics Dashboard,1,3451,3451,Birmingham
2024-02-05,HSBC,CRM Software,2,1934,3868,Manchester
2024-02-11,PwC,AI Platform,8,2971,23768,Birmingham
2024-02-02,TCS,AI Platform,2,747,1494,Manchester
2024-12-23,Barclays,AI Platform,2,2760,5520,Birmingham
2025-05-28,Amazon,Cloud Suite,7,1540,10780,Birmingham
2024-06-25,PwC,Cloud Suite,6,3344,20064,Manchester
2024-12-28,Microsoft,Data Warehouse,4,4058,16232,Manchester
2024-08-04,HSBC,CRM Software,2,3270,6540,Manchester
2025-02-15,Microsoft,Analytics Dashboard,5,1421,7105,London
2025-11-27,Infosys,Data Warehouse,1,4109,4109,Edinburgh
2025-11-19,Accenture,Analytics Dashboard,1,2002,2002,Edinburgh
2024-09-23,Accenture,Data Warehouse,5,553,2765,London
2025-01-29,Deloitte,CRM Software,2,4691,9382,Birmingham
2024-06-22,Microsoft,CRM Software,7,1209,8463,Manchester
2024-11-02,Amazon,AI Platform,7,2213,15491,Edinburgh
2024-08-07,TCS,Data Warehouse,7,4753,33271,London
2024-10-15,Microsoft,AI Platform,9,4874,43866,Leeds
2025-04-19,Deloitte,Analytics Dashboard,6,2210,13260,London
2024-03-24,Microsoft,Data Warehouse,8,4233,33864,Birmingham
2025-09-22,TCS,Cloud Suite,5,3076,15380,Leeds
2025-09-20,PwC,Analytics Dashboard,6,1742,10452,London
2025-02-24,HSBC,CRM Software,3,2601,7803,Birmingham
2025-10-31,Accenture,CRM Software,1,926,926,Manchester
2024-10-18,Accenture,AI Platform,8,4174,33392,Manchester
2025-12-22,Deloitte,Data Warehouse,5,3157,15785,Leeds
2024-03-30,Barclays,Data Warehouse,5,4090,20450,Edinburgh
2025-07-18,TCS,CRM Software,8,2548,20384,Birmingham
2024-12-02,Amazon,Analytics Dashboard,6,4002,24012,Birmingham
2024-05-02,Microsoft,Analytics Dashboard,4,3776,15104,Manchester
2025-01-24,KPMG,AI Platform,7,2035,14245,Leeds
2024-08-13,HSBC,AI Platform,2,528,1056,Leeds
